ISO-10303-21;
HEADER;
/* Generated by software containing ST-Developer
 * from STEP Tools, Inc. (www.steptools.com) 
 */
/* OPTION: using custom renumber hook */

FILE_DESCRIPTION(
/* description */ ('STEP AP242 Edition 2',
'CAx-IF Rec.Pracs.---Representation and Presentation of Product Manufa
cturing Information (PMI)---4.0---2014-10-13',
'CAx-IF Rec.Pracs.---3D Tessellated Geometry---0.4---2014-09-14','2;1',
'CAx-IF Rec.Pracs.---User Defined Attributes---1.5---2016-08-15'),
/* implementation_level */ '2;1');

FILE_NAME(
/* name */ 'Chassis',
/* time_stamp */ '2026-09-01T19:46:09Z',
/* author */ (''),
/* organization */ (''),
/* preprocessor_version */ 'ST-DEVELOPER v20',
/* originating_system */ 'ONSHAPE BY PTC INC, 1.220',
/* authorisation */ '  ');

FILE_SCHEMA (('AP242_MANAGED_MODEL_BASED_3D_ENGINEERING_MIM_LF { 1 0 10303 442 3 1 4 }'));
ENDSEC;

DATA;
#10=SHAPE_REPRESENTATION_RELATIONSHIP('','',#2680,#11);
#11=ADVANCED_BREP_SHAPE_REPRESENTATION('',(#2678),#4358);
#12=B_SPLINE_SURFACE_WITH_KNOTS('',3,1,((#3887,#3888),(#3889,#3890),(#3891,
#3892),(#3893,#3894)),.SURF_OF_LINEAR_EXTRUSION.,.F.,.F.,.F.,(4,4),(2,2),
(0.,1.),(0.,1.),.PIECEWISE_BEZIER_KNOTS.);
#13=B_SPLINE_SURFACE_WITH_KNOTS('',3,1,((#3925,#3926),(#3927,#3928),(#3929,
#3930),(#3931,#3932)),.SURF_OF_LINEAR_EXTRUSION.,.F.,.F.,.F.,(4,4),(2,2),
(0.,1.),(0.,1.),.PIECEWISE_BEZIER_KNOTS.);
#14=B_SPLINE_SURFACE_WITH_KNOTS('',3,1,((#3942,#3943),(#3944,#3945),(#3946,
#3947),(#3948,#3949)),.SURF_OF_LINEAR_EXTRUSION.,.F.,.F.,.F.,(4,4),(2,2),
(0.,1.),(0.,1.),.PIECEWISE_BEZIER_KNOTS.);
#15=B_SPLINE_SURFACE_WITH_KNOTS('',3,1,((#3981,#3982),(#3983,#3984),(#3985,
#3986),(#3987,#3988)),.SURF_OF_LINEAR_EXTRUSION.,.F.,.F.,.F.,(4,4),(2,2),
(0.,1.),(0.,1.),.PIECEWISE_BEZIER_KNOTS.);
#16=B_SPLINE_SURFACE_WITH_KNOTS('',3,1,((#3994,#3995),(#3996,#3997),(#3998,
#3999),(#4000,#4001)),.SURF_OF_LINEAR_EXTRUSION.,.F.,.F.,.F.,(4,4),(2,2),
(0.,1.),(0.,1.),.PIECEWISE_BEZIER_KNOTS.);
#17=B_SPLINE_SURFACE_WITH_KNOTS('',3,1,((#4007,#4008),(#4009,#4010),(#4011,
#4012),(#4013,#4014)),.SURF_OF_LINEAR_EXTRUSION.,.F.,.F.,.F.,(4,4),(2,2),
(0.,1.),(0.,1.),.PIECEWISE_BEZIER_KNOTS.);
#18=B_SPLINE_SURFACE_WITH_KNOTS('',3,1,((#4020,#4021),(#4022,#4023),(#4024,
#4025),(#4026,#4027)),.SURF_OF_LINEAR_EXTRUSION.,.F.,.F.,.F.,(4,4),(2,2),
(0.,1.),(0.,1.),.PIECEWISE_BEZIER_KNOTS.);
#19=B_SPLINE_SURFACE_WITH_KNOTS('',3,1,((#4031,#4032),(#4033,#4034),(#4035,
#4036),(#4037,#4038)),.SURF_OF_LINEAR_EXTRUSION.,.F.,.F.,.F.,(4,4),(2,2),
(0.,1.),(0.,1.),.PIECEWISE_BEZIER_KNOTS.);
#20=B_SPLINE_SURFACE_WITH_KNOTS('',3,1,((#4116,#4117),(#4118,#4119),(#4120,
#4121),(#4122,#4123)),.SURF_OF_LINEAR_EXTRUSION.,.F.,.F.,.F.,(4,4),(2,2),
(0.,1.),(0.,1.),.PIECEWISE_BEZIER_KNOTS.);
#21=B_SPLINE_SURFACE_WITH_KNOTS('',3,1,((#4133,#4134),(#4135,#4136),(#4137,
#4138),(#4139,#4140)),.SURF_OF_LINEAR_EXTRUSION.,.F.,.F.,.F.,(4,4),(2,2),
(0.,1.),(0.,1.),.PIECEWISE_BEZIER_KNOTS.);
#22=B_SPLINE_SURFACE_WITH_KNOTS('',3,1,((#4150,#4151),(#4152,#4153),(#4154,
#4155),(#4156,#4157)),.SURF_OF_LINEAR_EXTRUSION.,.F.,.F.,.F.,(4,4),(2,2),
(0.,1.),(0.,1.),.PIECEWISE_BEZIER_KNOTS.);
#23=B_SPLINE_SURFACE_WITH_KNOTS('',3,1,((#4181,#4182),(#4183,#4184),(#4185,
#4186),(#4187,#4188)),.SURF_OF_LINEAR_EXTRUSION.,.F.,.F.,.F.,(4,4),(2,2),
(0.,1.),(0.,1.),.PIECEWISE_BEZIER_KNOTS.);
#24=B_SPLINE_SURFACE_WITH_KNOTS('',3,1,((#4194,#4195),(#4196,#4197),(#4198,
#4199),(#4200,#4201)),.SURF_OF_LINEAR_EXTRUSION.,.F.,.F.,.F.,(4,4),(2,2),
(0.,1.),(0.,1.),.PIECEWISE_BEZIER_KNOTS.);
#25=B_SPLINE_SURFACE_WITH_KNOTS('',3,1,((#4207,#4208),(#4209,#4210),(#4211,
#4212),(#4213,#4214)),.SURF_OF_LINEAR_EXTRUSION.,.F.,.F.,.F.,(4,4),(2,2),
(0.,1.),(0.,1.),.PIECEWISE_BEZIER_KNOTS.);
#26=B_SPLINE_SURFACE_WITH_KNOTS('',3,1,((#4220,#4221),(#4222,#4223),(#4224,
#4225),(#4226,#4227)),.SURF_OF_LINEAR_EXTRUSION.,.F.,.F.,.F.,(4,4),(2,2),
(0.,1.),(0.,1.),.PIECEWISE_BEZIER_KNOTS.);
#27=B_SPLINE_SURFACE_WITH_KNOTS('',3,1,((#4233,#4234),(#4235,#4236),(#4237,
#4238),(#4239,#4240)),.SURF_OF_LINEAR_EXTRUSION.,.F.,.F.,.F.,(4,4),(2,2),
(0.,1.),(0.,1.),.PIECEWISE_BEZIER_KNOTS.);
#28=B_SPLINE_SURFACE_WITH_KNOTS('',3,1,((#4264,#4265),(#4266,#4267),(#4268,
#4269),(#4270,#4271)),.SURF_OF_LINEAR_EXTRUSION.,.F.,.F.,.F.,(4,4),(2,2),
(0.,1.),(0.,1.),.PIECEWISE_BEZIER_KNOTS.);
#29=CYLINDRICAL_SURFACE('',#2705,0.00236359190120889);
#30=CYLINDRICAL_SURFACE('',#2708,0.00236359190120889);
#31=CYLINDRICAL_SURFACE('',#2784,0.003);
#32=CYLINDRICAL_SURFACE('',#2785,0.00212163140333688);
#33=CYLINDRICAL_SURFACE('',#2786,0.00175);
#34=CYLINDRICAL_SURFACE('',#2787,0.00175);
#35=CYLINDRICAL_SURFACE('',#2798,0.00703770845100164);
#36=CYLINDRICAL_SURFACE('',#2803,0.00703770845100164);
#37=B_SPLINE_CURVE_WITH_KNOTS('',2,(#3476,#3477,#3478),.UNSPECIFIED.,.F.,
 .F.,(3,3),(0.,1.),.PIECEWISE_BEZIER_KNOTS.);
#38=B_SPLINE_CURVE_WITH_KNOTS('',2,(#3480,#3481,#3482),.UNSPECIFIED.,.F.,
 .F.,(3,3),(0.,1.),.PIECEWISE_BEZIER_KNOTS.);
#39=B_SPLINE_CURVE_WITH_KNOTS('',2,(#3484,#3485,#3486),.UNSPECIFIED.,.F.,
 .F.,(3,3),(0.,1.),.PIECEWISE_BEZIER_KNOTS.);
#40=B_SPLINE_CURVE_WITH_KNOTS('',2,(#3488,#3489,#3490),.UNSPECIFIED.,.F.,
 .F.,(3,3),(0.,1.),.PIECEWISE_BEZIER_KNOTS.);
#41=B_SPLINE_CURVE_WITH_KNOTS('',2,(#3512,#3513,#3514),.UNSPECIFIED.,.F.,
 .F.,(3,3),(0.,1.),.PIECEWISE_BEZIER_KNOTS.);
#42=B_SPLINE_CURVE_WITH_KNOTS('',2,(#3516,#3517,#3518),.UNSPECIFIED.,.F.,
 .F.,(3,3),(0.,1.),.PIECEWISE_BEZIER_KNOTS.);
#43=B_SPLINE_CURVE_WITH_KNOTS('',2,(#3520,#3521,#3522),.UNSPECIFIED.,.F.,
 .F.,(3,3),(0.,1.),.PIECEWISE_BEZIER_KNOTS.);
#44=B_SPLINE_CURVE_WITH_KNOTS('',2,(#3524,#3525,#3526),.UNSPECIFIED.,.F.,
 .F.,(3,3),(0.,1.),.PIECEWISE_BEZIER_KNOTS.);
#45=B_SPLINE_CURVE_WITH_KNOTS('',2,(#3528,#3529,#3530),.UNSPECIFIED.,.F.,
 .F.,(3,3),(0.,1.),.PIECEWISE_BEZIER_KNOTS.);
#46=B_SPLINE_CURVE_WITH_KNOTS('',2,(#3895,#3896,#3897),.UNSPECIFIED.,.F.,
 .F.,(3,3),(0.,1.),.PIECEWISE_BEZIER_KNOTS.);
#47=B_SPLINE_CURVE_WITH_KNOTS('',2,(#3902,#3903,#3904),.UNSPECIFIED.,.F.,
 .F.,(3,3),(0.,1.),.PIECEWISE_BEZIER_KNOTS.);
#48=B_SPLINE_CURVE_WITH_KNOTS('',2,(#3933,#3934,#3935),.UNSPECIFIED.,.F.,
 .F.,(3,3),(0.,1.),.PIECEWISE_BEZIER_KNOTS.);
#49=B_SPLINE_CURVE_WITH_KNOTS('',2,(#3939,#3940,#3941),.UNSPECIFIED.,.F.,
 .F.,(3,3),(0.,1.),.PIECEWISE_BEZIER_KNOTS.);
#50=B_SPLINE_CURVE_WITH_KNOTS('',2,(#3950,#3951,#3952),.UNSPECIFIED.,.F.,
 .F.,(3,3),(0.,1.),.PIECEWISE_BEZIER_KNOTS.);
#51=B_SPLINE_CURVE_WITH_KNOTS('',2,(#3956,#3957,#3958),.UNSPECIFIED.,.F.,
 .F.,(3,3),(0.,1.),.PIECEWISE_BEZIER_KNOTS.);
#52=B_SPLINE_CURVE_WITH_KNOTS('',2,(#3991,#3992,#3993),.UNSPECIFIED.,.F.,
 .F.,(3,3),(0.,1.),.PIECEWISE_BEZIER_KNOTS.);
#53=B_SPLINE_CURVE_WITH_KNOTS('',2,(#4004,#4005,#4006),.UNSPECIFIED.,.F.,
 .F.,(3,3),(0.,1.),.PIECEWISE_BEZIER_KNOTS.);
#54=B_SPLINE_CURVE_WITH_KNOTS('',2,(#4017,#4018,#4019),.UNSPECIFIED.,.F.,
 .F.,(3,3),(0.,1.),.PIECEWISE_BEZIER_KNOTS.);
#55=B_SPLINE_CURVE_WITH_KNOTS('',2,(#4028,#4029,#4030),.UNSPECIFIED.,.F.,
 .F.,(3,3),(0.,1.),.PIECEWISE_BEZIER_KNOTS.);
#56=B_SPLINE_CURVE_WITH_KNOTS('',2,(#4039,#4040,#4041),.UNSPECIFIED.,.F.,
 .F.,(3,3),(0.,1.),.PIECEWISE_BEZIER_KNOTS.);
#57=B_SPLINE_CURVE_WITH_KNOTS('',2,(#4042,#4043,#4044),.UNSPECIFIED.,.F.,
 .F.,(3,3),(0.,1.),.PIECEWISE_BEZIER_KNOTS.);
#58=B_SPLINE_CURVE_WITH_KNOTS('',2,(#4124,#4125,#4126),.UNSPECIFIED.,.F.,
 .F.,(3,3),(0.,1.),.PIECEWISE_BEZIER_KNOTS.);
#59=B_SPLINE_CURVE_WITH_KNOTS('',2,(#4130,#4131,#4132),.UNSPECIFIED.,.F.,
 .F.,(3,3),(0.,1.),.PIECEWISE_BEZIER_KNOTS.);
#60=B_SPLINE_CURVE_WITH_KNOTS('',2,(#4141,#4142,#4143),.UNSPECIFIED.,.F.,
 .F.,(3,3),(0.,1.),.PIECEWISE_BEZIER_KNOTS.);
#61=B_SPLINE_CURVE_WITH_KNOTS('',2,(#4147,#4148,#4149),.UNSPECIFIED.,.F.,
 .F.,(3,3),(0.,1.),.PIECEWISE_BEZIER_KNOTS.);
#62=B_SPLINE_CURVE_WITH_KNOTS('',2,(#4158,#4159,#4160),.UNSPECIFIED.,.F.,
 .F.,(3,3),(0.,1.),.PIECEWISE_BEZIER_KNOTS.);
#63=B_SPLINE_CURVE_WITH_KNOTS('',2,(#4164,#4165,#4166),.UNSPECIFIED.,.F.,
 .F.,(3,3),(0.,1.),.PIECEWISE_BEZIER_KNOTS.);
#64=B_SPLINE_CURVE_WITH_KNOTS('',2,(#4191,#4192,#4193),.UNSPECIFIED.,.F.,
 .F.,(3,3),(0.,1.),.PIECEWISE_BEZIER_KNOTS.);
#65=B_SPLINE_CURVE_WITH_KNOTS('',2,(#4204,#4205,#4206),.UNSPECIFIED.,.F.,
 .F.,(3,3),(0.,1.),.PIECEWISE_BEZIER_KNOTS.);
#66=B_SPLINE_CURVE_WITH_KNOTS('',2,(#4217,#4218,#4219),.UNSPECIFIED.,.F.,
 .F.,(3,3),(0.,1.),.PIECEWISE_BEZIER_KNOTS.);
#67=B_SPLINE_CURVE_WITH_KNOTS('',2,(#4230,#4231,#4232),.UNSPECIFIED.,.F.,
 .F.,(3,3),(0.,1.),.PIECEWISE_BEZIER_KNOTS.);
#68=B_SPLINE_CURVE_WITH_KNOTS('',2,(#4243,#4244,#4245),.UNSPECIFIED.,.F.,
 .F.,(3,3),(0.,1.),.PIECEWISE_BEZIER_KNOTS.);
#69=B_SPLINE_CURVE_WITH_KNOTS('',2,(#4272,#4273,#4274),.UNSPECIFIED.,.F.,
 .F.,(3,3),(0.,1.),.PIECEWISE_BEZIER_KNOTS.);
#70=B_SPLINE_CURVE_WITH_KNOTS('',2,(#4275,#4276,#4277),.UNSPECIFIED.,.F.,
 .F.,(3,3),(0.,1.),.PIECEWISE_BEZIER_KNOTS.);
#71=LINE('',#3425,#388);
#72=LINE('',#3428,#389);
#73=LINE('',#3430,#390);
#74=LINE('',#3432,#391);
#75=LINE('',#3434,#392);
#76=LINE('',#3436,#393);
#77=LINE('',#3438,#394);
#78=LINE('',#3440,#395);
#79=LINE('',#3442,#396);
#80=LINE('',#3444,#397);
#81=LINE('',#3446,#398);
#82=LINE('',#3448,#399);
#83=LINE('',#3449,#400);
#84=LINE('',#3452,#401);
#85=LINE('',#3454,#402);
#86=LINE('',#3456,#403);
#87=LINE('',#3458,#404);
#88=LINE('',#3460,#405);
#89=LINE('',#3462,#406);
#90=LINE('',#3464,#407);
#91=LINE('',#3466,#408);
#92=LINE('',#3468,#409);
#93=LINE('',#3470,#410);
#94=LINE('',#3472,#411);
#95=LINE('',#3473,#412);
#96=LINE('',#3492,#413);
#97=LINE('',#3494,#414);
#98=LINE('',#3496,#415);
#99=LINE('',#3498,#416);
#100=LINE('',#3499,#417);
#101=LINE('',#3502,#418);
#102=LINE('',#3504,#419);
#103=LINE('',#3506,#420);
#104=LINE('',#3508,#421);
#105=LINE('',#3510,#422);
#106=LINE('',#3532,#423);
#107=LINE('',#3534,#424);
#108=LINE('',#3536,#425);
#109=LINE('',#3539,#426);
#110=LINE('',#3541,#427);
#111=LINE('',#3543,#428);
#112=LINE('',#3545,#429);
#113=LINE('',#3547,#430);
#114=LINE('',#3549,#431);
#115=LINE('',#3551,#432);
#116=LINE('',#3555,#433);
#117=LINE('',#3558,#434);
#118=LINE('',#3560,#435);
#119=LINE('',#3562,#436);
#120=LINE('',#3564,#437);
#121=LINE('',#3566,#438);
#122=LINE('',#3568,#439);
#123=LINE('',#3570,#440);
#124=LINE('',#3572,#441);
#125=LINE('',#3574,#442);
#126=LINE('',#3576,#443);
#127=LINE('',#3578,#444);
#128=LINE('',#3582,#445);
#129=LINE('',#3584,#446);
#130=LINE('',#3586,#447);
#131=LINE('',#3588,#448);
#132=LINE('',#3590,#449);
#133=LINE('',#3592,#450);
#134=LINE('',#3594,#451);
#135=LINE('',#3596,#452);
#136=LINE('',#3598,#453);
#137=LINE('',#3600,#454);
#138=LINE('',#3602,#455);
#139=LINE('',#3612,#456);
#140=LINE('',#3614,#457);
#141=LINE('',#3616,#458);
#142=LINE('',#3618,#459);
#143=LINE('',#3620,#460);
#144=LINE('',#3622,#461);
#145=LINE('',#3624,#462);
#146=LINE('',#3626,#463);
#147=LINE('',#3627,#464);
#148=LINE('',#3629,#465);
#149=LINE('',#3631,#466);
#150=LINE('',#3632,#467);
#151=LINE('',#3634,#468);
#152=LINE('',#3636,#469);
#153=LINE('',#3638,#470);
#154=LINE('',#3640,#471);
#155=LINE('',#3642,#472);
#156=LINE('',#3644,#473);
#157=LINE('',#3645,#474);
#158=LINE('',#3646,#475);
#159=LINE('',#3648,#476);
#160=LINE('',#3650,#477);
#161=LINE('',#3651,#478);
#162=LINE('',#3654,#479);
#163=LINE('',#3656,#480);
#164=LINE('',#3658,#481);
#165=LINE('',#3660,#482);
#166=LINE('',#3663,#483);
#167=LINE('',#3665,#484);
#168=LINE('',#3666,#485);
#169=LINE('',#3668,#486);
#170=LINE('',#3670,#487);
#171=LINE('',#3672,#488);
#172=LINE('',#3674,#489);
#173=LINE('',#3675,#490);
#174=LINE('',#3676,#491);
#175=LINE('',#3679,#492);
#176=LINE('',#3681,#493);
#177=LINE('',#3683,#494);
#178=LINE('',#3685,#495);
#179=LINE('',#3687,#496);
#180=LINE('',#3689,#497);
#181=LINE('',#3691,#498);
#182=LINE('',#3693,#499);
#183=LINE('',#3695,#500);
#184=LINE('',#3697,#501);
#185=LINE('',#3699,#502);
#186=LINE('',#3701,#503);
#187=LINE('',#3703,#504);
#188=LINE('',#3705,#505);
#189=LINE('',#3707,#506);
#190=LINE('',#3709,#507);
#191=LINE('',#3710,#508);
#192=LINE('',#3712,#509);
#193=LINE('',#3715,#510);
#194=LINE('',#3716,#511);
#195=LINE('',#3718,#512);
#196=LINE('',#3720,#513);
#197=LINE('',#3721,#514);
#198=LINE('',#3723,#515);
#199=LINE('',#3725,#516);
#200=LINE('',#3726,#517);
#201=LINE('',#3728,#518);
#202=LINE('',#3730,#519);
#203=LINE('',#3731,#520);
#204=LINE('',#3736,#521);
#205=LINE('',#3737,#522);
#206=LINE('',#3742,#523);
#207=LINE('',#3745,#524);
#208=LINE('',#3747,#525);
#209=LINE('',#3749,#526);
#210=LINE('',#3750,#527);
#211=LINE('',#3753,#528);
#212=LINE('',#3755,#529);
#213=LINE('',#3757,#530);
#214=LINE('',#3760,#531);
#215=LINE('',#3763,#532);
#216=LINE('',#3764,#533);
#217=LINE('',#3766,#534);
#218=LINE('',#3769,#535);
#219=LINE('',#3771,#536);
#220=LINE('',#3773,#537);
#221=LINE('',#3774,#538);
#222=LINE('',#3777,#539);
#223=LINE('',#3779,#540);
#224=LINE('',#3781,#541);
#225=LINE('',#3784,#542);
#226=LINE('',#3786,#543);
#227=LINE('',#3788,#544);
#228=LINE('',#3790,#545);
#229=LINE('',#3792,#546);
#230=LINE('',#3794,#547);
#231=LINE('',#3796,#548);
#232=LINE('',#3797,#549);
#233=LINE('',#3801,#550);
#234=LINE('',#3802,#551);
#235=LINE('',#3804,#552);
#236=LINE('',#3805,#553);
#237=LINE('',#3807,#554);
#238=LINE('',#3809,#555);
#239=LINE('',#3811,#556);
#240=LINE('',#3813,#557);
#241=LINE('',#3815,#558);
#242=LINE('',#3817,#559);
#243=LINE('',#3819,#560);
#244=LINE('',#3821,#561);
#245=LINE('',#3823,#562);
#246=LINE('',#3825,#563);
#247=LINE('',#3827,#564);
#248=LINE('',#3829,#565);
#249=LINE('',#3832,#566);
#250=LINE('',#3833,#567);
#251=LINE('',#3835,#568);
#252=LINE('',#3837,#569);
#253=LINE('',#3839,#570);
#254=LINE('',#3841,#571);
#255=LINE('',#3842,#572);
#256=LINE('',#3845,#573);
#257=LINE('',#3847,#574);
#258=LINE('',#3849,#575);
#259=LINE('',#3851,#576);
#260=LINE('',#3853,#577);
#261=LINE('',#3854,#578);
#262=LINE('',#3857,#579);
#263=LINE('',#3859,#580);
#264=LINE('',#3861,#581);
#265=LINE('',#3863,#582);
#266=LINE('',#3865,#583);
#267=LINE('',#3867,#584);
#268=LINE('',#3868,#585);
#269=LINE('',#3870,#586);
#270=LINE('',#3872,#587);
#271=LINE('',#3873,#588);
#272=LINE('',#3875,#589);
#273=LINE('',#3878,#590);
#274=LINE('',#3880,#591);
#275=LINE('',#3883,#592);
#276=LINE('',#3885,#593);
#277=LINE('',#3900,#594);
#278=LINE('',#3906,#595);
#279=LINE('',#3908,#596);
#280=LINE('',#3910,#597);
#281=LINE('',#3912,#598);
#282=LINE('',#3914,#599);
#283=LINE('',#3916,#600);
#284=LINE('',#3918,#601);
#285=LINE('',#3920,#602);
#286=LINE('',#3922,#603);
#287=LINE('',#3924,#604);
#288=LINE('',#3937,#605);
#289=LINE('',#3954,#606);
#290=LINE('',#3960,#607);
#291=LINE('',#3962,#608);
#292=LINE('',#3964,#609);
#293=LINE('',#3966,#610);
#294=LINE('',#3968,#611);
#295=LINE('',#3970,#612);
#296=LINE('',#3972,#613);
#297=LINE('',#3974,#614);
#298=LINE('',#3976,#615);
#299=LINE('',#3978,#616);
#300=LINE('',#3980,#617);
#301=LINE('',#3989,#618);
#302=LINE('',#4002,#619);
#303=LINE('',#4015,#620);
#304=LINE('',#4047,#621);
#305=LINE('',#4049,#622);
#306=LINE('',#4051,#623);
#307=LINE('',#4053,#624);
#308=LINE('',#4055,#625);
#309=LINE('',#4057,#626);
#310=LINE('',#4059,#627);
#311=LINE('',#4061,#628);
#312=LINE('',#4063,#629);
#313=LINE('',#4065,#630);
#314=LINE('',#4067,#631);
#315=LINE('',#4069,#632);
#316=LINE('',#4071,#633);
#317=LINE('',#4073,#634);
#318=LINE('',#4075,#635);
#319=LINE('',#4077,#636);
#320=LINE('',#4079,#637);
#321=LINE('',#4081,#638);
#322=LINE('',#4083,#639);
#323=LINE('',#4085,#640);
#324=LINE('',#4087,#641);
#325=LINE('',#4089,#642);
#326=LINE('',#4091,#643);
#327=LINE('',#4093,#644);
#328=LINE('',#4096,#645);
#329=LINE('',#4099,#646);
#330=LINE('',#4101,#647);
#331=LINE('',#4103,#648);
#332=LINE('',#4105,#649);
#333=LINE('',#4107,#650);
#334=LINE('',#4109,#651);
#335=LINE('',#4111,#652);
#336=LINE('',#4113,#653);
#337=LINE('',#4115,#654);
#338=LINE('',#4128,#655);
#339=LINE('',#4145,#656);
#340=LINE('',#4162,#657);
#341=LINE('',#4168,#658);
#342=LINE('',#4170,#659);
#343=LINE('',#4172,#660);
#344=LINE('',#4174,#661);
#345=LINE('',#4176,#662);
#346=LINE('',#4178,#663);
#347=LINE('',#4180,#664);
#348=LINE('',#4189,#665);
#349=LINE('',#4202,#666);
#350=LINE('',#4215,#667);
#351=LINE('',#4228,#668);
#352=LINE('',#4241,#669);
#353=LINE('',#4247,#670);
#354=LINE('',#4249,#671);
#355=LINE('',#4251,#672);
#356=LINE('',#4253,#673);
#357=LINE('',#4255,#674);
#358=LINE('',#4257,#675);
#359=LINE('',#4259,#676);
#360=LINE('',#4261,#677);
#361=LINE('',#4263,#678);
#362=LINE('',#4282,#679);
#363=LINE('',#4284,#680);
#364=LINE('',#4286,#681);
#365=LINE('',#4288,#682);
#366=LINE('',#4294,#683);
#367=LINE('',#4296,#684);
#368=LINE('',#4314,#685);
#369=LINE('',#4316,#686);
#370=LINE('',#4318,#687);
#371=LINE('',#4320,#688);
#372=LINE('',#4321,#689);
#373=LINE('',#4325,#690);
#374=LINE('',#4327,#691);
#375=LINE('',#4329,#692);
#376=LINE('',#4331,#693);
#377=LINE('',#4332,#694);
#378=LINE('',#4336,#695);
#379=LINE('',#4338,#696);
#380=LINE('',#4340,#697);
#381=LINE('',#4342,#698);
#382=LINE('',#4343,#699);
#383=LINE('',#4347,#700);
#384=LINE('',#4349,#701);
#385=LINE('',#4351,#702);
#386=LINE('',#4353,#703);
#387=LINE('',#4354,#704);
#388=VECTOR('',#2832,1.);
#389=VECTOR('',#2833,1.);
#390=VECTOR('',#2834,1.);
#391=VECTOR('',#2835,1.);
#392=VECTOR('',#2836,1.);
#393=VECTOR('',#2837,1.);
#394=VECTOR('',#2838,1.);
#395=VECTOR('',#2839,1.);
#396=VECTOR('',#2840,1.);
#397=VECTOR('',#2841,1.);
#398=VECTOR('',#2842,1.);
#399=VECTOR('',#2843,1.);
#400=VECTOR('',#2844,1.);
#401=VECTOR('',#2845,1.);
#402=VECTOR('',#2846,1.);
#403=VECTOR('',#2847,1.);
#404=VECTOR('',#2848,1.);
#405=VECTOR('',#2849,1.);
#406=VECTOR('',#2850,1.);
#407=VECTOR('',#2851,1.);
#408=VECTOR('',#2852,1.);
#409=VECTOR('',#2853,1.);
#410=VECTOR('',#2854,1.);
#411=VECTOR('',#2855,1.);
#412=VECTOR('',#2856,1.);
#413=VECTOR('',#2857,1.);
#414=VECTOR('',#2858,1.);
#415=VECTOR('',#2859,1.);
#416=VECTOR('',#2860,1.);
#417=VECTOR('',#2861,1.);
#418=VECTOR('',#2862,1.);
#419=VECTOR('',#2863,1.);
#420=VECTOR('',#2864,1.);
#421=VECTOR('',#2865,1.);
#422=VECTOR('',#2866,1.);
#423=VECTOR('',#2867,1.);
#424=VECTOR('',#2868,1.);
#425=VECTOR('',#2871,1.);
#426=VECTOR('',#2872,1.);
#427=VECTOR('',#2873,1.);
#428=VECTOR('',#2874,1.);
#429=VECTOR('',#2875,1.);
#430=VECTOR('',#2876,1.);
#431=VECTOR('',#2877,1.);
#432=VECTOR('',#2878,1.);
#433=VECTOR('',#2883,1.);
#434=VECTOR('',#2884,1.);
#435=VECTOR('',#2885,1.);
#436=VECTOR('',#2886,1.);
#437=VECTOR('',#2887,1.);
#438=VECTOR('',#2888,1.);
#439=VECTOR('',#2889,1.);
#440=VECTOR('',#2890,1.);
#441=VECTOR('',#2891,1.);
#442=VECTOR('',#2892,1.);
#443=VECTOR('',#2893,1.);
#444=VECTOR('',#2894,1.);
#445=VECTOR('',#2899,1.);
#446=VECTOR('',#2900,1.);
#447=VECTOR('',#2901,1.);
#448=VECTOR('',#2902,1.);
#449=VECTOR('',#2903,1.);
#450=VECTOR('',#2904,1.);
#451=VECTOR('',#2905,1.);
#452=VECTOR('',#2906,1.);
#453=VECTOR('',#2907,1.);
#454=VECTOR('',#2908,1.);
#455=VECTOR('',#2909,1.);
#456=VECTOR('',#2920,1.);
#457=VECTOR('',#2921,1.);
#458=VECTOR('',#2922,1.);
#459=VECTOR('',#2923,1.);
#460=VECTOR('',#2924,1.);
#461=VECTOR('',#2925,1.);
#462=VECTOR('',#2926,1.);
#463=VECTOR('',#2927,1.);
#464=VECTOR('',#2928,1.);
#465=VECTOR('',#2929,1.);
#466=VECTOR('',#2930,1.);
#467=VECTOR('',#2931,1.);
#468=VECTOR('',#2932,1.);
#469=VECTOR('',#2933,1.);
#470=VECTOR('',#2934,1.);
#471=VECTOR('',#2935,1.);
#472=VECTOR('',#2936,1.);
#473=VECTOR('',#2937,1.);
#474=VECTOR('',#2938,1.);
#475=VECTOR('',#2939,1.);
#476=VECTOR('',#2940,1.);
#477=VECTOR('',#2941,1.);
#478=VECTOR('',#2942,1.);
#479=VECTOR('',#2943,1.);
#480=VECTOR('',#2944,1.);
#481=VECTOR('',#2945,1.);
#482=VECTOR('',#2948,1.);
#483=VECTOR('',#2949,1.);
#484=VECTOR('',#2950,1.);
#485=VECTOR('',#2951,1.);
#486=VECTOR('',#2952,1.);
#487=VECTOR('',#2953,1.);
#488=VECTOR('',#2954,1.);
#489=VECTOR('',#2957,1.);
#490=VECTOR('',#2958,1.);
#491=VECTOR('',#2959,1.);
#492=VECTOR('',#2960,1.);
#493=VECTOR('',#2961,1.);
#494=VECTOR('',#2962,1.);
#495=VECTOR('',#2963,1.);
#496=VECTOR('',#2964,1.);
#497=VECTOR('',#2965,1.);
#498=VECTOR('',#2966,1.);
#499=VECTOR('',#2967,1.);
#500=VECTOR('',#2968,1.);
#501=VECTOR('',#2969,1.);
#502=VECTOR('',#2970,1.);
#503=VECTOR('',#2973,1.);
#504=VECTOR('',#2974,1.);
#505=VECTOR('',#2975,1.);
#506=VECTOR('',#2978,1.);
#507=VECTOR('',#2979,1.);
#508=VECTOR('',#2980,1.);
#509=VECTOR('',#2983,1.);
#510=VECTOR('',#2984,1.);
#511=VECTOR('',#2985,1.);
#512=VECTOR('',#2988,1.);
#513=VECTOR('',#2989,1.);
#514=VECTOR('',#2990,1.);
#515=VECTOR('',#2993,1.);
#516=VECTOR('',#2994,1.);
#517=VECTOR('',#2995,1.);
#518=VECTOR('',#2996,1.);
#519=VECTOR('',#2999,1.);
#520=VECTOR('',#3000,1.);
#521=VECTOR('',#3007,1.);
#522=VECTOR('',#3008,1.);
#523=VECTOR('',#3015,1.);
#524=VECTOR('',#3016,1.);
#525=VECTOR('',#3017,1.);
#526=VECTOR('',#3018,1.);
#527=VECTOR('',#3019,1.);
#528=VECTOR('',#3020,1.);
#529=VECTOR('',#3021,1.);
#530=VECTOR('',#3022,1.);
#531=VECTOR('',#3025,1.);
#532=VECTOR('',#3026,1.);
#533=VECTOR('',#3027,1.);
#534=VECTOR('',#3030,1.);
#535=VECTOR('',#3031,1.);
#536=VECTOR('',#3032,1.);
#537=VECTOR('',#3033,1.);
#538=VECTOR('',#3034,1.);
#539=VECTOR('',#3035,1.);
#540=VECTOR('',#3036,1.);
#541=VECTOR('',#3037,1.);
#542=VECTOR('',#3040,1.);
#543=VECTOR('',#3041,1.);
#544=VECTOR('',#3042,1.);
#545=VECTOR('',#3045,1.);
#546=VECTOR('',#3046,1.);
#547=VECTOR('',#3047,1.);
#548=VECTOR('',#3050,1.);
#549=VECTOR('',#3051,1.);
#550=VECTOR('',#3058,1.);
#551=VECTOR('',#3059,1.);
#552=VECTOR('',#3062,1.);
#553=VECTOR('',#3063,1.);
#554=VECTOR('',#3066,1.);
#555=VECTOR('',#3067,1.);
#556=VECTOR('',#3070,1.);
#557=VECTOR('',#3071,1.);
#558=VECTOR('',#3074,1.);
#559=VECTOR('',#3077,1.);
#560=VECTOR('',#3080,1.);
#561=VECTOR('',#3083,1.);
#562=VECTOR('',#3084,1.);
#563=VECTOR('',#3087,1.);
#564=VECTOR('',#3088,1.);
#565=VECTOR('',#3091,1.);
#566=VECTOR('',#3096,1.);
#567=VECTOR('',#3097,1.);
#568=VECTOR('',#3098,1.);
#569=VECTOR('',#3101,1.);
#570=VECTOR('',#3102,1.);
#571=VECTOR('',#3105,1.);
#572=VECTOR('',#3106,1.);
#573=VECTOR('',#3111,1.);
#574=VECTOR('',#3112,1.);
#575=VECTOR('',#3115,1.);
#576=VECTOR('',#3116,1.);
#577=VECTOR('',#3117,1.);
#578=VECTOR('',#3118,1.);
#579=VECTOR('',#3123,1.);
#580=VECTOR('',#3124,1.);
#581=VECTOR('',#3125,1.);
#582=VECTOR('',#3128,1.);
#583=VECTOR('',#3129,1.);
#584=VECTOR('',#3130,1.);
#585=VECTOR('',#3131,1.);
#586=VECTOR('',#3134,1.);
#587=VECTOR('',#3135,1.);
#588=VECTOR('',#3136,1.);
#589=VECTOR('',#3137,1.);
#590=VECTOR('',#3142,1.);
#591=VECTOR('',#3145,1.);
#592=VECTOR('',#3150,1.);
#593=VECTOR('',#3153,1.);
#594=VECTOR('',#3156,1.);
#595=VECTOR('',#3157,1.);
#596=VECTOR('',#3160,1.);
#597=VECTOR('',#3161,1.);
#598=VECTOR('',#3162,1.);
#599=VECTOR('',#3165,1.);
#600=VECTOR('',#3166,1.);
#601=VECTOR('',#3167,1.);
#602=VECTOR('',#3170,1.);
#603=VECTOR('',#3171,1.);
#604=VECTOR('',#3172,1.);
#605=VECTOR('',#3173,1.);
#606=VECTOR('',#3174,1.);
#607=VECTOR('',#3177,1.);
#608=VECTOR('',#3178,1.);
#609=VECTOR('',#3179,1.);
#610=VECTOR('',#3182,1.);
#611=VECTOR('',#3183,1.);
#612=VECTOR('',#3186,1.);
#613=VECTOR('',#3187,1.);
#614=VECTOR('',#3190,1.);
#615=VECTOR('',#3191,1.);
#616=VECTOR('',#3194,1.);
#617=VECTOR('',#3195,1.);
#618=VECTOR('',#3196,1.);
#619=VECTOR('',#3197,1.);
#620=VECTOR('',#3198,1.);
#621=VECTOR('',#3203,1.);
#622=VECTOR('',#3204,1.);
#623=VECTOR('',#3205,1.);
#624=VECTOR('',#3208,1.);
#625=VECTOR('',#3209,1.);
#626=VECTOR('',#3212,1.);
#627=VECTOR('',#3213,1.);
#628=VECTOR('',#3216,1.);
#629=VECTOR('',#3217,1.);
#630=VECTOR('',#3220,1.);
#631=VECTOR('',#3221,1.);
#632=VECTOR('',#3224,1.);
#633=VECTOR('',#3225,1.);
#634=VECTOR('',#3228,1.);
#635=VECTOR('',#3229,1.);
#636=VECTOR('',#3232,1.);
#637=VECTOR('',#3233,1.);
#638=VECTOR('',#3236,1.);
#639=VECTOR('',#3237,1.);
#640=VECTOR('',#3240,1.);
#641=VECTOR('',#3241,1.);
#642=VECTOR('',#3244,1.);
#643=VECTOR('',#3245,1.);
#644=VECTOR('',#3248,1.);
#645=VECTOR('',#3253,1.);
#646=VECTOR('',#3254,1.);
#647=VECTOR('',#3255,1.);
#648=VECTOR('',#3256,1.);
#649=VECTOR('',#3259,1.);
#650=VECTOR('',#3260,1.);
#651=VECTOR('',#3261,1.);
#652=VECTOR('',#3264,1.);
#653=VECTOR('',#3265,1.);
#654=VECTOR('',#3266,1.);
#655=VECTOR('',#3267,1.);
#656=VECTOR('',#3268,1.);
#657=VECTOR('',#3269,1.);
#658=VECTOR('',#3272,1.);
#659=VECTOR('',#3273,1.);
#660=VECTOR('',#3274,1.);
#661=VECTOR('',#3277,1.);
#662=VECTOR('',#3278,1.);
#663=VECTOR('',#3281,1.);
#664=VECTOR('',#3282,1.);
#665=VECTOR('',#3283,1.);
#666=VECTOR('',#3284,1.);
#667=VECTOR('',#3285,1.);
#668=VECTOR('',#3286,1.);
#669=VECTOR('',#3287,1.);
#670=VECTOR('',#3290,1.);
#671=VECTOR('',#3291,1.);
#672=VECTOR('',#3294,1.);
#673=VECTOR('',#3295,1.);
#674=VECTOR('',#3298,1.);
#675=VECTOR('',#3299,1.);
#676=VECTOR('',#3302,1.);
#677=VECTOR('',#3303,1.);
#678=VECTOR('',#3306,1.);
#679=VECTOR('',#3315,1.);
#680=VECTOR('',#3316,1.);
#681=VECTOR('',#3319,1.);
#682=VECTOR('',#3320,1.);
#683=VECTOR('',#3331,1.);
#684=VECTOR('',#3334,1.);
#685=VECTOR('',#3365,1.);
#686=VECTOR('',#3366,1.);
#687=VECTOR('',#3367,1.);
#688=VECTOR('',#3370,1.);
#689=VECTOR('',#3371,1.);
#690=VECTOR('',#3378,1.);
#691=VECTOR('',#3379,1.);
#692=VECTOR('',#3380,1.);
#693=VECTOR('',#3383,1.);
#694=VECTOR('',#3384,1.);
#695=VECTOR('',#3391,1.);
#696=VECTOR('',#3392,1.);
#697=VECTOR('',#3393,1.);
#698=VECTOR('',#3396,1.);
#699=VECTOR('',#3397,1.);
#700=VECTOR('',#3404,1.);
#701=VECTOR('',#3405,1.);
#702=VECTOR('',#3406,1.);
#703=VECTOR('',#3409,1.);
#704=VECTOR('',#3410,1.);
#705=ORIENTED_EDGE('',*,*,#1439,.T.);
#706=ORIENTED_EDGE('',*,*,#1440,.T.);
#707=ORIENTED_EDGE('',*,*,#1441,.T.);
#708=ORIENTED_EDGE('',*,*,#1442,.T.);
#709=ORIENTED_EDGE('',*,*,#1443,.T.);
#710=ORIENTED_EDGE('',*,*,#1444,.T.);
#711=ORIENTED_EDGE('',*,*,#1445,.T.);
#712=ORIENTED_EDGE('',*,*,#1446,.T.);
#713=ORIENTED_EDGE('',*,*,#1447,.T.);
#714=ORIENTED_EDGE('',*,*,#1448,.T.);
#715=ORIENTED_EDGE('',*,*,#1449,.T.);
#716=ORIENTED_EDGE('',*,*,#1450,.T.);
#717=ORIENTED_EDGE('',*,*,#1451,.T.);
#718=ORIENTED_EDGE('',*,*,#1452,.T.);
#719=ORIENTED_EDGE('',*,*,#1453,.T.);
#720=ORIENTED_EDGE('',*,*,#1454,.T.);
#721=ORIENTED_EDGE('',*,*,#1455,.T.);
#722=ORIENTED_EDGE('',*,*,#1456,.T.);
#723=ORIENTED_EDGE('',*,*,#1457,.T.);
#724=ORIENTED_EDGE('',*,*,#1458,.T.);
#725=ORIENTED_EDGE('',*,*,#1459,.F.);
#726=ORIENTED_EDGE('',*,*,#1460,.T.);
#727=ORIENTED_EDGE('',*,*,#1461,.F.);
#728=ORIENTED_EDGE('',*,*,#1462,.T.);
#729=ORIENTED_EDGE('',*,*,#1463,.T.);
#730=ORIENTED_EDGE('',*,*,#1464,.T.);
#731=ORIENTED_EDGE('',*,*,#1465,.T.);
#732=ORIENTED_EDGE('',*,*,#1466,.T.);
#733=ORIENTED_EDGE('',*,*,#1467,.T.);
#734=ORIENTED_EDGE('',*,*,#1468,.T.);
#735=ORIENTED_EDGE('',*,*,#1469,.T.);
#736=ORIENTED_EDGE('',*,*,#1470,.T.);
#737=ORIENTED_EDGE('',*,*,#1471,.T.);
#738=ORIENTED_EDGE('',*,*,#1472,.T.);
#739=ORIENTED_EDGE('',*,*,#1473,.T.);
#740=ORIENTED_EDGE('',*,*,#1474,.T.);
#741=ORIENTED_EDGE('',*,*,#1475,.T.);
#742=ORIENTED_EDGE('',*,*,#1476,.T.);
#743=ORIENTED_EDGE('',*,*,#1477,.T.);
#744=ORIENTED_EDGE('',*,*,#1478,.T.);
#745=ORIENTED_EDGE('',*,*,#1479,.T.);
#746=ORIENTED_EDGE('',*,*,#1480,.T.);
#747=ORIENTED_EDGE('',*,*,#1481,.T.);
#748=ORIENTED_EDGE('',*,*,#1482,.T.);
#749=ORIENTED_EDGE('',*,*,#1483,.T.);
#750=ORIENTED_EDGE('',*,*,#1484,.T.);
#751=ORIENTED_EDGE('',*,*,#1485,.T.);
#752=ORIENTED_EDGE('',*,*,#1486,.T.);
#753=ORIENTED_EDGE('',*,*,#1487,.T.);
#754=ORIENTED_EDGE('',*,*,#1488,.T.);
#755=ORIENTED_EDGE('',*,*,#1489,.F.);
#756=ORIENTED_EDGE('',*,*,#1490,.F.);
#757=ORIENTED_EDGE('',*,*,#1491,.F.);
#758=ORIENTED_EDGE('',*,*,#1492,.F.);
#759=ORIENTED_EDGE('',*,*,#1493,.F.);
#760=ORIENTED_EDGE('',*,*,#1494,.F.);
#761=ORIENTED_EDGE('',*,*,#1495,.T.);
#762=ORIENTED_EDGE('',*,*,#1496,.F.);
#763=ORIENTED_EDGE('',*,*,#1497,.T.);
#764=ORIENTED_EDGE('',*,*,#1498,.F.);
#765=ORIENTED_EDGE('',*,*,#1499,.T.);
#766=ORIENTED_EDGE('',*,*,#1500,.T.);
#767=ORIENTED_EDGE('',*,*,#1501,.T.);
#768=ORIENTED_EDGE('',*,*,#1502,.F.);
#769=ORIENTED_EDGE('',*,*,#1503,.F.);
#770=ORIENTED_EDGE('',*,*,#1504,.F.);
#771=ORIENTED_EDGE('',*,*,#1505,.T.);
#772=ORIENTED_EDGE('',*,*,#1506,.T.);
#773=ORIENTED_EDGE('',*,*,#1507,.T.);
#774=ORIENTED_EDGE('',*,*,#1508,.T.);
#775=ORIENTED_EDGE('',*,*,#1509,.T.);
#776=ORIENTED_EDGE('',*,*,#1510,.F.);
#777=ORIENTED_EDGE('',*,*,#1511,.F.);
#778=ORIENTED_EDGE('',*,*,#1493,.T.);
#779=ORIENTED_EDGE('',*,*,#1512,.F.);
#780=ORIENTED_EDGE('',*,*,#1513,.F.);
#781=ORIENTED_EDGE('',*,*,#1514,.F.);
#782=ORIENTED_EDGE('',*,*,#1515,.F.);
#783=ORIENTED_EDGE('',*,*,#1516,.F.);
#784=ORIENTED_EDGE('',*,*,#1517,.F.);
#785=ORIENTED_EDGE('',*,*,#1518,.F.);
#786=ORIENTED_EDGE('',*,*,#1519,.T.);
#787=ORIENTED_EDGE('',*,*,#1520,.T.);
#788=ORIENTED_EDGE('',*,*,#1521,.T.);
#789=ORIENTED_EDGE('',*,*,#1522,.T.);
#790=ORIENTED_EDGE('',*,*,#1523,.T.);
#791=ORIENTED_EDGE('',*,*,#1524,.T.);
#792=ORIENTED_EDGE('',*,*,#1525,.T.);
#793=ORIENTED_EDGE('',*,*,#1526,.T.);
#794=ORIENTED_EDGE('',*,*,#1494,.T.);
#795=ORIENTED_EDGE('',*,*,#1511,.T.);
#796=ORIENTED_EDGE('',*,*,#1527,.F.);
#797=ORIENTED_EDGE('',*,*,#1528,.T.);
#798=ORIENTED_EDGE('',*,*,#1529,.T.);
#799=ORIENTED_EDGE('',*,*,#1530,.F.);
#800=ORIENTED_EDGE('',*,*,#1531,.F.);
#801=ORIENTED_EDGE('',*,*,#1532,.T.);
#802=ORIENTED_EDGE('',*,*,#1533,.T.);
#803=ORIENTED_EDGE('',*,*,#1501,.F.);
#804=ORIENTED_EDGE('',*,*,#1534,.F.);
#805=ORIENTED_EDGE('',*,*,#1535,.F.);
#806=ORIENTED_EDGE('',*,*,#1536,.T.);
#807=ORIENTED_EDGE('',*,*,#1509,.F.);
#808=ORIENTED_EDGE('',*,*,#1537,.F.);
#809=ORIENTED_EDGE('',*,*,#1538,.T.);
#810=ORIENTED_EDGE('',*,*,#1539,.T.);
#811=ORIENTED_EDGE('',*,*,#1540,.T.);
#812=ORIENTED_EDGE('',*,*,#1541,.F.);
#813=ORIENTED_EDGE('',*,*,#1542,.T.);
#814=ORIENTED_EDGE('',*,*,#1543,.T.);
#815=ORIENTED_EDGE('',*,*,#1514,.T.);
#816=ORIENTED_EDGE('',*,*,#1544,.F.);
#817=ORIENTED_EDGE('',*,*,#1490,.T.);
#818=ORIENTED_EDGE('',*,*,#1545,.F.);
#819=ORIENTED_EDGE('',*,*,#1546,.F.);
#820=ORIENTED_EDGE('',*,*,#1547,.T.);
#821=ORIENTED_EDGE('',*,*,#1548,.T.);
#822=ORIENTED_EDGE('',*,*,#1549,.T.);
#823=ORIENTED_EDGE('',*,*,#1550,.F.);
#824=ORIENTED_EDGE('',*,*,#1551,.T.);
#825=ORIENTED_EDGE('',*,*,#1552,.F.);
#826=ORIENTED_EDGE('',*,*,#1553,.T.);
#827=ORIENTED_EDGE('',*,*,#1554,.T.);
#828=ORIENTED_EDGE('',*,*,#1459,.T.);
#829=ORIENTED_EDGE('',*,*,#1555,.T.);
#830=ORIENTED_EDGE('',*,*,#1556,.T.);
#831=ORIENTED_EDGE('',*,*,#1557,.T.);
#832=ORIENTED_EDGE('',*,*,#1558,.F.);
#833=ORIENTED_EDGE('',*,*,#1505,.F.);
#834=ORIENTED_EDGE('',*,*,#1559,.F.);
#835=ORIENTED_EDGE('',*,*,#1518,.T.);
#836=ORIENTED_EDGE('',*,*,#1560,.T.);
#837=ORIENTED_EDGE('',*,*,#1561,.T.);
#838=ORIENTED_EDGE('',*,*,#1562,.T.);
#839=ORIENTED_EDGE('',*,*,#1563,.T.);
#840=ORIENTED_EDGE('',*,*,#1564,.T.);
#841=ORIENTED_EDGE('',*,*,#1565,.T.);
#842=ORIENTED_EDGE('',*,*,#1566,.T.);
#843=ORIENTED_EDGE('',*,*,#1567,.T.);
#844=ORIENTED_EDGE('',*,*,#1568,.T.);
#845=ORIENTED_EDGE('',*,*,#1569,.F.);
#846=ORIENTED_EDGE('',*,*,#1570,.F.);
#847=ORIENTED_EDGE('',*,*,#1571,.F.);
#848=ORIENTED_EDGE('',*,*,#1572,.T.);
#849=ORIENTED_EDGE('',*,*,#1529,.F.);
#850=ORIENTED_EDGE('',*,*,#1573,.T.);
#851=ORIENTED_EDGE('',*,*,#1574,.F.);
#852=ORIENTED_EDGE('',*,*,#1575,.T.);
#853=ORIENTED_EDGE('',*,*,#1574,.T.);
#854=ORIENTED_EDGE('',*,*,#1576,.T.);
#855=ORIENTED_EDGE('',*,*,#1577,.F.);
#856=ORIENTED_EDGE('',*,*,#1520,.F.);
#857=ORIENTED_EDGE('',*,*,#1578,.T.);
#858=ORIENTED_EDGE('',*,*,#1579,.T.);
#859=ORIENTED_EDGE('',*,*,#1580,.T.);
#860=ORIENTED_EDGE('',*,*,#1531,.T.);
#861=ORIENTED_EDGE('',*,*,#1581,.F.);
#862=ORIENTED_EDGE('',*,*,#1582,.T.);
#863=ORIENTED_EDGE('',*,*,#1583,.T.);
#864=ORIENTED_EDGE('',*,*,#1579,.F.);
#865=ORIENTED_EDGE('',*,*,#1584,.F.);
#866=ORIENTED_EDGE('',*,*,#1503,.T.);
#867=ORIENTED_EDGE('',*,*,#1517,.T.);
#868=ORIENTED_EDGE('',*,*,#1585,.T.);
#869=ORIENTED_EDGE('',*,*,#1586,.T.);
#870=ORIENTED_EDGE('',*,*,#1540,.F.);
#871=ORIENTED_EDGE('',*,*,#1587,.F.);
#872=ORIENTED_EDGE('',*,*,#1588,.F.);
#873=ORIENTED_EDGE('',*,*,#1506,.F.);
#874=ORIENTED_EDGE('',*,*,#1560,.F.);
#875=ORIENTED_EDGE('',*,*,#1569,.T.);
#876=ORIENTED_EDGE('',*,*,#1589,.T.);
#877=ORIENTED_EDGE('',*,*,#1466,.F.);
#878=ORIENTED_EDGE('',*,*,#1590,.F.);
#879=ORIENTED_EDGE('',*,*,#1510,.T.);
#880=ORIENTED_EDGE('',*,*,#1591,.T.);
#881=ORIENTED_EDGE('',*,*,#1464,.F.);
#882=ORIENTED_EDGE('',*,*,#1592,.T.);
#883=ORIENTED_EDGE('',*,*,#1571,.T.);
#884=ORIENTED_EDGE('',*,*,#1593,.T.);
#885=ORIENTED_EDGE('',*,*,#1497,.F.);
#886=ORIENTED_EDGE('',*,*,#1594,.F.);
#887=ORIENTED_EDGE('',*,*,#1595,.F.);
#888=ORIENTED_EDGE('',*,*,#1596,.F.);
#889=ORIENTED_EDGE('',*,*,#1597,.T.);
#890=ORIENTED_EDGE('',*,*,#1598,.F.);
#891=ORIENTED_EDGE('',*,*,#1599,.F.);
#892=ORIENTED_EDGE('',*,*,#1600,.F.);
#893=ORIENTED_EDGE('',*,*,#1601,.T.);
#894=ORIENTED_EDGE('',*,*,#1602,.F.);
#895=ORIENTED_EDGE('',*,*,#1603,.T.);
#896=ORIENTED_EDGE('',*,*,#1604,.T.);
#897=ORIENTED_EDGE('',*,*,#1605,.T.);
#898=ORIENTED_EDGE('',*,*,#1461,.T.);
#899=ORIENTED_EDGE('',*,*,#1606,.T.);
#900=ORIENTED_EDGE('',*,*,#1607,.F.);
#901=ORIENTED_EDGE('',*,*,#1608,.T.);
#902=ORIENTED_EDGE('',*,*,#1609,.F.);
#903=ORIENTED_EDGE('',*,*,#1610,.F.);
#904=ORIENTED_EDGE('',*,*,#1611,.F.);
#905=ORIENTED_EDGE('',*,*,#1612,.T.);
#906=ORIENTED_EDGE('',*,*,#1613,.F.);
#907=ORIENTED_EDGE('',*,*,#1614,.F.);
#908=ORIENTED_EDGE('',*,*,#1615,.F.);
#909=ORIENTED_EDGE('',*,*,#1457,.F.);
#910=ORIENTED_EDGE('',*,*,#1616,.T.);
#911=ORIENTED_EDGE('',*,*,#1617,.T.);
#912=ORIENTED_EDGE('',*,*,#1618,.T.);
#913=ORIENTED_EDGE('',*,*,#1619,.T.);
#914=ORIENTED_EDGE('',*,*,#1620,.F.);
#915=ORIENTED_EDGE('',*,*,#1621,.F.);
#916=ORIENTED_EDGE('',*,*,#1570,.T.);
#917=ORIENTED_EDGE('',*,*,#1622,.T.);
#918=ORIENTED_EDGE('',*,*,#1465,.F.);
#919=ORIENTED_EDGE('',*,*,#1623,.F.);
#920=ORIENTED_EDGE('',*,*,#1620,.T.);
#921=ORIENTED_EDGE('',*,*,#1593,.F.);
#922=ORIENTED_EDGE('',*,*,#1621,.T.);
#923=ORIENTED_EDGE('',*,*,#1623,.T.);
#924=ORIENTED_EDGE('',*,*,#1590,.T.);
#925=ORIENTED_EDGE('',*,*,#1622,.F.);
#926=ORIENTED_EDGE('',*,*,#1619,.F.);
#927=ORIENTED_EDGE('',*,*,#1554,.F.);
#928=ORIENTED_EDGE('',*,*,#1624,.T.);
#929=ORIENTED_EDGE('',*,*,#1625,.T.);
#930=ORIENTED_EDGE('',*,*,#1606,.F.);
#931=ORIENTED_EDGE('',*,*,#1460,.F.);
#932=ORIENTED_EDGE('',*,*,#1626,.T.);
#933=ORIENTED_EDGE('',*,*,#1627,.T.);
#934=ORIENTED_EDGE('',*,*,#1555,.F.);
#935=ORIENTED_EDGE('',*,*,#1458,.F.);
#936=ORIENTED_EDGE('',*,*,#1618,.F.);
#937=ORIENTED_EDGE('',*,*,#1539,.F.);
#938=ORIENTED_EDGE('',*,*,#1628,.T.);
#939=ORIENTED_EDGE('',*,*,#1629,.F.);
#940=ORIENTED_EDGE('',*,*,#1587,.T.);
#941=ORIENTED_EDGE('',*,*,#1630,.T.);
#942=ORIENTED_EDGE('',*,*,#1631,.T.);
#943=ORIENTED_EDGE('',*,*,#1537,.T.);
#944=ORIENTED_EDGE('',*,*,#1508,.F.);
#945=ORIENTED_EDGE('',*,*,#1629,.T.);
#946=ORIENTED_EDGE('',*,*,#1632,.T.);
#947=ORIENTED_EDGE('',*,*,#1630,.F.);
#948=ORIENTED_EDGE('',*,*,#1507,.F.);
#949=ORIENTED_EDGE('',*,*,#1588,.T.);
#950=ORIENTED_EDGE('',*,*,#1577,.T.);
#951=ORIENTED_EDGE('',*,*,#1633,.T.);
#952=ORIENTED_EDGE('',*,*,#1527,.T.);
#953=ORIENTED_EDGE('',*,*,#1521,.F.);
#954=ORIENTED_EDGE('',*,*,#1533,.F.);
#955=ORIENTED_EDGE('',*,*,#1634,.T.);
#956=ORIENTED_EDGE('',*,*,#1582,.F.);
#957=ORIENTED_EDGE('',*,*,#1502,.T.);
#958=ORIENTED_EDGE('',*,*,#1543,.F.);
#959=ORIENTED_EDGE('',*,*,#1635,.T.);
#960=ORIENTED_EDGE('',*,*,#1636,.F.);
#961=ORIENTED_EDGE('',*,*,#1515,.T.);
#962=ORIENTED_EDGE('',*,*,#1637,.T.);
#963=ORIENTED_EDGE('',*,*,#1638,.T.);
#964=ORIENTED_EDGE('',*,*,#1541,.T.);
#965=ORIENTED_EDGE('',*,*,#1586,.F.);
#966=ORIENTED_EDGE('',*,*,#1636,.T.);
#967=ORIENTED_EDGE('',*,*,#1639,.T.);
#968=ORIENTED_EDGE('',*,*,#1637,.F.);
#969=ORIENTED_EDGE('',*,*,#1585,.F.);
#970=ORIENTED_EDGE('',*,*,#1516,.T.);
#971=ORIENTED_EDGE('',*,*,#1504,.T.);
#972=ORIENTED_EDGE('',*,*,#1584,.T.);
#973=ORIENTED_EDGE('',*,*,#1581,.T.);
#974=ORIENTED_EDGE('',*,*,#1530,.T.);
#975=ORIENTED_EDGE('',*,*,#1575,.F.);
#976=ORIENTED_EDGE('',*,*,#1578,.F.);
#977=ORIENTED_EDGE('',*,*,#1519,.F.);
#978=ORIENTED_EDGE('',*,*,#1559,.T.);
#979=ORIENTED_EDGE('',*,*,#1557,.F.);
#980=ORIENTED_EDGE('',*,*,#1640,.T.);
#981=ORIENTED_EDGE('',*,*,#1565,.F.);
#982=ORIENTED_EDGE('',*,*,#1641,.T.);
#983=ORIENTED_EDGE('',*,*,#1642,.F.);
#984=ORIENTED_EDGE('',*,*,#1643,.T.);
#985=ORIENTED_EDGE('',*,*,#1644,.F.);
#986=ORIENTED_EDGE('',*,*,#1641,.F.);
#987=ORIENTED_EDGE('',*,*,#1564,.F.);
#988=ORIENTED_EDGE('',*,*,#1563,.F.);
#989=ORIENTED_EDGE('',*,*,#1645,.T.);
#990=ORIENTED_EDGE('',*,*,#1552,.T.);
#991=ORIENTED_EDGE('',*,*,#1646,.F.);
#992=ORIENTED_EDGE('',*,*,#1643,.F.);
#993=ORIENTED_EDGE('',*,*,#1558,.T.);
#994=ORIENTED_EDGE('',*,*,#1642,.T.);
#995=ORIENTED_EDGE('',*,*,#1644,.T.);
#996=ORIENTED_EDGE('',*,*,#1646,.T.);
#997=ORIENTED_EDGE('',*,*,#1547,.F.);
#998=ORIENTED_EDGE('',*,*,#1647,.F.);
#999=ORIENTED_EDGE('',*,*,#1648,.F.);
#1000=ORIENTED_EDGE('',*,*,#1491,.T.);
#1001=ORIENTED_EDGE('',*,*,#1649,.F.);
#1002=ORIENTED_EDGE('',*,*,#1650,.F.);
#1003=ORIENTED_EDGE('',*,*,#1651,.T.);
#1004=ORIENTED_EDGE('',*,*,#1544,.T.);
#1005=ORIENTED_EDGE('',*,*,#1513,.T.);
#1006=ORIENTED_EDGE('',*,*,#1652,.T.);
#1007=ORIENTED_EDGE('',*,*,#1647,.T.);
#1008=ORIENTED_EDGE('',*,*,#1546,.T.);
#1009=ORIENTED_EDGE('',*,*,#1652,.F.);
#1010=ORIENTED_EDGE('',*,*,#1512,.T.);
#1011=ORIENTED_EDGE('',*,*,#1492,.T.);
#1012=ORIENTED_EDGE('',*,*,#1648,.T.);
#1013=ORIENTED_EDGE('',*,*,#1499,.F.);
#1014=ORIENTED_EDGE('',*,*,#1653,.T.);
#1015=ORIENTED_EDGE('',*,*,#1654,.T.);
#1016=ORIENTED_EDGE('',*,*,#1655,.F.);
#1017=ORIENTED_EDGE('',*,*,#1536,.F.);
#1018=ORIENTED_EDGE('',*,*,#1656,.T.);
#1019=ORIENTED_EDGE('',*,*,#1657,.T.);
#1020=ORIENTED_EDGE('',*,*,#1658,.F.);
#1021=ORIENTED_EDGE('',*,*,#1548,.F.);
#1022=ORIENTED_EDGE('',*,*,#1659,.F.);
#1023=ORIENTED_EDGE('',*,*,#1653,.F.);
#1024=ORIENTED_EDGE('',*,*,#1498,.T.);
#1025=ORIENTED_EDGE('',*,*,#1660,.F.);
#1026=ORIENTED_EDGE('',*,*,#1534,.T.);
#1027=ORIENTED_EDGE('',*,*,#1500,.F.);
#1028=ORIENTED_EDGE('',*,*,#1655,.T.);
#1029=ORIENTED_EDGE('',*,*,#1661,.T.);
#1030=ORIENTED_EDGE('',*,*,#1550,.T.);
#1031=ORIENTED_EDGE('',*,*,#1662,.T.);
#1032=ORIENTED_EDGE('',*,*,#1663,.F.);
#1033=ORIENTED_EDGE('',*,*,#1551,.F.);
#1034=ORIENTED_EDGE('',*,*,#1661,.F.);
#1035=ORIENTED_EDGE('',*,*,#1654,.F.);
#1036=ORIENTED_EDGE('',*,*,#1659,.T.);
#1037=ORIENTED_EDGE('',*,*,#1535,.T.);
#1038=ORIENTED_EDGE('',*,*,#1660,.T.);
#1039=ORIENTED_EDGE('',*,*,#1664,.F.);
#1040=ORIENTED_EDGE('',*,*,#1656,.F.);
#1041=ORIENTED_EDGE('',*,*,#1658,.T.);
#1042=ORIENTED_EDGE('',*,*,#1665,.T.);
#1043=ORIENTED_EDGE('',*,*,#1662,.F.);
#1044=ORIENTED_EDGE('',*,*,#1549,.F.);
#1045=ORIENTED_EDGE('',*,*,#1664,.T.);
#1046=ORIENTED_EDGE('',*,*,#1663,.T.);
#1047=ORIENTED_EDGE('',*,*,#1665,.F.);
#1048=ORIENTED_EDGE('',*,*,#1657,.F.);
#1049=ORIENTED_EDGE('',*,*,#1649,.T.);
#1050=ORIENTED_EDGE('',*,*,#1545,.T.);
#1051=ORIENTED_EDGE('',*,*,#1489,.T.);
#1052=ORIENTED_EDGE('',*,*,#1666,.F.);
#1053=ORIENTED_EDGE('',*,*,#1650,.T.);
#1054=ORIENTED_EDGE('',*,*,#1666,.T.);
#1055=ORIENTED_EDGE('',*,*,#1496,.T.);
#1056=ORIENTED_EDGE('',*,*,#1667,.F.);
#1057=ORIENTED_EDGE('',*,*,#1667,.T.);
#1058=ORIENTED_EDGE('',*,*,#1495,.F.);
#1059=ORIENTED_EDGE('',*,*,#1526,.F.);
#1060=ORIENTED_EDGE('',*,*,#1651,.F.);
#1061=ORIENTED_EDGE('',*,*,#1668,.F.);
#1062=ORIENTED_EDGE('',*,*,#1669,.F.);
#1063=ORIENTED_EDGE('',*,*,#1670,.T.);
#1064=ORIENTED_EDGE('',*,*,#1671,.T.);
#1065=ORIENTED_EDGE('',*,*,#1672,.F.);
#1066=ORIENTED_EDGE('',*,*,#1673,.F.);
#1067=ORIENTED_EDGE('',*,*,#1674,.T.);
#1068=ORIENTED_EDGE('',*,*,#1669,.T.);
#1069=ORIENTED_EDGE('',*,*,#1675,.F.);
#1070=ORIENTED_EDGE('',*,*,#1676,.F.);
#1071=ORIENTED_EDGE('',*,*,#1677,.T.);
#1072=ORIENTED_EDGE('',*,*,#1673,.T.);
#1073=ORIENTED_EDGE('',*,*,#1678,.F.);
#1074=ORIENTED_EDGE('',*,*,#1679,.F.);
#1075=ORIENTED_EDGE('',*,*,#1680,.T.);
#1076=ORIENTED_EDGE('',*,*,#1676,.T.);
#1077=ORIENTED_EDGE('',*,*,#1681,.F.);
#1078=ORIENTED_EDGE('',*,*,#1682,.F.);
#1079=ORIENTED_EDGE('',*,*,#1683,.T.);
#1080=ORIENTED_EDGE('',*,*,#1679,.T.);
#1081=ORIENTED_EDGE('',*,*,#1684,.F.);
#1082=ORIENTED_EDGE('',*,*,#1685,.F.);
#1083=ORIENTED_EDGE('',*,*,#1686,.T.);
#1084=ORIENTED_EDGE('',*,*,#1682,.T.);
#1085=ORIENTED_EDGE('',*,*,#1467,.F.);
#1086=ORIENTED_EDGE('',*,*,#1687,.F.);
#1087=ORIENTED_EDGE('',*,*,#1688,.T.);
#1088=ORIENTED_EDGE('',*,*,#1689,.T.);
#1089=ORIENTED_EDGE('',*,*,#1475,.F.);
#1090=ORIENTED_EDGE('',*,*,#1690,.F.);
#1091=ORIENTED_EDGE('',*,*,#1691,.T.);
#1092=ORIENTED_EDGE('',*,*,#1687,.T.);
#1093=ORIENTED_EDGE('',*,*,#1474,.F.);
#1094=ORIENTED_EDGE('',*,*,#1692,.F.);
#1095=ORIENTED_EDGE('',*,*,#1693,.T.);
#1096=ORIENTED_EDGE('',*,*,#1690,.T.);
#1097=ORIENTED_EDGE('',*,*,#1473,.F.);
#1098=ORIENTED_EDGE('',*,*,#1694,.F.);
#1099=ORIENTED_EDGE('',*,*,#1695,.T.);
#1100=ORIENTED_EDGE('',*,*,#1692,.T.);
#1101=ORIENTED_EDGE('',*,*,#1472,.F.);
#1102=ORIENTED_EDGE('',*,*,#1696,.F.);
#1103=ORIENTED_EDGE('',*,*,#1697,.T.);
#1104=ORIENTED_EDGE('',*,*,#1694,.T.);
#1105=ORIENTED_EDGE('',*,*,#1471,.F.);
#1106=ORIENTED_EDGE('',*,*,#1698,.F.);
#1107=ORIENTED_EDGE('',*,*,#1699,.T.);
#1108=ORIENTED_EDGE('',*,*,#1696,.T.);
#1109=ORIENTED_EDGE('',*,*,#1470,.F.);
#1110=ORIENTED_EDGE('',*,*,#1700,.F.);
#1111=ORIENTED_EDGE('',*,*,#1701,.T.);
#1112=ORIENTED_EDGE('',*,*,#1698,.T.);
#1113=ORIENTED_EDGE('',*,*,#1469,.F.);
#1114=ORIENTED_EDGE('',*,*,#1702,.F.);
#1115=ORIENTED_EDGE('',*,*,#1703,.T.);
#1116=ORIENTED_EDGE('',*,*,#1700,.T.);
#1117=ORIENTED_EDGE('',*,*,#1468,.F.);
#1118=ORIENTED_EDGE('',*,*,#1689,.F.);
#1119=ORIENTED_EDGE('',*,*,#1704,.T.);
#1120=ORIENTED_EDGE('',*,*,#1702,.T.);
#1121=ORIENTED_EDGE('',*,*,#1705,.F.);
#1122=ORIENTED_EDGE('',*,*,#1671,.F.);
#1123=ORIENTED_EDGE('',*,*,#1706,.T.);
#1124=ORIENTED_EDGE('',*,*,#1685,.T.);
#1125=ORIENTED_EDGE('',*,*,#1688,.F.);
#1126=ORIENTED_EDGE('',*,*,#1691,.F.);
#1127=ORIENTED_EDGE('',*,*,#1693,.F.);
#1128=ORIENTED_EDGE('',*,*,#1695,.F.);
#1129=ORIENTED_EDGE('',*,*,#1697,.F.);
#1130=ORIENTED_EDGE('',*,*,#1699,.F.);
#1131=ORIENTED_EDGE('',*,*,#1701,.F.);
#1132=ORIENTED_EDGE('',*,*,#1703,.F.);
#1133=ORIENTED_EDGE('',*,*,#1704,.F.);
#1134=ORIENTED_EDGE('',*,*,#1670,.F.);
#1135=ORIENTED_EDGE('',*,*,#1674,.F.);
#1136=ORIENTED_EDGE('',*,*,#1677,.F.);
#1137=ORIENTED_EDGE('',*,*,#1680,.F.);
#1138=ORIENTED_EDGE('',*,*,#1683,.F.);
#1139=ORIENTED_EDGE('',*,*,#1686,.F.);
#1140=ORIENTED_EDGE('',*,*,#1706,.F.);
#1141=ORIENTED_EDGE('',*,*,#1443,.F.);
#1142=ORIENTED_EDGE('',*,*,#1707,.F.);
#1143=ORIENTED_EDGE('',*,*,#1708,.T.);
#1144=ORIENTED_EDGE('',*,*,#1709,.T.);
#1145=ORIENTED_EDGE('',*,*,#1454,.F.);
#1146=ORIENTED_EDGE('',*,*,#1710,.F.);
#1147=ORIENTED_EDGE('',*,*,#1711,.T.);
#1148=ORIENTED_EDGE('',*,*,#1707,.T.);
#1149=ORIENTED_EDGE('',*,*,#1453,.F.);
#1150=ORIENTED_EDGE('',*,*,#1712,.F.);
#1151=ORIENTED_EDGE('',*,*,#1713,.T.);
#1152=ORIENTED_EDGE('',*,*,#1710,.T.);
#1153=ORIENTED_EDGE('',*,*,#1452,.F.);
#1154=ORIENTED_EDGE('',*,*,#1714,.F.);
#1155=ORIENTED_EDGE('',*,*,#1715,.T.);
#1156=ORIENTED_EDGE('',*,*,#1712,.T.);
#1157=ORIENTED_EDGE('',*,*,#1451,.F.);
#1158=ORIENTED_EDGE('',*,*,#1716,.F.);
#1159=ORIENTED_EDGE('',*,*,#1717,.T.);
#1160=ORIENTED_EDGE('',*,*,#1714,.T.);
#1161=ORIENTED_EDGE('',*,*,#1450,.F.);
#1162=ORIENTED_EDGE('',*,*,#1718,.F.);
#1163=ORIENTED_EDGE('',*,*,#1719,.T.);
#1164=ORIENTED_EDGE('',*,*,#1716,.T.);
#1165=ORIENTED_EDGE('',*,*,#1449,.F.);
#1166=ORIENTED_EDGE('',*,*,#1720,.F.);
#1167=ORIENTED_EDGE('',*,*,#1721,.T.);
#1168=ORIENTED_EDGE('',*,*,#1718,.T.);
#1169=ORIENTED_EDGE('',*,*,#1448,.F.);
#1170=ORIENTED_EDGE('',*,*,#1722,.F.);
#1171=ORIENTED_EDGE('',*,*,#1723,.T.);
#1172=ORIENTED_EDGE('',*,*,#1720,.T.);
#1173=ORIENTED_EDGE('',*,*,#1447,.F.);
#1174=ORIENTED_EDGE('',*,*,#1724,.F.);
#1175=ORIENTED_EDGE('',*,*,#1725,.T.);
#1176=ORIENTED_EDGE('',*,*,#1722,.T.);
#1177=ORIENTED_EDGE('',*,*,#1446,.F.);
#1178=ORIENTED_EDGE('',*,*,#1726,.F.);
#1179=ORIENTED_EDGE('',*,*,#1727,.T.);
#1180=ORIENTED_EDGE('',*,*,#1724,.T.);
#1181=ORIENTED_EDGE('',*,*,#1445,.F.);
#1182=ORIENTED_EDGE('',*,*,#1728,.F.);
#1183=ORIENTED_EDGE('',*,*,#1729,.T.);
#1184=ORIENTED_EDGE('',*,*,#1726,.T.);
#1185=ORIENTED_EDGE('',*,*,#1444,.F.);
#1186=ORIENTED_EDGE('',*,*,#1709,.F.);
#1187=ORIENTED_EDGE('',*,*,#1730,.T.);
#1188=ORIENTED_EDGE('',*,*,#1728,.T.);
#1189=ORIENTED_EDGE('',*,*,#1708,.F.);
#1190=ORIENTED_EDGE('',*,*,#1711,.F.);
#1191=ORIENTED_EDGE('',*,*,#1713,.F.);
#1192=ORIENTED_EDGE('',*,*,#1715,.F.);
#1193=ORIENTED_EDGE('',*,*,#1717,.F.);
#1194=ORIENTED_EDGE('',*,*,#1719,.F.);
#1195=ORIENTED_EDGE('',*,*,#1721,.F.);
#1196=ORIENTED_EDGE('',*,*,#1723,.F.);
#1197=ORIENTED_EDGE('',*,*,#1725,.F.);
#1198=ORIENTED_EDGE('',*,*,#1727,.F.);
#1199=ORIENTED_EDGE('',*,*,#1729,.F.);
#1200=ORIENTED_EDGE('',*,*,#1730,.F.);
#1201=ORIENTED_EDGE('',*,*,#1731,.F.);
#1202=ORIENTED_EDGE('',*,*,#1732,.F.);
#1203=ORIENTED_EDGE('',*,*,#1733,.T.);
#1204=ORIENTED_EDGE('',*,*,#1734,.T.);
#1205=ORIENTED_EDGE('',*,*,#1735,.F.);
#1206=ORIENTED_EDGE('',*,*,#1736,.F.);
#1207=ORIENTED_EDGE('',*,*,#1737,.T.);
#1208=ORIENTED_EDGE('',*,*,#1732,.T.);
#1209=ORIENTED_EDGE('',*,*,#1738,.F.);
#1210=ORIENTED_EDGE('',*,*,#1739,.F.);
#1211=ORIENTED_EDGE('',*,*,#1740,.T.);
#1212=ORIENTED_EDGE('',*,*,#1736,.T.);
#1213=ORIENTED_EDGE('',*,*,#1741,.F.);
#1214=ORIENTED_EDGE('',*,*,#1742,.F.);
#1215=ORIENTED_EDGE('',*,*,#1743,.T.);
#1216=ORIENTED_EDGE('',*,*,#1739,.T.);
#1217=ORIENTED_EDGE('',*,*,#1744,.F.);
#1218=ORIENTED_EDGE('',*,*,#1745,.F.);
#1219=ORIENTED_EDGE('',*,*,#1746,.T.);
#1220=ORIENTED_EDGE('',*,*,#1742,.T.);
#1221=ORIENTED_EDGE('',*,*,#1747,.F.);
#1222=ORIENTED_EDGE('',*,*,#1748,.F.);
#1223=ORIENTED_EDGE('',*,*,#1749,.T.);
#1224=ORIENTED_EDGE('',*,*,#1745,.T.);
#1225=ORIENTED_EDGE('',*,*,#1476,.F.);
#1226=ORIENTED_EDGE('',*,*,#1750,.F.);
#1227=ORIENTED_EDGE('',*,*,#1751,.T.);
#1228=ORIENTED_EDGE('',*,*,#1752,.T.);
#1229=ORIENTED_EDGE('',*,*,#1488,.F.);
#1230=ORIENTED_EDGE('',*,*,#1753,.F.);
#1231=ORIENTED_EDGE('',*,*,#1754,.T.);
#1232=ORIENTED_EDGE('',*,*,#1750,.T.);
#1233=ORIENTED_EDGE('',*,*,#1487,.F.);
#1234=ORIENTED_EDGE('',*,*,#1755,.F.);
#1235=ORIENTED_EDGE('',*,*,#1756,.T.);
#1236=ORIENTED_EDGE('',*,*,#1753,.T.);
#1237=ORIENTED_EDGE('',*,*,#1486,.F.);
#1238=ORIENTED_EDGE('',*,*,#1757,.F.);
#1239=ORIENTED_EDGE('',*,*,#1758,.T.);
#1240=ORIENTED_EDGE('',*,*,#1755,.T.);
#1241=ORIENTED_EDGE('',*,*,#1485,.F.);
#1242=ORIENTED_EDGE('',*,*,#1759,.F.);
#1243=ORIENTED_EDGE('',*,*,#1760,.T.);
#1244=ORIENTED_EDGE('',*,*,#1757,.T.);
#1245=ORIENTED_EDGE('',*,*,#1484,.F.);
#1246=ORIENTED_EDGE('',*,*,#1761,.F.);
#1247=ORIENTED_EDGE('',*,*,#1762,.T.);
#1248=ORIENTED_EDGE('',*,*,#1759,.T.);
#1249=ORIENTED_EDGE('',*,*,#1483,.F.);
#1250=ORIENTED_EDGE('',*,*,#1763,.F.);
#1251=ORIENTED_EDGE('',*,*,#1764,.T.);
#1252=ORIENTED_EDGE('',*,*,#1761,.T.);
#1253=ORIENTED_EDGE('',*,*,#1482,.F.);
#1254=ORIENTED_EDGE('',*,*,#1765,.F.);
#1255=ORIENTED_EDGE('',*,*,#1766,.T.);
#1256=ORIENTED_EDGE('',*,*,#1763,.T.);
#1257=ORIENTED_EDGE('',*,*,#1481,.F.);
#1258=ORIENTED_EDGE('',*,*,#1767,.F.);
#1259=ORIENTED_EDGE('',*,*,#1768,.T.);
#1260=ORIENTED_EDGE('',*,*,#1765,.T.);
#1261=ORIENTED_EDGE('',*,*,#1480,.F.);
#1262=ORIENTED_EDGE('',*,*,#1769,.F.);
#1263=ORIENTED_EDGE('',*,*,#1770,.T.);
#1264=ORIENTED_EDGE('',*,*,#1767,.T.);
#1265=ORIENTED_EDGE('',*,*,#1479,.F.);
#1266=ORIENTED_EDGE('',*,*,#1771,.F.);
#1267=ORIENTED_EDGE('',*,*,#1772,.T.);
#1268=ORIENTED_EDGE('',*,*,#1769,.T.);
#1269=ORIENTED_EDGE('',*,*,#1478,.F.);
#1270=ORIENTED_EDGE('',*,*,#1773,.F.);
#1271=ORIENTED_EDGE('',*,*,#1774,.T.);
#1272=ORIENTED_EDGE('',*,*,#1771,.T.);
#1273=ORIENTED_EDGE('',*,*,#1477,.F.);
#1274=ORIENTED_EDGE('',*,*,#1752,.F.);
#1275=ORIENTED_EDGE('',*,*,#1775,.T.);
#1276=ORIENTED_EDGE('',*,*,#1773,.T.);
#1277=ORIENTED_EDGE('',*,*,#1776,.F.);
#1278=ORIENTED_EDGE('',*,*,#1734,.F.);
#1279=ORIENTED_EDGE('',*,*,#1777,.T.);
#1280=ORIENTED_EDGE('',*,*,#1748,.T.);
#1281=ORIENTED_EDGE('',*,*,#1751,.F.);
#1282=ORIENTED_EDGE('',*,*,#1754,.F.);
#1283=ORIENTED_EDGE('',*,*,#1756,.F.);
#1284=ORIENTED_EDGE('',*,*,#1758,.F.);
#1285=ORIENTED_EDGE('',*,*,#1760,.F.);
#1286=ORIENTED_EDGE('',*,*,#1762,.F.);
#1287=ORIENTED_EDGE('',*,*,#1764,.F.);
#1288=ORIENTED_EDGE('',*,*,#1766,.F.);
#1289=ORIENTED_EDGE('',*,*,#1768,.F.);
#1290=ORIENTED_EDGE('',*,*,#1770,.F.);
#1291=ORIENTED_EDGE('',*,*,#1772,.F.);
#1292=ORIENTED_EDGE('',*,*,#1774,.F.);
#1293=ORIENTED_EDGE('',*,*,#1775,.F.);
#1294=ORIENTED_EDGE('',*,*,#1733,.F.);
#1295=ORIENTED_EDGE('',*,*,#1737,.F.);
#1296=ORIENTED_EDGE('',*,*,#1740,.F.);
#1297=ORIENTED_EDGE('',*,*,#1743,.F.);
#1298=ORIENTED_EDGE('',*,*,#1746,.F.);
#1299=ORIENTED_EDGE('',*,*,#1749,.F.);
#1300=ORIENTED_EDGE('',*,*,#1777,.F.);
#1301=ORIENTED_EDGE('',*,*,#1668,.T.);
#1302=ORIENTED_EDGE('',*,*,#1705,.T.);
#1303=ORIENTED_EDGE('',*,*,#1684,.T.);
#1304=ORIENTED_EDGE('',*,*,#1681,.T.);
#1305=ORIENTED_EDGE('',*,*,#1678,.T.);
#1306=ORIENTED_EDGE('',*,*,#1675,.T.);
#1307=ORIENTED_EDGE('',*,*,#1672,.T.);
#1308=ORIENTED_EDGE('',*,*,#1731,.T.);
#1309=ORIENTED_EDGE('',*,*,#1776,.T.);
#1310=ORIENTED_EDGE('',*,*,#1747,.T.);
#1311=ORIENTED_EDGE('',*,*,#1744,.T.);
#1312=ORIENTED_EDGE('',*,*,#1741,.T.);
#1313=ORIENTED_EDGE('',*,*,#1738,.T.);
#1314=ORIENTED_EDGE('',*,*,#1735,.T.);
#1315=ORIENTED_EDGE('',*,*,#1463,.F.);
#1316=ORIENTED_EDGE('',*,*,#1778,.T.);
#1317=ORIENTED_EDGE('',*,*,#1779,.T.);
#1318=ORIENTED_EDGE('',*,*,#1572,.F.);
#1319=ORIENTED_EDGE('',*,*,#1592,.F.);
#1320=ORIENTED_EDGE('',*,*,#1780,.T.);
#1321=ORIENTED_EDGE('',*,*,#1781,.T.);
#1322=ORIENTED_EDGE('',*,*,#1455,.F.);
#1323=ORIENTED_EDGE('',*,*,#1589,.F.);
#1324=ORIENTED_EDGE('',*,*,#1568,.F.);
#1325=ORIENTED_EDGE('',*,*,#1525,.F.);
#1326=ORIENTED_EDGE('',*,*,#1442,.F.);
#1327=ORIENTED_EDGE('',*,*,#1524,.F.);
#1328=ORIENTED_EDGE('',*,*,#1441,.F.);
#1329=ORIENTED_EDGE('',*,*,#1523,.F.);
#1330=ORIENTED_EDGE('',*,*,#1440,.F.);
#1331=ORIENTED_EDGE('',*,*,#1522,.F.);
#1332=ORIENTED_EDGE('',*,*,#1439,.F.);
#1333=ORIENTED_EDGE('',*,*,#1779,.F.);
#1334=ORIENTED_EDGE('',*,*,#1782,.T.);
#1335=ORIENTED_EDGE('',*,*,#1604,.F.);
#1336=ORIENTED_EDGE('',*,*,#1625,.F.);
#1337=ORIENTED_EDGE('',*,*,#1561,.F.);
#1338=ORIENTED_EDGE('',*,*,#1617,.F.);
#1339=ORIENTED_EDGE('',*,*,#1783,.T.);
#1340=ORIENTED_EDGE('',*,*,#1780,.F.);
#1341=ORIENTED_EDGE('',*,*,#1567,.F.);
#1342=ORIENTED_EDGE('',*,*,#1626,.F.);
#1343=ORIENTED_EDGE('',*,*,#1624,.F.);
#1344=ORIENTED_EDGE('',*,*,#1553,.F.);
#1345=ORIENTED_EDGE('',*,*,#1645,.F.);
#1346=ORIENTED_EDGE('',*,*,#1562,.F.);
#1347=ORIENTED_EDGE('',*,*,#1640,.F.);
#1348=ORIENTED_EDGE('',*,*,#1556,.F.);
#1349=ORIENTED_EDGE('',*,*,#1627,.F.);
#1350=ORIENTED_EDGE('',*,*,#1566,.F.);
#1351=ORIENTED_EDGE('',*,*,#1782,.F.);
#1352=ORIENTED_EDGE('',*,*,#1778,.F.);
#1353=ORIENTED_EDGE('',*,*,#1462,.F.);
#1354=ORIENTED_EDGE('',*,*,#1605,.F.);
#1355=ORIENTED_EDGE('',*,*,#1456,.F.);
#1356=ORIENTED_EDGE('',*,*,#1781,.F.);
#1357=ORIENTED_EDGE('',*,*,#1783,.F.);
#1358=ORIENTED_EDGE('',*,*,#1616,.F.);
#1359=ORIENTED_EDGE('',*,*,#1576,.F.);
#1360=ORIENTED_EDGE('',*,*,#1573,.F.);
#1361=ORIENTED_EDGE('',*,*,#1528,.F.);
#1362=ORIENTED_EDGE('',*,*,#1633,.F.);
#1363=ORIENTED_EDGE('',*,*,#1583,.F.);
#1364=ORIENTED_EDGE('',*,*,#1634,.F.);
#1365=ORIENTED_EDGE('',*,*,#1532,.F.);
#1366=ORIENTED_EDGE('',*,*,#1580,.F.);
#1367=ORIENTED_EDGE('',*,*,#1639,.F.);
#1368=ORIENTED_EDGE('',*,*,#1635,.F.);
#1369=ORIENTED_EDGE('',*,*,#1542,.F.);
#1370=ORIENTED_EDGE('',*,*,#1638,.F.);
#1371=ORIENTED_EDGE('',*,*,#1632,.F.);
#1372=ORIENTED_EDGE('',*,*,#1628,.F.);
#1373=ORIENTED_EDGE('',*,*,#1538,.F.);
#1374=ORIENTED_EDGE('',*,*,#1631,.F.);
#1375=ORIENTED_EDGE('',*,*,#1784,.F.);
#1376=ORIENTED_EDGE('',*,*,#1615,.T.);
#1377=ORIENTED_EDGE('',*,*,#1594,.T.);
#1378=ORIENTED_EDGE('',*,*,#1784,.T.);
#1379=ORIENTED_EDGE('',*,*,#1591,.F.);
#1380=ORIENTED_EDGE('',*,*,#1785,.F.);
#1381=ORIENTED_EDGE('',*,*,#1785,.T.);
#1382=ORIENTED_EDGE('',*,*,#1603,.F.);
#1383=ORIENTED_EDGE('',*,*,#1786,.F.);
#1384=ORIENTED_EDGE('',*,*,#1611,.T.);
#1385=ORIENTED_EDGE('',*,*,#1787,.T.);
#1386=ORIENTED_EDGE('',*,*,#1788,.F.);
#1387=ORIENTED_EDGE('',*,*,#1789,.T.);
#1388=ORIENTED_EDGE('',*,*,#1613,.T.);
#1389=ORIENTED_EDGE('',*,*,#1790,.F.);
#1390=ORIENTED_EDGE('',*,*,#1788,.T.);
#1391=ORIENTED_EDGE('',*,*,#1612,.F.);
#1392=ORIENTED_EDGE('',*,*,#1786,.T.);
#1393=ORIENTED_EDGE('',*,*,#1790,.T.);
#1394=ORIENTED_EDGE('',*,*,#1787,.F.);
#1395=ORIENTED_EDGE('',*,*,#1614,.T.);
#1396=ORIENTED_EDGE('',*,*,#1789,.F.);
#1397=ORIENTED_EDGE('',*,*,#1791,.F.);
#1398=ORIENTED_EDGE('',*,*,#1600,.T.);
#1399=ORIENTED_EDGE('',*,*,#1792,.T.);
#1400=ORIENTED_EDGE('',*,*,#1793,.T.);
#1401=ORIENTED_EDGE('',*,*,#1794,.T.);
#1402=ORIENTED_EDGE('',*,*,#1602,.T.);
#1403=ORIENTED_EDGE('',*,*,#1795,.F.);
#1404=ORIENTED_EDGE('',*,*,#1793,.F.);
#1405=ORIENTED_EDGE('',*,*,#1792,.F.);
#1406=ORIENTED_EDGE('',*,*,#1599,.T.);
#1407=ORIENTED_EDGE('',*,*,#1794,.F.);
#1408=ORIENTED_EDGE('',*,*,#1601,.F.);
#1409=ORIENTED_EDGE('',*,*,#1791,.T.);
#1410=ORIENTED_EDGE('',*,*,#1795,.T.);
#1411=ORIENTED_EDGE('',*,*,#1796,.T.);
#1412=ORIENTED_EDGE('',*,*,#1609,.T.);
#1413=ORIENTED_EDGE('',*,*,#1797,.F.);
#1414=ORIENTED_EDGE('',*,*,#1798,.T.);
#1415=ORIENTED_EDGE('',*,*,#1799,.F.);
#1416=ORIENTED_EDGE('',*,*,#1607,.T.);
#1417=ORIENTED_EDGE('',*,*,#1800,.T.);
#1418=ORIENTED_EDGE('',*,*,#1798,.F.);
#1419=ORIENTED_EDGE('',*,*,#1608,.F.);
#1420=ORIENTED_EDGE('',*,*,#1799,.T.);
#1421=ORIENTED_EDGE('',*,*,#1797,.T.);
#1422=ORIENTED_EDGE('',*,*,#1800,.F.);
#1423=ORIENTED_EDGE('',*,*,#1610,.T.);
#1424=ORIENTED_EDGE('',*,*,#1796,.F.);
#1425=ORIENTED_EDGE('',*,*,#1801,.F.);
#1426=ORIENTED_EDGE('',*,*,#1596,.T.);
#1427=ORIENTED_EDGE('',*,*,#1802,.T.);
#1428=ORIENTED_EDGE('',*,*,#1803,.T.);
#1429=ORIENTED_EDGE('',*,*,#1804,.T.);
#1430=ORIENTED_EDGE('',*,*,#1598,.T.);
#1431=ORIENTED_EDGE('',*,*,#1805,.F.);
#1432=ORIENTED_EDGE('',*,*,#1803,.F.);
#1433=ORIENTED_EDGE('',*,*,#1802,.F.);
#1434=ORIENTED_EDGE('',*,*,#1595,.T.);
#1435=ORIENTED_EDGE('',*,*,#1804,.F.);
#1436=ORIENTED_EDGE('',*,*,#1597,.F.);
#1437=ORIENTED_EDGE('',*,*,#1801,.T.);
#1438=ORIENTED_EDGE('',*,*,#1805,.T.);
#1439=EDGE_CURVE('',#1806,#1806,#2054,.T.);
#1440=EDGE_CURVE('',#1807,#1807,#2055,.T.);
#1441=EDGE_CURVE('',#1808,#1808,#2056,.T.);
#1442=EDGE_CURVE('',#1809,#1809,#2057,.T.);
#1443=EDGE_CURVE('',#1810,#1811,#71,.T.);
#1444=EDGE_CURVE('',#1811,#1812,#72,.T.);
#1445=EDGE_CURVE('',#1812,#1813,#73,.T.);
#1446=EDGE_CURVE('',#1813,#1814,#74,.T.);
#1447=EDGE_CURVE('',#1814,#1815,#75,.T.);
#1448=EDGE_CURVE('',#1815,#1816,#76,.T.);
#1449=EDGE_CURVE('',#1816,#1817,#77,.T.);
#1450=EDGE_CURVE('',#1817,#1818,#78,.T.);
#1451=EDGE_CURVE('',#1818,#1819,#79,.T.);
#1452=EDGE_CURVE('',#1819,#1820,#80,.T.);
#1453=EDGE_CURVE('',#1820,#1821,#81,.T.);
#1454=EDGE_CURVE('',#1821,#1810,#82,.T.);
#1455=EDGE_CURVE('',#1822,#1823,#83,.F.);
#1456=EDGE_CURVE('',#1823,#1824,#84,.F.);
#1457=EDGE_CURVE('',#1824,#1825,#85,.T.);
#1458=EDGE_CURVE('',#1825,#1826,#86,.T.);
#1459=EDGE_CURVE('',#1827,#1826,#87,.T.);
#1460=EDGE_CURVE('',#1827,#1828,#88,.F.);
#1461=EDGE_CURVE('',#1829,#1828,#89,.T.);
#1462=EDGE_CURVE('',#1829,#1830,#90,.F.);
#1463=EDGE_CURVE('',#1830,#1831,#91,.T.);
#1464=EDGE_CURVE('',#1831,#1832,#92,.T.);
#1465=EDGE_CURVE('',#1832,#1833,#93,.T.);
#1466=EDGE_CURVE('',#1833,#1822,#94,.T.);
#1467=EDGE_CURVE('',#1834,#1835,#95,.T.);
#1468=EDGE_CURVE('',#1835,#1836,#37,.T.);
#1469=EDGE_CURVE('',#1836,#1837,#38,.T.);
#1470=EDGE_CURVE('',#1837,#1838,#39,.T.);
#1471=EDGE_CURVE('',#1838,#1839,#40,.T.);
#1472=EDGE_CURVE('',#1839,#1840,#96,.T.);
#1473=EDGE_CURVE('',#1840,#1841,#97,.T.);
#1474=EDGE_CURVE('',#1841,#1842,#98,.T.);
#1475=EDGE_CURVE('',#1842,#1834,#99,.T.);
#1476=EDGE_CURVE('',#1843,#1844,#100,.T.);
#1477=EDGE_CURVE('',#1844,#1845,#101,.T.);
#1478=EDGE_CURVE('',#1845,#1846,#102,.T.);
#1479=EDGE_CURVE('',#1846,#1847,#103,.T.);
#1480=EDGE_CURVE('',#1847,#1848,#104,.T.);
#1481=EDGE_CURVE('',#1848,#1849,#105,.T.);
#1482=EDGE_CURVE('',#1849,#1850,#41,.T.);
#1483=EDGE_CURVE('',#1850,#1851,#42,.T.);
#1484=EDGE_CURVE('',#1851,#1852,#43,.T.);
#1485=EDGE_CURVE('',#1852,#1853,#44,.T.);
#1486=EDGE_CURVE('',#1853,#1854,#45,.T.);
#1487=EDGE_CURVE('',#1854,#1855,#106,.T.);
#1488=EDGE_CURVE('',#1855,#1843,#107,.T.);
#1489=EDGE_CURVE('',#1856,#1857,#108,.T.);
#1490=EDGE_CURVE('',#1858,#1856,#109,.T.);
#1491=EDGE_CURVE('',#1859,#1858,#110,.T.);
#1492=EDGE_CURVE('',#1860,#1859,#111,.T.);
#1493=EDGE_CURVE('',#1861,#1860,#112,.T.);
#1494=EDGE_CURVE('',#1862,#1861,#113,.T.);
#1495=EDGE_CURVE('',#1862,#1863,#114,.T.);
#1496=EDGE_CURVE('',#1857,#1863,#115,.T.);
#1497=EDGE_CURVE('',#1864,#1864,#2058,.T.);
#1498=EDGE_CURVE('',#1865,#1866,#116,.T.);
#1499=EDGE_CURVE('',#1865,#1867,#117,.T.);
#1500=EDGE_CURVE('',#1867,#1868,#118,.T.);
#1501=EDGE_CURVE('',#1868,#1869,#119,.T.);
#1502=EDGE_CURVE('',#1870,#1869,#120,.T.);
#1503=EDGE_CURVE('',#1871,#1870,#121,.T.);
#1504=EDGE_CURVE('',#1872,#1871,#122,.T.);
#1505=EDGE_CURVE('',#1872,#1873,#123,.T.);
#1506=EDGE_CURVE('',#1873,#1874,#124,.T.);
#1507=EDGE_CURVE('',#1874,#1875,#125,.T.);
#1508=EDGE_CURVE('',#1875,#1876,#126,.T.);
#1509=EDGE_CURVE('',#1876,#1866,#127,.T.);
#1510=EDGE_CURVE('',#1877,#1877,#2059,.T.);
#1511=EDGE_CURVE('',#1861,#1878,#128,.T.);
#1512=EDGE_CURVE('',#1879,#1860,#129,.T.);
#1513=EDGE_CURVE('',#1880,#1879,#130,.T.);
#1514=EDGE_CURVE('',#1881,#1880,#131,.T.);
#1515=EDGE_CURVE('',#1882,#1881,#132,.T.);
#1516=EDGE_CURVE('',#1883,#1882,#133,.T.);
#1517=EDGE_CURVE('',#1884,#1883,#134,.T.);
#1518=EDGE_CURVE('',#1885,#1884,#135,.T.);
#1519=EDGE_CURVE('',#1885,#1886,#136,.T.);
#1520=EDGE_CURVE('',#1886,#1887,#137,.T.);
#1521=EDGE_CURVE('',#1887,#1878,#138,.T.);
#1522=EDGE_CURVE('',#1888,#1888,#2060,.F.);
#1523=EDGE_CURVE('',#1889,#1889,#2061,.F.);
#1524=EDGE_CURVE('',#1890,#1890,#2062,.F.);
#1525=EDGE_CURVE('',#1891,#1891,#2063,.F.);
#1526=EDGE_CURVE('',#1892,#1862,#139,.T.);
#1527=EDGE_CURVE('',#1893,#1878,#140,.T.);
#1528=EDGE_CURVE('',#1893,#1894,#141,.T.);
#1529=EDGE_CURVE('',#1894,#1895,#142,.T.);
#1530=EDGE_CURVE('',#1896,#1895,#143,.T.);
#1531=EDGE_CURVE('',#1897,#1896,#144,.T.);
#1532=EDGE_CURVE('',#1897,#1898,#145,.T.);
#1533=EDGE_CURVE('',#1898,#1869,#146,.T.);
#1534=EDGE_CURVE('',#1899,#1868,#147,.T.);
#1535=EDGE_CURVE('',#1900,#1899,#148,.T.);
#1536=EDGE_CURVE('',#1900,#1866,#149,.T.);
#1537=EDGE_CURVE('',#1901,#1876,#150,.T.);
#1538=EDGE_CURVE('',#1901,#1902,#151,.T.);
#1539=EDGE_CURVE('',#1902,#1903,#152,.T.);
#1540=EDGE_CURVE('',#1903,#1904,#153,.T.);
#1541=EDGE_CURVE('',#1905,#1904,#154,.T.);
#1542=EDGE_CURVE('',#1905,#1906,#155,.T.);
#1543=EDGE_CURVE('',#1906,#1881,#156,.T.);
#1544=EDGE_CURVE('',#1892,#1880,#157,.T.);
#1545=EDGE_CURVE('',#1907,#1856,#158,.T.);
#1546=EDGE_CURVE('',#1908,#1907,#159,.T.);
#1547=EDGE_CURVE('',#1908,#1858,#160,.T.);
#1548=EDGE_CURVE('',#1909,#1910,#161,.T.);
#1549=EDGE_CURVE('',#1910,#1911,#162,.T.);
#1550=EDGE_CURVE('',#1912,#1911,#163,.T.);
#1551=EDGE_CURVE('',#1912,#1909,#164,.T.);
#1552=EDGE_CURVE('',#1913,#1914,#165,.T.);
#1553=EDGE_CURVE('',#1913,#1915,#166,.T.);
#1554=EDGE_CURVE('',#1915,#1827,#167,.T.);
#1555=EDGE_CURVE('',#1826,#1916,#168,.T.);
#1556=EDGE_CURVE('',#1916,#1917,#169,.T.);
#1557=EDGE_CURVE('',#1917,#1918,#170,.T.);
#1558=EDGE_CURVE('',#1914,#1918,#171,.T.);
#1559=EDGE_CURVE('',#1885,#1872,#172,.T.);
#1560=EDGE_CURVE('',#1884,#1873,#173,.T.);
#1561=EDGE_CURVE('',#1919,#1920,#174,.T.);
#1562=EDGE_CURVE('',#1920,#1921,#175,.T.);
#1563=EDGE_CURVE('',#1921,#1922,#176,.T.);
#1564=EDGE_CURVE('',#1922,#1923,#177,.T.);
#1565=EDGE_CURVE('',#1923,#1924,#178,.T.);
#1566=EDGE_CURVE('',#1924,#1925,#179,.T.);
#1567=EDGE_CURVE('',#1925,#1926,#180,.T.);
#1568=EDGE_CURVE('',#1926,#1927,#181,.F.);
#1569=EDGE_CURVE('',#1928,#1927,#182,.T.);
#1570=EDGE_CURVE('',#1929,#1928,#183,.T.);
#1571=EDGE_CURVE('',#1930,#1929,#184,.T.);
#1572=EDGE_CURVE('',#1930,#1919,#185,.T.);
#1573=EDGE_CURVE('',#1894,#1931,#186,.T.);
#1574=EDGE_CURVE('',#1932,#1931,#187,.T.);
#1575=EDGE_CURVE('',#1932,#1895,#188,.T.);
#1576=EDGE_CURVE('',#1931,#1933,#189,.T.);
#1577=EDGE_CURVE('',#1887,#1933,#190,.T.);
#1578=EDGE_CURVE('',#1886,#1932,#191,.T.);
#1579=EDGE_CURVE('',#1934,#1935,#192,.T.);
#1580=EDGE_CURVE('',#1935,#1897,#193,.T.);
#1581=EDGE_CURVE('',#1934,#1896,#194,.T.);
#1582=EDGE_CURVE('',#1870,#1936,#195,.T.);
#1583=EDGE_CURVE('',#1936,#1935,#196,.T.);
#1584=EDGE_CURVE('',#1871,#1934,#197,.T.);
#1585=EDGE_CURVE('',#1883,#1937,#198,.T.);
#1586=EDGE_CURVE('',#1937,#1904,#199,.T.);
#1587=EDGE_CURVE('',#1938,#1903,#200,.T.);
#1588=EDGE_CURVE('',#1874,#1938,#201,.T.);
#1589=EDGE_CURVE('',#1927,#1822,#202,.T.);
#1590=EDGE_CURVE('',#1928,#1833,#203,.T.);
#1591=EDGE_CURVE('',#1939,#1939,#2064,.F.);
#1592=EDGE_CURVE('',#1831,#1930,#204,.T.);
#1593=EDGE_CURVE('',#1929,#1832,#205,.T.);
#1594=EDGE_CURVE('',#1940,#1940,#2065,.T.);
#1595=EDGE_CURVE('',#1941,#1942,#206,.T.);
#1596=EDGE_CURVE('',#1943,#1941,#207,.T.);
#1597=EDGE_CURVE('',#1943,#1944,#208,.T.);
#1598=EDGE_CURVE('',#1942,#1944,#209,.T.);
#1599=EDGE_CURVE('',#1945,#1946,#210,.T.);
#1600=EDGE_CURVE('',#1947,#1945,#211,.T.);
#1601=EDGE_CURVE('',#1947,#1948,#212,.T.);
#1602=EDGE_CURVE('',#1946,#1948,#213,.T.);
#1603=EDGE_CURVE('',#1949,#1949,#2066,.T.);
#1604=EDGE_CURVE('',#1950,#1951,#214,.T.);
#1605=EDGE_CURVE('',#1951,#1829,#215,.T.);
#1606=EDGE_CURVE('',#1828,#1950,#216,.T.);
#1607=EDGE_CURVE('',#1952,#1953,#217,.T.);
#1608=EDGE_CURVE('',#1952,#1954,#218,.T.);
#1609=EDGE_CURVE('',#1955,#1954,#219,.T.);
#1610=EDGE_CURVE('',#1953,#1955,#220,.T.);
#1611=EDGE_CURVE('',#1956,#1957,#221,.T.);
#1612=EDGE_CURVE('',#1956,#1958,#222,.T.);
#1613=EDGE_CURVE('',#1959,#1958,#223,.T.);
#1614=EDGE_CURVE('',#1957,#1959,#224,.T.);
#1615=EDGE_CURVE('',#1960,#1960,#2067,.T.);
#1616=EDGE_CURVE('',#1824,#1961,#225,.T.);
#1617=EDGE_CURVE('',#1961,#1962,#226,.T.);
#1618=EDGE_CURVE('',#1962,#1825,#227,.T.);
#1619=EDGE_CURVE('',#1928,#1963,#228,.T.);
#1620=EDGE_CURVE('',#1964,#1963,#229,.T.);
#1621=EDGE_CURVE('',#1929,#1964,#230,.T.);
#1622=EDGE_CURVE('',#1963,#1833,#231,.T.);
#1623=EDGE_CURVE('',#1964,#1832,#232,.T.);
#1624=EDGE_CURVE('',#1915,#1920,#233,.T.);
#1625=EDGE_CURVE('',#1920,#1950,#234,.T.);
#1626=EDGE_CURVE('',#1962,#1925,#235,.T.);
#1627=EDGE_CURVE('',#1925,#1916,#236,.F.);
#1628=EDGE_CURVE('',#1902,#1965,#237,.T.);
#1629=EDGE_CURVE('',#1938,#1965,#238,.T.);
#1630=EDGE_CURVE('',#1875,#1966,#239,.T.);
#1631=EDGE_CURVE('',#1966,#1901,#240,.T.);
#1632=EDGE_CURVE('',#1965,#1966,#241,.T.);
#1633=EDGE_CURVE('',#1933,#1893,#242,.T.);
#1634=EDGE_CURVE('',#1898,#1936,#243,.T.);
#1635=EDGE_CURVE('',#1906,#1967,#244,.T.);
#1636=EDGE_CURVE('',#1882,#1967,#245,.T.);
#1637=EDGE_CURVE('',#1937,#1968,#246,.T.);
#1638=EDGE_CURVE('',#1968,#1905,#247,.T.);
#1639=EDGE_CURVE('',#1967,#1968,#248,.T.);
#1640=EDGE_CURVE('',#1917,#1924,#249,.F.);
#1641=EDGE_CURVE('',#1923,#1969,#250,.T.);
#1642=EDGE_CURVE('',#1918,#1969,#251,.T.);
#1643=EDGE_CURVE('',#1922,#1970,#252,.T.);
#1644=EDGE_CURVE('',#1969,#1970,#253,.T.);
#1645=EDGE_CURVE('',#1921,#1913,#254,.F.);
#1646=EDGE_CURVE('',#1970,#1914,#255,.T.);
#1647=EDGE_CURVE('',#1971,#1908,#256,.T.);
#1648=EDGE_CURVE('',#1859,#1971,#257,.T.);
#1649=EDGE_CURVE('',#1972,#1907,#258,.T.);
#1650=EDGE_CURVE('',#1973,#1972,#259,.T.);
#1651=EDGE_CURVE('',#1973,#1892,#260,.T.);
#1652=EDGE_CURVE('',#1879,#1971,#261,.T.);
#1653=EDGE_CURVE('',#1865,#1974,#262,.T.);
#1654=EDGE_CURVE('',#1974,#1975,#263,.T.);
#1655=EDGE_CURVE('',#1867,#1975,#264,.T.);
#1656=EDGE_CURVE('',#1900,#1976,#265,.T.);
#1657=EDGE_CURVE('',#1976,#1977,#266,.T.);
#1658=EDGE_CURVE('',#1910,#1977,#267,.T.);
#1659=EDGE_CURVE('',#1974,#1909,#268,.T.);
#1660=EDGE_CURVE('',#1899,#1978,#269,.T.);
#1661=EDGE_CURVE('',#1975,#1912,#270,.T.);
#1662=EDGE_CURVE('',#1911,#1979,#271,.T.);
#1663=EDGE_CURVE('',#1978,#1979,#272,.T.);
#1664=EDGE_CURVE('',#1976,#1978,#273,.T.);
#1665=EDGE_CURVE('',#1977,#1979,#274,.T.);
#1666=EDGE_CURVE('',#1972,#1857,#275,.T.);
#1667=EDGE_CURVE('',#1973,#1863,#276,.T.);
#1668=EDGE_CURVE('',#1980,#1981,#46,.T.);
#1669=EDGE_CURVE('',#1982,#1980,#277,.T.);
#1670=EDGE_CURVE('',#1982,#1983,#47,.T.);
#1671=EDGE_CURVE('',#1983,#1981,#278,.T.);
#1672=EDGE_CURVE('',#1984,#1980,#279,.T.);
#1673=EDGE_CURVE('',#1985,#1984,#280,.T.);
#1674=EDGE_CURVE('',#1985,#1982,#281,.T.);
#1675=EDGE_CURVE('',#1986,#1984,#282,.T.);
#1676=EDGE_CURVE('',#1987,#1986,#283,.T.);
#1677=EDGE_CURVE('',#1987,#1985,#284,.T.);
#1678=EDGE_CURVE('',#1988,#1986,#285,.T.);
#1679=EDGE_CURVE('',#1989,#1988,#286,.T.);
#1680=EDGE_CURVE('',#1989,#1987,#287,.T.);
#1681=EDGE_CURVE('',#1990,#1988,#48,.T.);
#1682=EDGE_CURVE('',#1991,#1990,#288,.T.);
#1683=EDGE_CURVE('',#1991,#1989,#49,.T.);
#1684=EDGE_CURVE('',#1992,#1990,#50,.T.);
#1685=EDGE_CURVE('',#1993,#1992,#289,.T.);
#1686=EDGE_CURVE('',#1993,#1991,#51,.T.);
#1687=EDGE_CURVE('',#1994,#1834,#290,.T.);
#1688=EDGE_CURVE('',#1994,#1995,#291,.T.);
#1689=EDGE_CURVE('',#1995,#1835,#292,.T.);
#1690=EDGE_CURVE('',#1996,#1842,#293,.T.);
#1691=EDGE_CURVE('',#1996,#1994,#294,.T.);
#1692=EDGE_CURVE('',#1997,#1841,#295,.T.);
#1693=EDGE_CURVE('',#1997,#1996,#296,.T.);
#1694=EDGE_CURVE('',#1998,#1840,#297,.T.);
#1695=EDGE_CURVE('',#1998,#1997,#298,.T.);
#1696=EDGE_CURVE('',#1999,#1839,#299,.T.);
#1697=EDGE_CURVE('',#1999,#1998,#300,.T.);
#1698=EDGE_CURVE('',#2000,#1838,#301,.T.);
#1699=EDGE_CURVE('',#2000,#1999,#52,.T.);
#1700=EDGE_CURVE('',#2001,#1837,#302,.T.);
#1701=EDGE_CURVE('',#2001,#2000,#53,.T.);
#1702=EDGE_CURVE('',#2002,#1836,#303,.T.);
#1703=EDGE_CURVE('',#2002,#2001,#54,.T.);
#1704=EDGE_CURVE('',#1995,#2002,#55,.T.);
#1705=EDGE_CURVE('',#1981,#1992,#56,.T.);
#1706=EDGE_CURVE('',#1983,#1993,#57,.T.);
#1707=EDGE_CURVE('',#2003,#1810,#304,.T.);
#1708=EDGE_CURVE('',#2003,#2004,#305,.T.);
#1709=EDGE_CURVE('',#2004,#1811,#306,.T.);
#1710=EDGE_CURVE('',#2005,#1821,#307,.T.);
#1711=EDGE_CURVE('',#2005,#2003,#308,.T.);
#1712=EDGE_CURVE('',#2006,#1820,#309,.T.);
#1713=EDGE_CURVE('',#2006,#2005,#310,.T.);
#1714=EDGE_CURVE('',#2007,#1819,#311,.T.);
#1715=EDGE_CURVE('',#2007,#2006,#312,.T.);
#1716=EDGE_CURVE('',#2008,#1818,#313,.T.);
#1717=EDGE_CURVE('',#2008,#2007,#314,.T.);
#1718=EDGE_CURVE('',#2009,#1817,#315,.T.);
#1719=EDGE_CURVE('',#2009,#2008,#316,.T.);
#1720=EDGE_CURVE('',#2010,#1816,#317,.T.);
#1721=EDGE_CURVE('',#2010,#2009,#318,.T.);
#1722=EDGE_CURVE('',#2011,#1815,#319,.T.);
#1723=EDGE_CURVE('',#2011,#2010,#320,.T.);
#1724=EDGE_CURVE('',#2012,#1814,#321,.T.);
#1725=EDGE_CURVE('',#2012,#2011,#322,.T.);
#1726=EDGE_CURVE('',#2013,#1813,#323,.T.);
#1727=EDGE_CURVE('',#2013,#2012,#324,.T.);
#1728=EDGE_CURVE('',#2014,#1812,#325,.T.);
#1729=EDGE_CURVE('',#2014,#2013,#326,.T.);
#1730=EDGE_CURVE('',#2004,#2014,#327,.T.);
#1731=EDGE_CURVE('',#2015,#2016,#328,.T.);
#1732=EDGE_CURVE('',#2017,#2015,#329,.T.);
#1733=EDGE_CURVE('',#2017,#2018,#330,.T.);
#1734=EDGE_CURVE('',#2018,#2016,#331,.T.);
#1735=EDGE_CURVE('',#2019,#2015,#332,.T.);
#1736=EDGE_CURVE('',#2020,#2019,#333,.T.);
#1737=EDGE_CURVE('',#2020,#2017,#334,.T.);
#1738=EDGE_CURVE('',#2021,#2019,#335,.T.);
#1739=EDGE_CURVE('',#2022,#2021,#336,.T.);
#1740=EDGE_CURVE('',#2022,#2020,#337,.T.);
#1741=EDGE_CURVE('',#2023,#2021,#58,.T.);
#1742=EDGE_CURVE('',#2024,#2023,#338,.T.);
#1743=EDGE_CURVE('',#2024,#2022,#59,.T.);
#1744=EDGE_CURVE('',#2025,#2023,#60,.T.);
#1745=EDGE_CURVE('',#2026,#2025,#339,.T.);
#1746=EDGE_CURVE('',#2026,#2024,#61,.T.);
#1747=EDGE_CURVE('',#2027,#2025,#62,.T.);
#1748=EDGE_CURVE('',#2028,#2027,#340,.T.);
#1749=EDGE_CURVE('',#2028,#2026,#63,.T.);
#1750=EDGE_CURVE('',#2029,#1843,#341,.T.);
#1751=EDGE_CURVE('',#2029,#2030,#342,.T.);
#1752=EDGE_CURVE('',#2030,#1844,#343,.T.);
#1753=EDGE_CURVE('',#2031,#1855,#344,.T.);
#1754=EDGE_CURVE('',#2031,#2029,#345,.T.);
#1755=EDGE_CURVE('',#2032,#1854,#346,.T.);
#1756=EDGE_CURVE('',#2032,#2031,#347,.T.);
#1757=EDGE_CURVE('',#2033,#1853,#348,.T.);
#1758=EDGE_CURVE('',#2033,#2032,#64,.T.);
#1759=EDGE_CURVE('',#2034,#1852,#349,.T.);
#1760=EDGE_CURVE('',#2034,#2033,#65,.T.);
#1761=EDGE_CURVE('',#2035,#1851,#350,.T.);
#1762=EDGE_CURVE('',#2035,#2034,#66,.T.);
#1763=EDGE_CURVE('',#2036,#1850,#351,.T.);
#1764=EDGE_CURVE('',#2036,#2035,#67,.T.);
#1765=EDGE_CURVE('',#2037,#1849,#352,.T.);
#1766=EDGE_CURVE('',#2037,#2036,#68,.T.);
#1767=EDGE_CURVE('',#2038,#1848,#353,.T.);
#1768=EDGE_CURVE('',#2038,#2037,#354,.T.);
#1769=EDGE_CURVE('',#2039,#1847,#355,.T.);
#1770=EDGE_CURVE('',#2039,#2038,#356,.T.);
#1771=EDGE_CURVE('',#2040,#1846,#357,.T.);
#1772=EDGE_CURVE('',#2040,#2039,#358,.T.);
#1773=EDGE_CURVE('',#2041,#1845,#359,.T.);
#1774=EDGE_CURVE('',#2041,#2040,#360,.T.);
#1775=EDGE_CURVE('',#2030,#2041,#361,.T.);
#1776=EDGE_CURVE('',#2016,#2027,#69,.T.);
#1777=EDGE_CURVE('',#2018,#2028,#70,.T.);
#1778=EDGE_CURVE('',#1830,#2042,#362,.T.);
#1779=EDGE_CURVE('',#2042,#1919,#363,.F.);
#1780=EDGE_CURVE('',#1926,#2043,#364,.F.);
#1781=EDGE_CURVE('',#2043,#1823,#365,.F.);
#1782=EDGE_CURVE('',#2042,#1951,#366,.T.);
#1783=EDGE_CURVE('',#1961,#2043,#367,.F.);
#1784=EDGE_CURVE('',#2044,#2044,#2068,.T.);
#1785=EDGE_CURVE('',#2045,#2045,#2069,.T.);
#1786=EDGE_CURVE('',#1956,#2046,#368,.T.);
#1787=EDGE_CURVE('',#1957,#2047,#369,.T.);
#1788=EDGE_CURVE('',#2046,#2047,#370,.T.);
#1789=EDGE_CURVE('',#2047,#1959,#371,.T.);
#1790=EDGE_CURVE('',#2046,#1958,#372,.T.);
#1791=EDGE_CURVE('',#1947,#2048,#373,.T.);
#1792=EDGE_CURVE('',#1945,#2049,#374,.T.);
#1793=EDGE_CURVE('',#2049,#2048,#375,.T.);
#1794=EDGE_CURVE('',#2049,#1946,#376,.T.);
#1795=EDGE_CURVE('',#2048,#1948,#377,.T.);
#1796=EDGE_CURVE('',#2050,#1955,#378,.T.);
#1797=EDGE_CURVE('',#2051,#1954,#379,.T.);
#1798=EDGE_CURVE('',#2051,#2050,#380,.T.);
#1799=EDGE_CURVE('',#1952,#2051,#381,.T.);
#1800=EDGE_CURVE('',#1953,#2050,#382,.T.);
#1801=EDGE_CURVE('',#1943,#2052,#383,.T.);
#1802=EDGE_CURVE('',#1941,#2053,#384,.T.);
#1803=EDGE_CURVE('',#2053,#2052,#385,.T.);
#1804=EDGE_CURVE('',#2053,#1942,#386,.T.);
#1805=EDGE_CURVE('',#2052,#1944,#387,.T.);
#1806=VERTEX_POINT('',#3418);
#1807=VERTEX_POINT('',#3420);
#1808=VERTEX_POINT('',#3422);
#1809=VERTEX_POINT('',#3424);
#1810=VERTEX_POINT('',#3426);
#1811=VERTEX_POINT('',#3427);
#1812=VERTEX_POINT('',#3429);
#1813=VERTEX_POINT('',#3431);
#1814=VERTEX_POINT('',#3433);
#1815=VERTEX_POINT('',#3435);
#1816=VERTEX_POINT('',#3437);
#1817=VERTEX_POINT('',#3439);
#1818=VERTEX_POINT('',#3441);
#1819=VERTEX_POINT('',#3443);
#1820=VERTEX_POINT('',#3445);
#1821=VERTEX_POINT('',#3447);
#1822=VERTEX_POINT('',#3450);
#1823=VERTEX_POINT('',#3451);
#1824=VERTEX_POINT('',#3453);
#1825=VERTEX_POINT('',#3455);
#1826=VERTEX_POINT('',#3457);
#1827=VERTEX_POINT('',#3459);
#1828=VERTEX_POINT('',#3461);
#1829=VERTEX_POINT('',#3463);
#1830=VERTEX_POINT('',#3465);
#1831=VERTEX_POINT('',#3467);
#1832=VERTEX_POINT('',#3469);
#1833=VERTEX_POINT('',#3471);
#1834=VERTEX_POINT('',#3474);
#1835=VERTEX_POINT('',#3475);
#1836=VERTEX_POINT('',#3479);
#1837=VERTEX_POINT('',#3483);
#1838=VERTEX_POINT('',#3487);
#1839=VERTEX_POINT('',#3491);
#1840=VERTEX_POINT('',#3493);
#1841=VERTEX_POINT('',#3495);
#1842=VERTEX_POINT('',#3497);
#1843=VERTEX_POINT('',#3500);
#1844=VERTEX_POINT('',#3501);
#1845=VERTEX_POINT('',#3503);
#1846=VERTEX_POINT('',#3505);
#1847=VERTEX_POINT('',#3507);
#1848=VERTEX_POINT('',#3509);
#1849=VERTEX_POINT('',#3511);
#1850=VERTEX_POINT('',#3515);
#1851=VERTEX_POINT('',#3519);
#1852=VERTEX_POINT('',#3523);
#1853=VERTEX_POINT('',#3527);
#1854=VERTEX_POINT('',#3531);
#1855=VERTEX_POINT('',#3533);
#1856=VERTEX_POINT('',#3537);
#1857=VERTEX_POINT('',#3538);
#1858=VERTEX_POINT('',#3540);
#1859=VERTEX_POINT('',#3542);
#1860=VERTEX_POINT('',#3544);
#1861=VERTEX_POINT('',#3546);
#1862=VERTEX_POINT('',#3548);
#1863=VERTEX_POINT('',#3550);
#1864=VERTEX_POINT('',#3554);
#1865=VERTEX_POINT('',#3556);
#1866=VERTEX_POINT('',#3557);
#1867=VERTEX_POINT('',#3559);
#1868=VERTEX_POINT('',#3561);
#1869=VERTEX_POINT('',#3563);
#1870=VERTEX_POINT('',#3565);
#1871=VERTEX_POINT('',#3567);
#1872=VERTEX_POINT('',#3569);
#1873=VERTEX_POINT('',#3571);
#1874=VERTEX_POINT('',#3573);
#1875=VERTEX_POINT('',#3575);
#1876=VERTEX_POINT('',#3577);
#1877=VERTEX_POINT('',#3581);
#1878=VERTEX_POINT('',#3583);
#1879=VERTEX_POINT('',#3585);
#1880=VERTEX_POINT('',#3587);
#1881=VERTEX_POINT('',#3589);
#1882=VERTEX_POINT('',#3591);
#1883=VERTEX_POINT('',#3593);
#1884=VERTEX_POINT('',#3595);
#1885=VERTEX_POINT('',#3597);
#1886=VERTEX_POINT('',#3599);
#1887=VERTEX_POINT('',#3601);
#1888=VERTEX_POINT('',#3605);
#1889=VERTEX_POINT('',#3607);
#1890=VERTEX_POINT('',#3609);
#1891=VERTEX_POINT('',#3611);
#1892=VERTEX_POINT('',#3613);
#1893=VERTEX_POINT('',#3615);
#1894=VERTEX_POINT('',#3617);
#1895=VERTEX_POINT('',#3619);
#1896=VERTEX_POINT('',#3621);
#1897=VERTEX_POINT('',#3623);
#1898=VERTEX_POINT('',#3625);
#1899=VERTEX_POINT('',#3628);
#1900=VERTEX_POINT('',#3630);
#1901=VERTEX_POINT('',#3633);
#1902=VERTEX_POINT('',#3635);
#1903=VERTEX_POINT('',#3637);
#1904=VERTEX_POINT('',#3639);
#1905=VERTEX_POINT('',#3641);
#1906=VERTEX_POINT('',#3643);
#1907=VERTEX_POINT('',#3647);
#1908=VERTEX_POINT('',#3649);
#1909=VERTEX_POINT('',#3652);
#1910=VERTEX_POINT('',#3653);
#1911=VERTEX_POINT('',#3655);
#1912=VERTEX_POINT('',#3657);
#1913=VERTEX_POINT('',#3661);
#1914=VERTEX_POINT('',#3662);
#1915=VERTEX_POINT('',#3664);
#1916=VERTEX_POINT('',#3667);
#1917=VERTEX_POINT('',#3669);
#1918=VERTEX_POINT('',#3671);
#1919=VERTEX_POINT('',#3677);
#1920=VERTEX_POINT('',#3678);
#1921=VERTEX_POINT('',#3680);
#1922=VERTEX_POINT('',#3682);
#1923=VERTEX_POINT('',#3684);
#1924=VERTEX_POINT('',#3686);
#1925=VERTEX_POINT('',#3688);
#1926=VERTEX_POINT('',#3690);
#1927=VERTEX_POINT('',#3692);
#1928=VERTEX_POINT('',#3694);
#1929=VERTEX_POINT('',#3696);
#1930=VERTEX_POINT('',#3698);
#1931=VERTEX_POINT('',#3702);
#1932=VERTEX_POINT('',#3704);
#1933=VERTEX_POINT('',#3708);
#1934=VERTEX_POINT('',#3713);
#1935=VERTEX_POINT('',#3714);
#1936=VERTEX_POINT('',#3719);
#1937=VERTEX_POINT('',#3724);
#1938=VERTEX_POINT('',#3727);
#1939=VERTEX_POINT('',#3734);
#1940=VERTEX_POINT('',#3740);
#1941=VERTEX_POINT('',#3743);
#1942=VERTEX_POINT('',#3744);
#1943=VERTEX_POINT('',#3746);
#1944=VERTEX_POINT('',#3748);
#1945=VERTEX_POINT('',#3751);
#1946=VERTEX_POINT('',#3752);
#1947=VERTEX_POINT('',#3754);
#1948=VERTEX_POINT('',#3756);
#1949=VERTEX_POINT('',#3759);
#1950=VERTEX_POINT('',#3761);
#1951=VERTEX_POINT('',#3762);
#1952=VERTEX_POINT('',#3767);
#1953=VERTEX_POINT('',#3768);
#1954=VERTEX_POINT('',#3770);
#1955=VERTEX_POINT('',#3772);
#1956=VERTEX_POINT('',#3775);
#1957=VERTEX_POINT('',#3776);
#1958=VERTEX_POINT('',#3778);
#1959=VERTEX_POINT('',#3780);
#1960=VERTEX_POINT('',#3783);
#1961=VERTEX_POINT('',#3785);
#1962=VERTEX_POINT('',#3787);
#1963=VERTEX_POINT('',#3791);
#1964=VERTEX_POINT('',#3793);
#1965=VERTEX_POINT('',#3808);
#1966=VERTEX_POINT('',#3812);
#1967=VERTEX_POINT('',#3822);
#1968=VERTEX_POINT('',#3826);
#1969=VERTEX_POINT('',#3834);
#1970=VERTEX_POINT('',#3838);
#1971=VERTEX_POINT('',#3846);
#1972=VERTEX_POINT('',#3850);
#1973=VERTEX_POINT('',#3852);
#1974=VERTEX_POINT('',#3858);
#1975=VERTEX_POINT('',#3860);
#1976=VERTEX_POINT('',#3864);
#1977=VERTEX_POINT('',#3866);
#1978=VERTEX_POINT('',#3871);
#1979=VERTEX_POINT('',#3874);
#1980=VERTEX_POINT('',#3898);
#1981=VERTEX_POINT('',#3899);
#1982=VERTEX_POINT('',#3901);
#1983=VERTEX_POINT('',#3905);
#1984=VERTEX_POINT('',#3909);
#1985=VERTEX_POINT('',#3911);
#1986=VERTEX_POINT('',#3915);
#1987=VERTEX_POINT('',#3917);
#1988=VERTEX_POINT('',#3921);
#1989=VERTEX_POINT('',#3923);
#1990=VERTEX_POINT('',#3936);
#1991=VERTEX_POINT('',#3938);
#1992=VERTEX_POINT('',#3953);
#1993=VERTEX_POINT('',#3955);
#1994=VERTEX_POINT('',#3961);
#1995=VERTEX_POINT('',#3963);
#1996=VERTEX_POINT('',#3967);
#1997=VERTEX_POINT('',#3971);
#1998=VERTEX_POINT('',#3975);
#1999=VERTEX_POINT('',#3979);
#2000=VERTEX_POINT('',#3990);
#2001=VERTEX_POINT('',#4003);
#2002=VERTEX_POINT('',#4016);
#2003=VERTEX_POINT('',#4048);
#2004=VERTEX_POINT('',#4050);
#2005=VERTEX_POINT('',#4054);
#2006=VERTEX_POINT('',#4058);
#2007=VERTEX_POINT('',#4062);
#2008=VERTEX_POINT('',#4066);
#2009=VERTEX_POINT('',#4070);
#2010=VERTEX_POINT('',#4074);
#2011=VERTEX_POINT('',#4078);
#2012=VERTEX_POINT('',#4082);
#2013=VERTEX_POINT('',#4086);
#2014=VERTEX_POINT('',#4090);
#2015=VERTEX_POINT('',#4097);
#2016=VERTEX_POINT('',#4098);
#2017=VERTEX_POINT('',#4100);
#2018=VERTEX_POINT('',#4102);
#2019=VERTEX_POINT('',#4106);
#2020=VERTEX_POINT('',#4108);
#2021=VERTEX_POINT('',#4112);
#2022=VERTEX_POINT('',#4114);
#2023=VERTEX_POINT('',#4127);
#2024=VERTEX_POINT('',#4129);
#2025=VERTEX_POINT('',#4144);
#2026=VERTEX_POINT('',#4146);
#2027=VERTEX_POINT('',#4161);
#2028=VERTEX_POINT('',#4163);
#2029=VERTEX_POINT('',#4169);
#2030=VERTEX_POINT('',#4171);
#2031=VERTEX_POINT('',#4175);
#2032=VERTEX_POINT('',#4179);
#2033=VERTEX_POINT('',#4190);
#2034=VERTEX_POINT('',#4203);
#2035=VERTEX_POINT('',#4216);
#2036=VERTEX_POINT('',#4229);
#2037=VERTEX_POINT('',#4242);
#2038=VERTEX_POINT('',#4248);
#2039=VERTEX_POINT('',#4252);
#2040=VERTEX_POINT('',#4256);
#2041=VERTEX_POINT('',#4260);
#2042=VERTEX_POINT('',#4283);
#2043=VERTEX_POINT('',#4287);
#2044=VERTEX_POINT('',#4307);
#2045=VERTEX_POINT('',#4311);
#2046=VERTEX_POINT('',#4315);
#2047=VERTEX_POINT('',#4317);
#2048=VERTEX_POINT('',#4326);
#2049=VERTEX_POINT('',#4328);
#2050=VERTEX_POINT('',#4337);
#2051=VERTEX_POINT('',#4339);
#2052=VERTEX_POINT('',#4348);
#2053=VERTEX_POINT('',#4350);
#2054=CIRCLE('',#2683,0.00175);
#2055=CIRCLE('',#2684,0.00175);
#2056=CIRCLE('',#2685,0.00212163140333688);
#2057=CIRCLE('',#2686,0.003);
#2058=CIRCLE('',#2689,0.00236359190120889);
#2059=CIRCLE('',#2691,0.00236359190120889);
#2060=CIRCLE('',#2693,0.00175);
#2061=CIRCLE('',#2694,0.00175);
#2062=CIRCLE('',#2695,0.00212163140333688);
#2063=CIRCLE('',#2696,0.003);
#2064=CIRCLE('',#2706,0.00236359190120889);
#2065=CIRCLE('',#2709,0.00236359190120889);
#2066=CIRCLE('',#2711,0.00703770845100164);
#2067=CIRCLE('',#2713,0.00703770845100164);
#2068=CIRCLE('',#2799,0.00703770845100164);
#2069=CIRCLE('',#2802,0.00703770845100164);
#2070=EDGE_LOOP('',(#705));
#2071=EDGE_LOOP('',(#706));
#2072=EDGE_LOOP('',(#707));
#2073=EDGE_LOOP('',(#708));
#2074=EDGE_LOOP('',(#709,#710,#711,#712,#713,#714,#715,#716,#717,#718,#719,
#720));
#2075=EDGE_LOOP('',(#721,#722,#723,#724,#725,#726,#727,#728,#729,#730,#731,
#732));
#2076=EDGE_LOOP('',(#733,#734,#735,#736,#737,#738,#739,#740,#741));
#2077=EDGE_LOOP('',(#742,#743,#744,#745,#746,#747,#748,#749,#750,#751,#752,
#753,#754));
#2078=EDGE_LOOP('',(#755,#756,#757,#758,#759,#760,#761,#762));
#2079=EDGE_LOOP('',(#763));
#2080=EDGE_LOOP('',(#764,#765,#766,#767,#768,#769,#770,#771,#772,#773,#774,
#775));
#2081=EDGE_LOOP('',(#776));
#2082=EDGE_LOOP('',(#777,#778,#779,#780,#781,#782,#783,#784,#785,#786,#787,
#788));
#2083=EDGE_LOOP('',(#789));
#2084=EDGE_LOOP('',(#790));
#2085=EDGE_LOOP('',(#791));
#2086=EDGE_LOOP('',(#792));
#2087=EDGE_LOOP('',(#793,#794,#795,#796,#797,#798,#799,#800,#801,#802,#803,
#804,#805,#806,#807,#808,#809,#810,#811,#812,#813,#814,#815,#816));
#2088=EDGE_LOOP('',(#817,#818,#819,#820));
#2089=EDGE_LOOP('',(#821,#822,#823,#824));
#2090=EDGE_LOOP('',(#825,#826,#827,#828,#829,#830,#831,#832));
#2091=EDGE_LOOP('',(#833,#834,#835,#836));
#2092=EDGE_LOOP('',(#837,#838,#839,#840,#841,#842,#843,#844,#845,#846,#847,
#848));
#2093=EDGE_LOOP('',(#849,#850,#851,#852));
#2094=EDGE_LOOP('',(#853,#854,#855,#856,#857));
#2095=EDGE_LOOP('',(#858,#859,#860,#861));
#2096=EDGE_LOOP('',(#862,#863,#864,#865,#866));
#2097=EDGE_LOOP('',(#867,#868,#869,#870,#871,#872,#873,#874));
#2098=EDGE_LOOP('',(#875,#876,#877,#878));
#2099=EDGE_LOOP('',(#879));
#2100=EDGE_LOOP('',(#880));
#2101=EDGE_LOOP('',(#881,#882,#883,#884));
#2102=EDGE_LOOP('',(#885));
#2103=EDGE_LOOP('',(#886));
#2104=EDGE_LOOP('',(#887,#888,#889,#890));
#2105=EDGE_LOOP('',(#891,#892,#893,#894));
#2106=EDGE_LOOP('',(#895));
#2107=EDGE_LOOP('',(#896,#897,#898,#899));
#2108=EDGE_LOOP('',(#900,#901,#902,#903));
#2109=EDGE_LOOP('',(#904,#905,#906,#907));
#2110=EDGE_LOOP('',(#908));
#2111=EDGE_LOOP('',(#909,#910,#911,#912));
#2112=EDGE_LOOP('',(#913,#914,#915,#916));
#2113=EDGE_LOOP('',(#917,#918,#919,#920));
#2114=EDGE_LOOP('',(#921,#922,#923));
#2115=EDGE_LOOP('',(#924,#925,#926));
#2116=EDGE_LOOP('',(#927,#928,#929,#930,#931));
#2117=EDGE_LOOP('',(#932,#933,#934,#935,#936));
#2118=EDGE_LOOP('',(#937,#938,#939,#940));
#2119=EDGE_LOOP('',(#941,#942,#943,#944));
#2120=EDGE_LOOP('',(#945,#946,#947,#948,#949));
#2121=EDGE_LOOP('',(#950,#951,#952,#953));
#2122=EDGE_LOOP('',(#954,#955,#956,#957));
#2123=EDGE_LOOP('',(#958,#959,#960,#961));
#2124=EDGE_LOOP('',(#962,#963,#964,#965));
#2125=EDGE_LOOP('',(#966,#967,#968,#969,#970));
#2126=EDGE_LOOP('',(#971,#972,#973,#974,#975,#976,#977,#978));
#2127=EDGE_LOOP('',(#979,#980,#981,#982,#983));
#2128=EDGE_LOOP('',(#984,#985,#986,#987));
#2129=EDGE_LOOP('',(#988,#989,#990,#991,#992));
#2130=EDGE_LOOP('',(#993,#994,#995,#996));
#2131=EDGE_LOOP('',(#997,#998,#999,#1000));
#2132=EDGE_LOOP('',(#1001,#1002,#1003,#1004,#1005,#1006,#1007,#1008));
#2133=EDGE_LOOP('',(#1009,#1010,#1011,#1012));
#2134=EDGE_LOOP('',(#1013,#1014,#1015,#1016));
#2135=EDGE_LOOP('',(#1017,#1018,#1019,#1020,#1021,#1022,#1023,#1024));
#2136=EDGE_LOOP('',(#1025,#1026,#1027,#1028,#1029,#1030,#1031,#1032));
#2137=EDGE_LOOP('',(#1033,#1034,#1035,#1036));
#2138=EDGE_LOOP('',(#1037,#1038,#1039,#1040));
#2139=EDGE_LOOP('',(#1041,#1042,#1043,#1044));
#2140=EDGE_LOOP('',(#1045,#1046,#1047,#1048));
#2141=EDGE_LOOP('',(#1049,#1050,#1051,#1052));
#2142=EDGE_LOOP('',(#1053,#1054,#1055,#1056));
#2143=EDGE_LOOP('',(#1057,#1058,#1059,#1060));
#2144=EDGE_LOOP('',(#1061,#1062,#1063,#1064));
#2145=EDGE_LOOP('',(#1065,#1066,#1067,#1068));
#2146=EDGE_LOOP('',(#1069,#1070,#1071,#1072));
#2147=EDGE_LOOP('',(#1073,#1074,#1075,#1076));
#2148=EDGE_LOOP('',(#1077,#1078,#1079,#1080));
#2149=EDGE_LOOP('',(#1081,#1082,#1083,#1084));
#2150=EDGE_LOOP('',(#1085,#1086,#1087,#1088));
#2151=EDGE_LOOP('',(#1089,#1090,#1091,#1092));
#2152=EDGE_LOOP('',(#1093,#1094,#1095,#1096));
#2153=EDGE_LOOP('',(#1097,#1098,#1099,#1100));
#2154=EDGE_LOOP('',(#1101,#1102,#1103,#1104));
#2155=EDGE_LOOP('',(#1105,#1106,#1107,#1108));
#2156=EDGE_LOOP('',(#1109,#1110,#1111,#1112));
#2157=EDGE_LOOP('',(#1113,#1114,#1115,#1116));
#2158=EDGE_LOOP('',(#1117,#1118,#1119,#1120));
#2159=EDGE_LOOP('',(#1121,#1122,#1123,#1124));
#2160=EDGE_LOOP('',(#1125,#1126,#1127,#1128,#1129,#1130,#1131,#1132,#1133));
#2161=EDGE_LOOP('',(#1134,#1135,#1136,#1137,#1138,#1139,#1140));
#2162=EDGE_LOOP('',(#1141,#1142,#1143,#1144));
#2163=EDGE_LOOP('',(#1145,#1146,#1147,#1148));
#2164=EDGE_LOOP('',(#1149,#1150,#1151,#1152));
#2165=EDGE_LOOP('',(#1153,#1154,#1155,#1156));
#2166=EDGE_LOOP('',(#1157,#1158,#1159,#1160));
#2167=EDGE_LOOP('',(#1161,#1162,#1163,#1164));
#2168=EDGE_LOOP('',(#1165,#1166,#1167,#1168));
#2169=EDGE_LOOP('',(#1169,#1170,#1171,#1172));
#2170=EDGE_LOOP('',(#1173,#1174,#1175,#1176));
#2171=EDGE_LOOP('',(#1177,#1178,#1179,#1180));
#2172=EDGE_LOOP('',(#1181,#1182,#1183,#1184));
#2173=EDGE_LOOP('',(#1185,#1186,#1187,#1188));
#2174=EDGE_LOOP('',(#1189,#1190,#1191,#1192,#1193,#1194,#1195,#1196,#1197,
#1198,#1199,#1200));
#2175=EDGE_LOOP('',(#1201,#1202,#1203,#1204));
#2176=EDGE_LOOP('',(#1205,#1206,#1207,#1208));
#2177=EDGE_LOOP('',(#1209,#1210,#1211,#1212));
#2178=EDGE_LOOP('',(#1213,#1214,#1215,#1216));
#2179=EDGE_LOOP('',(#1217,#1218,#1219,#1220));
#2180=EDGE_LOOP('',(#1221,#1222,#1223,#1224));
#2181=EDGE_LOOP('',(#1225,#1226,#1227,#1228));
#2182=EDGE_LOOP('',(#1229,#1230,#1231,#1232));
#2183=EDGE_LOOP('',(#1233,#1234,#1235,#1236));
#2184=EDGE_LOOP('',(#1237,#1238,#1239,#1240));
#2185=EDGE_LOOP('',(#1241,#1242,#1243,#1244));
#2186=EDGE_LOOP('',(#1245,#1246,#1247,#1248));
#2187=EDGE_LOOP('',(#1249,#1250,#1251,#1252));
#2188=EDGE_LOOP('',(#1253,#1254,#1255,#1256));
#2189=EDGE_LOOP('',(#1257,#1258,#1259,#1260));
#2190=EDGE_LOOP('',(#1261,#1262,#1263,#1264));
#2191=EDGE_LOOP('',(#1265,#1266,#1267,#1268));
#2192=EDGE_LOOP('',(#1269,#1270,#1271,#1272));
#2193=EDGE_LOOP('',(#1273,#1274,#1275,#1276));
#2194=EDGE_LOOP('',(#1277,#1278,#1279,#1280));
#2195=EDGE_LOOP('',(#1281,#1282,#1283,#1284,#1285,#1286,#1287,#1288,#1289,
#1290,#1291,#1292,#1293));
#2196=EDGE_LOOP('',(#1294,#1295,#1296,#1297,#1298,#1299,#1300));
#2197=EDGE_LOOP('',(#1301,#1302,#1303,#1304,#1305,#1306,#1307));
#2198=EDGE_LOOP('',(#1308,#1309,#1310,#1311,#1312,#1313,#1314));
#2199=EDGE_LOOP('',(#1315,#1316,#1317,#1318,#1319));
#2200=EDGE_LOOP('',(#1320,#1321,#1322,#1323,#1324));
#2201=EDGE_LOOP('',(#1325));
#2202=EDGE_LOOP('',(#1326));
#2203=EDGE_LOOP('',(#1327));
#2204=EDGE_LOOP('',(#1328));
#2205=EDGE_LOOP('',(#1329));
#2206=EDGE_LOOP('',(#1330));
#2207=EDGE_LOOP('',(#1331));
#2208=EDGE_LOOP('',(#1332));
#2209=EDGE_LOOP('',(#1333,#1334,#1335,#1336,#1337));
#2210=EDGE_LOOP('',(#1338,#1339,#1340,#1341,#1342));
#2211=EDGE_LOOP('',(#1343,#1344,#1345,#1346));
#2212=EDGE_LOOP('',(#1347,#1348,#1349,#1350));
#2213=EDGE_LOOP('',(#1351,#1352,#1353,#1354));
#2214=EDGE_LOOP('',(#1355,#1356,#1357,#1358));
#2215=EDGE_LOOP('',(#1359,#1360,#1361,#1362));
#2216=EDGE_LOOP('',(#1363,#1364,#1365,#1366));
#2217=EDGE_LOOP('',(#1367,#1368,#1369,#1370));
#2218=EDGE_LOOP('',(#1371,#1372,#1373,#1374));
#2219=EDGE_LOOP('',(#1375));
#2220=EDGE_LOOP('',(#1376));
#2221=EDGE_LOOP('',(#1377));
#2222=EDGE_LOOP('',(#1378));
#2223=EDGE_LOOP('',(#1379));
#2224=EDGE_LOOP('',(#1380));
#2225=EDGE_LOOP('',(#1381));
#2226=EDGE_LOOP('',(#1382));
#2227=EDGE_LOOP('',(#1383,#1384,#1385,#1386));
#2228=EDGE_LOOP('',(#1387,#1388,#1389,#1390));
#2229=EDGE_LOOP('',(#1391,#1392,#1393));
#2230=EDGE_LOOP('',(#1394,#1395,#1396));
#2231=EDGE_LOOP('',(#1397,#1398,#1399,#1400));
#2232=EDGE_LOOP('',(#1401,#1402,#1403,#1404));
#2233=EDGE_LOOP('',(#1405,#1406,#1407));
#2234=EDGE_LOOP('',(#1408,#1409,#1410));
#2235=EDGE_LOOP('',(#1411,#1412,#1413,#1414));
#2236=EDGE_LOOP('',(#1415,#1416,#1417,#1418));
#2237=EDGE_LOOP('',(#1419,#1420,#1421));
#2238=EDGE_LOOP('',(#1422,#1423,#1424));
#2239=EDGE_LOOP('',(#1425,#1426,#1427,#1428));
#2240=EDGE_LOOP('',(#1429,#1430,#1431,#1432));
#2241=EDGE_LOOP('',(#1433,#1434,#1435));
#2242=EDGE_LOOP('',(#1436,#1437,#1438));
#2243=FACE_BOUND('',#2070,.T.);
#2244=FACE_BOUND('',#2071,.T.);
#2245=FACE_BOUND('',#2072,.T.);
#2246=FACE_BOUND('',#2073,.T.);
#2247=FACE_BOUND('',#2074,.T.);
#2248=FACE_BOUND('',#2075,.T.);
#2249=FACE_BOUND('',#2076,.T.);
#2250=FACE_BOUND('',#2077,.T.);
#2251=FACE_BOUND('',#2078,.T.);
#2252=FACE_BOUND('',#2079,.T.);
#2253=FACE_BOUND('',#2080,.T.);
#2254=FACE_BOUND('',#2081,.T.);
#2255=FACE_BOUND('',#2082,.T.);
#2256=FACE_BOUND('',#2083,.T.);
#2257=FACE_BOUND('',#2084,.T.);
#2258=FACE_BOUND('',#2085,.T.);
#2259=FACE_BOUND('',#2086,.T.);
#2260=FACE_BOUND('',#2087,.T.);
#2261=FACE_BOUND('',#2088,.T.);
#2262=FACE_BOUND('',#2089,.T.);
#2263=FACE_BOUND('',#2090,.T.);
#2264=FACE_BOUND('',#2091,.T.);
#2265=FACE_BOUND('',#2092,.T.);
#2266=FACE_BOUND('',#2093,.T.);
#2267=FACE_BOUND('',#2094,.T.);
#2268=FACE_BOUND('',#2095,.T.);
#2269=FACE_BOUND('',#2096,.T.);
#2270=FACE_BOUND('',#2097,.T.);
#2271=FACE_BOUND('',#2098,.T.);
#2272=FACE_BOUND('',#2099,.T.);
#2273=FACE_BOUND('',#2100,.T.);
#2274=FACE_BOUND('',#2101,.T.);
#2275=FACE_BOUND('',#2102,.T.);
#2276=FACE_BOUND('',#2103,.T.);
#2277=FACE_BOUND('',#2104,.T.);
#2278=FACE_BOUND('',#2105,.T.);
#2279=FACE_BOUND('',#2106,.T.);
#2280=FACE_BOUND('',#2107,.T.);
#2281=FACE_BOUND('',#2108,.T.);
#2282=FACE_BOUND('',#2109,.T.);
#2283=FACE_BOUND('',#2110,.T.);
#2284=FACE_BOUND('',#2111,.T.);
#2285=FACE_BOUND('',#2112,.T.);
#2286=FACE_BOUND('',#2113,.T.);
#2287=FACE_BOUND('',#2114,.T.);
#2288=FACE_BOUND('',#2115,.T.);
#2289=FACE_BOUND('',#2116,.T.);
#2290=FACE_BOUND('',#2117,.T.);
#2291=FACE_BOUND('',#2118,.T.);
#2292=FACE_BOUND('',#2119,.T.);
#2293=FACE_BOUND('',#2120,.T.);
#2294=FACE_BOUND('',#2121,.T.);
#2295=FACE_BOUND('',#2122,.T.);
#2296=FACE_BOUND('',#2123,.T.);
#2297=FACE_BOUND('',#2124,.T.);
#2298=FACE_BOUND('',#2125,.T.);
#2299=FACE_BOUND('',#2126,.T.);
#2300=FACE_BOUND('',#2127,.T.);
#2301=FACE_BOUND('',#2128,.T.);
#2302=FACE_BOUND('',#2129,.T.);
#2303=FACE_BOUND('',#2130,.T.);
#2304=FACE_BOUND('',#2131,.T.);
#2305=FACE_BOUND('',#2132,.T.);
#2306=FACE_BOUND('',#2133,.T.);
#2307=FACE_BOUND('',#2134,.T.);
#2308=FACE_BOUND('',#2135,.T.);
#2309=FACE_BOUND('',#2136,.T.);
#2310=FACE_BOUND('',#2137,.T.);
#2311=FACE_BOUND('',#2138,.T.);
#2312=FACE_BOUND('',#2139,.T.);
#2313=FACE_BOUND('',#2140,.T.);
#2314=FACE_BOUND('',#2141,.T.);
#2315=FACE_BOUND('',#2142,.T.);
#2316=FACE_BOUND('',#2143,.T.);
#2317=FACE_BOUND('',#2144,.T.);
#2318=FACE_BOUND('',#2145,.T.);
#2319=FACE_BOUND('',#2146,.T.);
#2320=FACE_BOUND('',#2147,.T.);
#2321=FACE_BOUND('',#2148,.T.);
#2322=FACE_BOUND('',#2149,.T.);
#2323=FACE_BOUND('',#2150,.T.);
#2324=FACE_BOUND('',#2151,.T.);
#2325=FACE_BOUND('',#2152,.T.);
#2326=FACE_BOUND('',#2153,.T.);
#2327=FACE_BOUND('',#2154,.T.);
#2328=FACE_BOUND('',#2155,.T.);
#2329=FACE_BOUND('',#2156,.T.);
#2330=FACE_BOUND('',#2157,.T.);
#2331=FACE_BOUND('',#2158,.T.);
#2332=FACE_BOUND('',#2159,.T.);
#2333=FACE_BOUND('',#2160,.T.);
#2334=FACE_BOUND('',#2161,.T.);
#2335=FACE_BOUND('',#2162,.T.);
#2336=FACE_BOUND('',#2163,.T.);
#2337=FACE_BOUND('',#2164,.T.);
#2338=FACE_BOUND('',#2165,.T.);
#2339=FACE_BOUND('',#2166,.T.);
#2340=FACE_BOUND('',#2167,.T.);
#2341=FACE_BOUND('',#2168,.T.);
#2342=FACE_BOUND('',#2169,.T.);
#2343=FACE_BOUND('',#2170,.T.);
#2344=FACE_BOUND('',#2171,.T.);
#2345=FACE_BOUND('',#2172,.T.);
#2346=FACE_BOUND('',#2173,.T.);
#2347=FACE_BOUND('',#2174,.T.);
#2348=FACE_BOUND('',#2175,.T.);
#2349=FACE_BOUND('',#2176,.T.);
#2350=FACE_BOUND('',#2177,.T.);
#2351=FACE_BOUND('',#2178,.T.);
#2352=FACE_BOUND('',#2179,.T.);
#2353=FACE_BOUND('',#2180,.T.);
#2354=FACE_BOUND('',#2181,.T.);
#2355=FACE_BOUND('',#2182,.T.);
#2356=FACE_BOUND('',#2183,.T.);
#2357=FACE_BOUND('',#2184,.T.);
#2358=FACE_BOUND('',#2185,.T.);
#2359=FACE_BOUND('',#2186,.T.);
#2360=FACE_BOUND('',#2187,.T.);
#2361=FACE_BOUND('',#2188,.T.);
#2362=FACE_BOUND('',#2189,.T.);
#2363=FACE_BOUND('',#2190,.T.);
#2364=FACE_BOUND('',#2191,.T.);
#2365=FACE_BOUND('',#2192,.T.);
#2366=FACE_BOUND('',#2193,.T.);
#2367=FACE_BOUND('',#2194,.T.);
#2368=FACE_BOUND('',#2195,.T.);
#2369=FACE_BOUND('',#2196,.T.);
#2370=FACE_BOUND('',#2197,.T.);
#2371=FACE_BOUND('',#2198,.T.);
#2372=FACE_BOUND('',#2199,.T.);
#2373=FACE_BOUND('',#2200,.T.);
#2374=FACE_BOUND('',#2201,.T.);
#2375=FACE_BOUND('',#2202,.T.);
#2376=FACE_BOUND('',#2203,.T.);
#2377=FACE_BOUND('',#2204,.T.);
#2378=FACE_BOUND('',#2205,.T.);
#2379=FACE_BOUND('',#2206,.T.);
#2380=FACE_BOUND('',#2207,.T.);
#2381=FACE_BOUND('',#2208,.T.);
#2382=FACE_BOUND('',#2209,.T.);
#2383=FACE_BOUND('',#2210,.T.);
#2384=FACE_BOUND('',#2211,.T.);
#2385=FACE_BOUND('',#2212,.T.);
#2386=FACE_BOUND('',#2213,.T.);
#2387=FACE_BOUND('',#2214,.T.);
#2388=FACE_BOUND('',#2215,.T.);
#2389=FACE_BOUND('',#2216,.T.);
#2390=FACE_BOUND('',#2217,.T.);
#2391=FACE_BOUND('',#2218,.T.);
#2392=FACE_BOUND('',#2219,.T.);
#2393=FACE_BOUND('',#2220,.T.);
#2394=FACE_BOUND('',#2221,.T.);
#2395=FACE_BOUND('',#2222,.T.);
#2396=FACE_BOUND('',#2223,.T.);
#2397=FACE_BOUND('',#2224,.T.);
#2398=FACE_BOUND('',#2225,.T.);
#2399=FACE_BOUND('',#2226,.T.);
#2400=FACE_BOUND('',#2227,.T.);
#2401=FACE_BOUND('',#2228,.T.);
#2402=FACE_BOUND('',#2229,.T.);
#2403=FACE_BOUND('',#2230,.T.);
#2404=FACE_BOUND('',#2231,.T.);
#2405=FACE_BOUND('',#2232,.T.);
#2406=FACE_BOUND('',#2233,.T.);
#2407=FACE_BOUND('',#2234,.T.);
#2408=FACE_BOUND('',#2235,.T.);
#2409=FACE_BOUND('',#2236,.T.);
#2410=FACE_BOUND('',#2237,.T.);
#2411=FACE_BOUND('',#2238,.T.);
#2412=FACE_BOUND('',#2239,.T.);
#2413=FACE_BOUND('',#2240,.T.);
#2414=FACE_BOUND('',#2241,.T.);
#2415=FACE_BOUND('',#2242,.T.);
#2416=PLANE('',#2682);
#2417=PLANE('',#2687);
#2418=PLANE('',#2688);
#2419=PLANE('',#2690);
#2420=PLANE('',#2692);
#2421=PLANE('',#2697);
#2422=PLANE('',#2698);
#2423=PLANE('',#2699);
#2424=PLANE('',#2700);
#2425=PLANE('',#2701);
#2426=PLANE('',#2702);
#2427=PLANE('',#2703);
#2428=PLANE('',#2704);
#2429=PLANE('',#2707);
#2430=PLANE('',#2710);
#2431=PLANE('',#2712);
#2432=PLANE('',#2714);
#2433=PLANE('',#2715);
#2434=PLANE('',#2716);
#2435=PLANE('',#2717);
#2436=PLANE('',#2718);
#2437=PLANE('',#2719);
#2438=PLANE('',#2720);
#2439=PLANE('',#2721);
#2440=PLANE('',#2722);
#2441=PLANE('',#2723);
#2442=PLANE('',#2724);
#2443=PLANE('',#2725);
#2444=PLANE('',#2726);
#2445=PLANE('',#2727);
#2446=PLANE('',#2728);
#2447=PLANE('',#2729);
#2448=PLANE('',#2730);
#2449=PLANE('',#2731);
#2450=PLANE('',#2732);
#2451=PLANE('',#2733);
#2452=PLANE('',#2734);
#2453=PLANE('',#2735);
#2454=PLANE('',#2736);
#2455=PLANE('',#2737);
#2456=PLANE('',#2738);
#2457=PLANE('',#2739);
#2458=PLANE('',#2740);
#2459=PLANE('',#2741);
#2460=PLANE('',#2742);
#2461=PLANE('',#2743);
#2462=PLANE('',#2744);
#2463=PLANE('',#2745);
#2464=PLANE('',#2746);
#2465=PLANE('',#2747);
#2466=PLANE('',#2748);
#2467=PLANE('',#2749);
#2468=PLANE('',#2750);
#2469=PLANE('',#2751);
#2470=PLANE('',#2752);
#2471=PLANE('',#2753);
#2472=PLANE('',#2754);
#2473=PLANE('',#2755);
#2474=PLANE('',#2756);
#2475=PLANE('',#2757);
#2476=PLANE('',#2758);
#2477=PLANE('',#2759);
#2478=PLANE('',#2760);
#2479=PLANE('',#2761);
#2480=PLANE('',#2762);
#2481=PLANE('',#2763);
#2482=PLANE('',#2764);
#2483=PLANE('',#2765);
#2484=PLANE('',#2766);
#2485=PLANE('',#2767);
#2486=PLANE('',#2768);
#2487=PLANE('',#2769);
#2488=PLANE('',#2770);
#2489=PLANE('',#2771);
#2490=PLANE('',#2772);
#2491=PLANE('',#2773);
#2492=PLANE('',#2774);
#2493=PLANE('',#2775);
#2494=PLANE('',#2776);
#2495=PLANE('',#2777);
#2496=PLANE('',#2778);
#2497=PLANE('',#2779);
#2498=PLANE('',#2780);
#2499=PLANE('',#2781);
#2500=PLANE('',#2782);
#2501=PLANE('',#2783);
#2502=PLANE('',#2788);
#2503=PLANE('',#2789);
#2504=PLANE('',#2790);
#2505=PLANE('',#2791);
#2506=PLANE('',#2792);
#2507=PLANE('',#2793);
#2508=PLANE('',#2794);
#2509=PLANE('',#2795);
#2510=PLANE('',#2796);
#2511=PLANE('',#2797);
#2512=PLANE('',#2800);
#2513=PLANE('',#2801);
#2514=PLANE('',#2804);
#2515=PLANE('',#2805);
#2516=PLANE('',#2806);
#2517=PLANE('',#2807);
#2518=PLANE('',#2808);
#2519=PLANE('',#2809);
#2520=PLANE('',#2810);
#2521=PLANE('',#2811);
#2522=PLANE('',#2812);
#2523=PLANE('',#2813);
#2524=PLANE('',#2814);
#2525=PLANE('',#2815);
#2526=PLANE('',#2816);
#2527=PLANE('',#2817);
#2528=PLANE('',#2818);
#2529=PLANE('',#2819);
#2530=ADVANCED_FACE('',(#2243,#2244,#2245,#2246,#2247,#2248,#2249,#2250),
#2416,.F.);
#2531=ADVANCED_FACE('',(#2251),#2417,.F.);
#2532=ADVANCED_FACE('',(#2252,#2253),#2418,.F.);
#2533=ADVANCED_FACE('',(#2254,#2255),#2419,.T.);
#2534=ADVANCED_FACE('',(#2256,#2257,#2258,#2259,#2260,#2261,#2262),#2420,
 .T.);
#2535=ADVANCED_FACE('',(#2263),#2421,.T.);
#2536=ADVANCED_FACE('',(#2264,#2265),#2422,.T.);
#2537=ADVANCED_FACE('',(#2266),#2423,.F.);
#2538=ADVANCED_FACE('',(#2267),#2424,.T.);
#2539=ADVANCED_FACE('',(#2268),#2425,.T.);
#2540=ADVANCED_FACE('',(#2269),#2426,.T.);
#2541=ADVANCED_FACE('',(#2270),#2427,.T.);
#2542=ADVANCED_FACE('',(#2271),#2428,.F.);
#2543=ADVANCED_FACE('',(#2272,#2273),#29,.F.);
#2544=ADVANCED_FACE('',(#2274),#2429,.F.);
#2545=ADVANCED_FACE('',(#2275,#2276),#30,.F.);
#2546=ADVANCED_FACE('',(#2277,#2278,#2279,#2280),#2430,.T.);
#2547=ADVANCED_FACE('',(#2281,#2282,#2283,#2284),#2431,.F.);
#2548=ADVANCED_FACE('',(#2285),#2432,.F.);
#2549=ADVANCED_FACE('',(#2286),#2433,.F.);
#2550=ADVANCED_FACE('',(#2287),#2434,.T.);
#2551=ADVANCED_FACE('',(#2288),#2435,.F.);
#2552=ADVANCED_FACE('',(#2289),#2436,.F.);
#2553=ADVANCED_FACE('',(#2290),#2437,.T.);
#2554=ADVANCED_FACE('',(#2291),#2438,.F.);
#2555=ADVANCED_FACE('',(#2292),#2439,.T.);
#2556=ADVANCED_FACE('',(#2293),#2440,.T.);
#2557=ADVANCED_FACE('',(#2294),#2441,.T.);
#2558=ADVANCED_FACE('',(#2295),#2442,.F.);
#2559=ADVANCED_FACE('',(#2296),#2443,.F.);
#2560=ADVANCED_FACE('',(#2297),#2444,.T.);
#2561=ADVANCED_FACE('',(#2298),#2445,.T.);
#2562=ADVANCED_FACE('',(#2299),#2446,.F.);
#2563=ADVANCED_FACE('',(#2300),#2447,.T.);
#2564=ADVANCED_FACE('',(#2301),#2448,.T.);
#2565=ADVANCED_FACE('',(#2302),#2449,.T.);
#2566=ADVANCED_FACE('',(#2303),#2450,.T.);
#2567=ADVANCED_FACE('',(#2304),#2451,.F.);
#2568=ADVANCED_FACE('',(#2305),#2452,.T.);
#2569=ADVANCED_FACE('',(#2306),#2453,.T.);
#2570=ADVANCED_FACE('',(#2307),#2454,.T.);
#2571=ADVANCED_FACE('',(#2308),#2455,.F.);
#2572=ADVANCED_FACE('',(#2309),#2456,.T.);
#2573=ADVANCED_FACE('',(#2310),#2457,.F.);
#2574=ADVANCED_FACE('',(#2311),#2458,.F.);
#2575=ADVANCED_FACE('',(#2312),#2459,.T.);
#2576=ADVANCED_FACE('',(#2313),#2460,.F.);
#2577=ADVANCED_FACE('',(#2314),#2461,.F.);
#2578=ADVANCED_FACE('',(#2315),#2462,.F.);
#2579=ADVANCED_FACE('',(#2316),#2463,.T.);
#2580=ADVANCED_FACE('',(#2317),#12,.T.);
#2581=ADVANCED_FACE('',(#2318),#2464,.T.);
#2582=ADVANCED_FACE('',(#2319),#2465,.T.);
#2583=ADVANCED_FACE('',(#2320),#2466,.T.);
#2584=ADVANCED_FACE('',(#2321),#13,.T.);
#2585=ADVANCED_FACE('',(#2322),#14,.T.);
#2586=ADVANCED_FACE('',(#2323),#2467,.T.);
#2587=ADVANCED_FACE('',(#2324),#2468,.T.);
#2588=ADVANCED_FACE('',(#2325),#2469,.T.);
#2589=ADVANCED_FACE('',(#2326),#2470,.T.);
#2590=ADVANCED_FACE('',(#2327),#2471,.T.);
#2591=ADVANCED_FACE('',(#2328),#15,.T.);
#2592=ADVANCED_FACE('',(#2329),#16,.T.);
#2593=ADVANCED_FACE('',(#2330),#17,.T.);
#2594=ADVANCED_FACE('',(#2331),#18,.T.);
#2595=ADVANCED_FACE('',(#2332),#19,.T.);
#2596=ADVANCED_FACE('',(#2333,#2334),#2472,.T.);
#2597=ADVANCED_FACE('',(#2335),#2473,.T.);
#2598=ADVANCED_FACE('',(#2336),#2474,.T.);
#2599=ADVANCED_FACE('',(#2337),#2475,.T.);
#2600=ADVANCED_FACE('',(#2338),#2476,.T.);
#2601=ADVANCED_FACE('',(#2339),#2477,.T.);
#2602=ADVANCED_FACE('',(#2340),#2478,.T.);
#2603=ADVANCED_FACE('',(#2341),#2479,.T.);
#2604=ADVANCED_FACE('',(#2342),#2480,.T.);
#2605=ADVANCED_FACE('',(#2343),#2481,.T.);
#2606=ADVANCED_FACE('',(#2344),#2482,.T.);
#2607=ADVANCED_FACE('',(#2345),#2483,.T.);
#2608=ADVANCED_FACE('',(#2346),#2484,.T.);
#2609=ADVANCED_FACE('',(#2347),#2485,.T.);
#2610=ADVANCED_FACE('',(#2348),#2486,.T.);
#2611=ADVANCED_FACE('',(#2349),#2487,.T.);
#2612=ADVANCED_FACE('',(#2350),#2488,.T.);
#2613=ADVANCED_FACE('',(#2351),#20,.T.);
#2614=ADVANCED_FACE('',(#2352),#21,.T.);
#2615=ADVANCED_FACE('',(#2353),#22,.T.);
#2616=ADVANCED_FACE('',(#2354),#2489,.T.);
#2617=ADVANCED_FACE('',(#2355),#2490,.T.);
#2618=ADVANCED_FACE('',(#2356),#2491,.T.);
#2619=ADVANCED_FACE('',(#2357),#23,.T.);
#2620=ADVANCED_FACE('',(#2358),#24,.T.);
#2621=ADVANCED_FACE('',(#2359),#25,.T.);
#2622=ADVANCED_FACE('',(#2360),#26,.T.);
#2623=ADVANCED_FACE('',(#2361),#27,.T.);
#2624=ADVANCED_FACE('',(#2362),#2492,.T.);
#2625=ADVANCED_FACE('',(#2363),#2493,.T.);
#2626=ADVANCED_FACE('',(#2364),#2494,.T.);
#2627=ADVANCED_FACE('',(#2365),#2495,.T.);
#2628=ADVANCED_FACE('',(#2366),#2496,.T.);
#2629=ADVANCED_FACE('',(#2367),#28,.T.);
#2630=ADVANCED_FACE('',(#2368,#2369),#2497,.T.);
#2631=ADVANCED_FACE('',(#2370),#2498,.F.);
#2632=ADVANCED_FACE('',(#2371),#2499,.F.);
#2633=ADVANCED_FACE('',(#2372),#2500,.T.);
#2634=ADVANCED_FACE('',(#2373),#2501,.F.);
#2635=ADVANCED_FACE('',(#2374,#2375),#31,.F.);
#2636=ADVANCED_FACE('',(#2376,#2377),#32,.F.);
#2637=ADVANCED_FACE('',(#2378,#2379),#33,.F.);
#2638=ADVANCED_FACE('',(#2380,#2381),#34,.F.);
#2639=ADVANCED_FACE('',(#2382),#2502,.F.);
#2640=ADVANCED_FACE('',(#2383),#2503,.T.);
#2641=ADVANCED_FACE('',(#2384),#2504,.F.);
#2642=ADVANCED_FACE('',(#2385),#2505,.F.);
#2643=ADVANCED_FACE('',(#2386),#2506,.F.);
#2644=ADVANCED_FACE('',(#2387),#2507,.F.);
#2645=ADVANCED_FACE('',(#2388),#2508,.T.);
#2646=ADVANCED_FACE('',(#2389),#2509,.T.);
#2647=ADVANCED_FACE('',(#2390),#2510,.T.);
#2648=ADVANCED_FACE('',(#2391),#2511,.T.);
#2649=ADVANCED_FACE('',(#2392,#2393),#35,.T.);
#2650=ADVANCED_FACE('',(#2394,#2395),#2512,.T.);
#2651=ADVANCED_FACE('',(#2396,#2397),#2513,.F.);
#2652=ADVANCED_FACE('',(#2398,#2399),#36,.T.);
#2653=ADVANCED_FACE('',(#2400),#2514,.F.);
#2654=ADVANCED_FACE('',(#2401),#2515,.F.);
#2655=ADVANCED_FACE('',(#2402),#2516,.T.);
#2656=ADVANCED_FACE('',(#2403),#2517,.F.);
#2657=ADVANCED_FACE('',(#2404),#2518,.T.);
#2658=ADVANCED_FACE('',(#2405),#2519,.T.);
#2659=ADVANCED_FACE('',(#2406),#2520,.T.);
#2660=ADVANCED_FACE('',(#2407),#2521,.F.);
#2661=ADVANCED_FACE('',(#2408),#2522,.F.);
#2662=ADVANCED_FACE('',(#2409),#2523,.F.);
#2663=ADVANCED_FACE('',(#2410),#2524,.T.);
#2664=ADVANCED_FACE('',(#2411),#2525,.F.);
#2665=ADVANCED_FACE('',(#2412),#2526,.T.);
#2666=ADVANCED_FACE('',(#2413),#2527,.T.);
#2667=ADVANCED_FACE('',(#2414),#2528,.T.);
#2668=ADVANCED_FACE('',(#2415),#2529,.F.);
#2669=CLOSED_SHELL('',(#2530,#2531,#2532,#2533,#2534,#2535,#2536,#2537,
#2538,#2539,#2540,#2541,#2542,#2543,#2544,#2545,#2546,#2547,#2548,#2549,
#2550,#2551,#2552,#2553,#2554,#2555,#2556,#2557,#2558,#2559,#2560,#2561,
#2562,#2563,#2564,#2565,#2566,#2567,#2568,#2569,#2570,#2571,#2572,#2573,
#2574,#2575,#2576,#2577,#2578,#2579,#2580,#2581,#2582,#2583,#2584,#2585,
#2586,#2587,#2588,#2589,#2590,#2591,#2592,#2593,#2594,#2595,#2596,#2597,
#2598,#2599,#2600,#2601,#2602,#2603,#2604,#2605,#2606,#2607,#2608,#2609,
#2610,#2611,#2612,#2613,#2614,#2615,#2616,#2617,#2618,#2619,#2620,#2621,
#2622,#2623,#2624,#2625,#2626,#2627,#2628,#2629,#2630,#2631,#2632,#2633,
#2634,#2635,#2636,#2637,#2638,#2639,#2640,#2641,#2642,#2643,#2644,#2645,
#2646,#2647,#2648,#2649,#2650,#2651,#2652,#2653,#2654,#2655,#2656,#2657,
#2658,#2659,#2660,#2661,#2662,#2663,#2664,#2665,#2666,#2667,#2668));
#2670=STYLED_ITEM('',(#2671),#2678);
#2671=PRESENTATION_STYLE_ASSIGNMENT((#2672));
#2672=SURFACE_STYLE_USAGE(.BOTH.,#2673);
#2673=SURFACE_SIDE_STYLE('',(#2674));
#2674=SURFACE_STYLE_FILL_AREA(#2675);
#2675=FILL_AREA_STYLE('',(#2676));
#2676=FILL_AREA_STYLE_COLOUR('',#2677);
#2677=COLOUR_RGB('',0.713725490196078,0.76078431372549,0.8);
#2678=MANIFOLD_SOLID_BREP('Part 1',#2669);
#2679=SHAPE_DEFINITION_REPRESENTATION(#4363,#2680);
#2680=SHAPE_REPRESENTATION('Part 1',(#2681),#4358);
#2681=AXIS2_PLACEMENT_3D('',#3415,#2820,#2821);
#2682=AXIS2_PLACEMENT_3D('',#3416,#2822,#2823);
#2683=AXIS2_PLACEMENT_3D('',#3417,#2824,#2825);
#2684=AXIS2_PLACEMENT_3D('',#3419,#2826,#2827);
#2685=AXIS2_PLACEMENT_3D('',#3421,#2828,#2829);
#2686=AXIS2_PLACEMENT_3D('',#3423,#2830,#2831);
#2687=AXIS2_PLACEMENT_3D('',#3535,#2869,#2870);
#2688=AXIS2_PLACEMENT_3D('',#3552,#2879,#2880);
#2689=AXIS2_PLACEMENT_3D('',#3553,#2881,#2882);
#2690=AXIS2_PLACEMENT_3D('',#3579,#2895,#2896);
#2691=AXIS2_PLACEMENT_3D('',#3580,#2897,#2898);
#2692=AXIS2_PLACEMENT_3D('',#3603,#2910,#2911);
#2693=AXIS2_PLACEMENT_3D('',#3604,#2912,#2913);
#2694=AXIS2_PLACEMENT_3D('',#3606,#2914,#2915);
#2695=AXIS2_PLACEMENT_3D('',#3608,#2916,#2917);
#2696=AXIS2_PLACEMENT_3D('',#3610,#2918,#2919);
#2697=AXIS2_PLACEMENT_3D('',#3659,#2946,#2947);
#2698=AXIS2_PLACEMENT_3D('',#3673,#2955,#2956);
#2699=AXIS2_PLACEMENT_3D('',#3700,#2971,#2972);
#2700=AXIS2_PLACEMENT_3D('',#3706,#2976,#2977);
#2701=AXIS2_PLACEMENT_3D('',#3711,#2981,#2982);
#2702=AXIS2_PLACEMENT_3D('',#3717,#2986,#2987);
#2703=AXIS2_PLACEMENT_3D('',#3722,#2991,#2992);
#2704=AXIS2_PLACEMENT_3D('',#3729,#2997,#2998);
#2705=AXIS2_PLACEMENT_3D('',#3732,#3001,#3002);
#2706=AXIS2_PLACEMENT_3D('',#3733,#3003,#3004);
#2707=AXIS2_PLACEMENT_3D('',#3735,#3005,#3006);
#2708=AXIS2_PLACEMENT_3D('',#3738,#3009,#3010);
#2709=AXIS2_PLACEMENT_3D('',#3739,#3011,#3012);
#2710=AXIS2_PLACEMENT_3D('',#3741,#3013,#3014);
#2711=AXIS2_PLACEMENT_3D('',#3758,#3023,#3024);
#2712=AXIS2_PLACEMENT_3D('',#3765,#3028,#3029);
#2713=AXIS2_PLACEMENT_3D('',#3782,#3038,#3039);
#2714=AXIS2_PLACEMENT_3D('',#3789,#3043,#3044);
#2715=AXIS2_PLACEMENT_3D('',#3795,#3048,#3049);
#2716=AXIS2_PLACEMENT_3D('',#3798,#3052,#3053);
#2717=AXIS2_PLACEMENT_3D('',#3799,#3054,#3055);
#2718=AXIS2_PLACEMENT_3D('',#3800,#3056,#3057);
#2719=AXIS2_PLACEMENT_3D('',#3803,#3060,#3061);
#2720=AXIS2_PLACEMENT_3D('',#3806,#3064,#3065);
#2721=AXIS2_PLACEMENT_3D('',#3810,#3068,#3069);
#2722=AXIS2_PLACEMENT_3D('',#3814,#3072,#3073);
#2723=AXIS2_PLACEMENT_3D('',#3816,#3075,#3076);
#2724=AXIS2_PLACEMENT_3D('',#3818,#3078,#3079);
#2725=AXIS2_PLACEMENT_3D('',#3820,#3081,#3082);
#2726=AXIS2_PLACEMENT_3D('',#3824,#3085,#3086);
#2727=AXIS2_PLACEMENT_3D('',#3828,#3089,#3090);
#2728=AXIS2_PLACEMENT_3D('',#3830,#3092,#3093);
#2729=AXIS2_PLACEMENT_3D('',#3831,#3094,#3095);
#2730=AXIS2_PLACEMENT_3D('',#3836,#3099,#3100);
#2731=AXIS2_PLACEMENT_3D('',#3840,#3103,#3104);
#2732=AXIS2_PLACEMENT_3D('',#3843,#3107,#3108);
#2733=AXIS2_PLACEMENT_3D('',#3844,#3109,#3110);
#2734=AXIS2_PLACEMENT_3D('',#3848,#3113,#3114);
#2735=AXIS2_PLACEMENT_3D('',#3855,#3119,#3120);
#2736=AXIS2_PLACEMENT_3D('',#3856,#3121,#3122);
#2737=AXIS2_PLACEMENT_3D('',#3862,#3126,#3127);
#2738=AXIS2_PLACEMENT_3D('',#3869,#3132,#3133);
#2739=AXIS2_PLACEMENT_3D('',#3876,#3138,#3139);
#2740=AXIS2_PLACEMENT_3D('',#3877,#3140,#3141);
#2741=AXIS2_PLACEMENT_3D('',#3879,#3143,#3144);
#2742=AXIS2_PLACEMENT_3D('',#3881,#3146,#3147);
#2743=AXIS2_PLACEMENT_3D('',#3882,#3148,#3149);
#2744=AXIS2_PLACEMENT_3D('',#3884,#3151,#3152);
#2745=AXIS2_PLACEMENT_3D('',#3886,#3154,#3155);
#2746=AXIS2_PLACEMENT_3D('',#3907,#3158,#3159);
#2747=AXIS2_PLACEMENT_3D('',#3913,#3163,#3164);
#2748=AXIS2_PLACEMENT_3D('',#3919,#3168,#3169);
#2749=AXIS2_PLACEMENT_3D('',#3959,#3175,#3176);
#2750=AXIS2_PLACEMENT_3D('',#3965,#3180,#3181);
#2751=AXIS2_PLACEMENT_3D('',#3969,#3184,#3185);
#2752=AXIS2_PLACEMENT_3D('',#3973,#3188,#3189);
#2753=AXIS2_PLACEMENT_3D('',#3977,#3192,#3193);
#2754=AXIS2_PLACEMENT_3D('',#4045,#3199,#3200);
#2755=AXIS2_PLACEMENT_3D('',#4046,#3201,#3202);
#2756=AXIS2_PLACEMENT_3D('',#4052,#3206,#3207);
#2757=AXIS2_PLACEMENT_3D('',#4056,#3210,#3211);
#2758=AXIS2_PLACEMENT_3D('',#4060,#3214,#3215);
#2759=AXIS2_PLACEMENT_3D('',#4064,#3218,#3219);
#2760=AXIS2_PLACEMENT_3D('',#4068,#3222,#3223);
#2761=AXIS2_PLACEMENT_3D('',#4072,#3226,#3227);
#2762=AXIS2_PLACEMENT_3D('',#4076,#3230,#3231);
#2763=AXIS2_PLACEMENT_3D('',#4080,#3234,#3235);
#2764=AXIS2_PLACEMENT_3D('',#4084,#3238,#3239);
#2765=AXIS2_PLACEMENT_3D('',#4088,#3242,#3243);
#2766=AXIS2_PLACEMENT_3D('',#4092,#3246,#3247);
#2767=AXIS2_PLACEMENT_3D('',#4094,#3249,#3250);
#2768=AXIS2_PLACEMENT_3D('',#4095,#3251,#3252);
#2769=AXIS2_PLACEMENT_3D('',#4104,#3257,#3258);
#2770=AXIS2_PLACEMENT_3D('',#4110,#3262,#3263);
#2771=AXIS2_PLACEMENT_3D('',#4167,#3270,#3271);
#2772=AXIS2_PLACEMENT_3D('',#4173,#3275,#3276);
#2773=AXIS2_PLACEMENT_3D('',#4177,#3279,#3280);
#2774=AXIS2_PLACEMENT_3D('',#4246,#3288,#3289);
#2775=AXIS2_PLACEMENT_3D('',#4250,#3292,#3293);
#2776=AXIS2_PLACEMENT_3D('',#4254,#3296,#3297);
#2777=AXIS2_PLACEMENT_3D('',#4258,#3300,#3301);
#2778=AXIS2_PLACEMENT_3D('',#4262,#3304,#3305);
#2779=AXIS2_PLACEMENT_3D('',#4278,#3307,#3308);
#2780=AXIS2_PLACEMENT_3D('',#4279,#3309,#3310);
#2781=AXIS2_PLACEMENT_3D('',#4280,#3311,#3312);
#2782=AXIS2_PLACEMENT_3D('',#4281,#3313,#3314);
#2783=AXIS2_PLACEMENT_3D('',#4285,#3317,#3318);
#2784=AXIS2_PLACEMENT_3D('',#4289,#3321,#3322);
#2785=AXIS2_PLACEMENT_3D('',#4290,#3323,#3324);
#2786=AXIS2_PLACEMENT_3D('',#4291,#3325,#3326);
#2787=AXIS2_PLACEMENT_3D('',#4292,#3327,#3328);
#2788=AXIS2_PLACEMENT_3D('',#4293,#3329,#3330);
#2789=AXIS2_PLACEMENT_3D('',#4295,#3332,#3333);
#2790=AXIS2_PLACEMENT_3D('',#4297,#3335,#3336);
#2791=AXIS2_PLACEMENT_3D('',#4298,#3337,#3338);
#2792=AXIS2_PLACEMENT_3D('',#4299,#3339,#3340);
#2793=AXIS2_PLACEMENT_3D('',#4300,#3341,#3342);
#2794=AXIS2_PLACEMENT_3D('',#4301,#3343,#3344);
#2795=AXIS2_PLACEMENT_3D('',#4302,#3345,#3346);
#2796=AXIS2_PLACEMENT_3D('',#4303,#3347,#3348);
#2797=AXIS2_PLACEMENT_3D('',#4304,#3349,#3350);
#2798=AXIS2_PLACEMENT_3D('',#4305,#3351,#3352);
#2799=AXIS2_PLACEMENT_3D('',#4306,#3353,#3354);
#2800=AXIS2_PLACEMENT_3D('',#4308,#3355,#3356);
#2801=AXIS2_PLACEMENT_3D('',#4309,#3357,#3358);
#2802=AXIS2_PLACEMENT_3D('',#4310,#3359,#3360);
#2803=AXIS2_PLACEMENT_3D('',#4312,#3361,#3362);
#2804=AXIS2_PLACEMENT_3D('',#4313,#3363,#3364);
#2805=AXIS2_PLACEMENT_3D('',#4319,#3368,#3369);
#2806=AXIS2_PLACEMENT_3D('',#4322,#3372,#3373);
#2807=AXIS2_PLACEMENT_3D('',#4323,#3374,#3375);
#2808=AXIS2_PLACEMENT_3D('',#4324,#3376,#3377);
#2809=AXIS2_PLACEMENT_3D('',#4330,#3381,#3382);
#2810=AXIS2_PLACEMENT_3D('',#4333,#3385,#3386);
#2811=AXIS2_PLACEMENT_3D('',#4334,#3387,#3388);
#2812=AXIS2_PLACEMENT_3D('',#4335,#3389,#3390);
#2813=AXIS2_PLACEMENT_3D('',#4341,#3394,#3395);
#2814=AXIS2_PLACEMENT_3D('',#4344,#3398,#3399);
#2815=AXIS2_PLACEMENT_3D('',#4345,#3400,#3401);
#2816=AXIS2_PLACEMENT_3D('',#4346,#3402,#3403);
#2817=AXIS2_PLACEMENT_3D('',#4352,#3407,#3408);
#2818=AXIS2_PLACEMENT_3D('',#4355,#3411,#3412);
#2819=AXIS2_PLACEMENT_3D('',#4356,#3413,#3414);
#2820=DIRECTION('',(0.,0.,1.));
#2821=DIRECTION('',(1.,0.,0.));
#2822=DIRECTION('',(0.,0.,1.));
#2823=DIRECTION('',(1.,0.,0.));
#2824=DIRECTION('',(0.,0.,1.));
#2825=DIRECTION('',(1.,0.,0.));
#2826=DIRECTION('',(0.,0.,1.));
#2827=DIRECTION('',(1.,0.,0.));
#2828=DIRECTION('',(0.,0.,1.));
#2829=DIRECTION('',(1.,0.,0.));
#2830=DIRECTION('',(0.,0.,1.));
#2831=DIRECTION('',(1.,0.,0.));
#2832=DIRECTION('',(1.,0.,0.));
#2833=DIRECTION('',(0.,1.,0.));
#2834=DIRECTION('',(1.,0.,0.));
#2835=DIRECTION('',(0.,-1.,0.));
#2836=DIRECTION('',(1.,0.,0.));
#2837=DIRECTION('',(0.,1.,0.));
#2838=DIRECTION('',(-1.,0.,0.));
#2839=DIRECTION('',(0.,-1.,0.));
#2840=DIRECTION('',(-1.,0.,0.));
#2841=DIRECTION('',(0.,1.,0.));
#2842=DIRECTION('',(-1.,0.,0.));
#2843=DIRECTION('',(0.,-1.,0.));
#2844=DIRECTION('',(-0.707106781186548,-0.707106781186547,0.));
#2845=DIRECTION('',(-0.923879532511288,-0.382683432365087,0.));
#2846=DIRECTION('',(1.,0.,0.));
#2847=DIRECTION('',(0.707106781186548,-0.707106781186547,0.));
#2848=DIRECTION('',(0.,1.,0.));
#2849=DIRECTION('',(0.707106781186547,0.707106781186548,0.));
#2850=DIRECTION('',(1.,0.,0.));
#2851=DIRECTION('',(0.923879532511287,-0.382683432365089,0.));
#2852=DIRECTION('',(-0.707106781186548,0.707106781186548,0.));
#2853=DIRECTION('',(0.,1.,0.));
#2854=DIRECTION('',(0.,1.,0.));
#2855=DIRECTION('',(0.,1.,0.));
#2856=DIRECTION('',(0.,1.,0.));
#2857=DIRECTION('',(0.,-1.,0.));
#2858=DIRECTION('',(-1.,0.,0.));
#2859=DIRECTION('',(0.,-1.,0.));
#2860=DIRECTION('',(1.,0.,0.));
#2861=DIRECTION('',(0.866993825227825,-0.498318880855245,0.));
#2862=DIRECTION('',(0.,-1.,0.));
#2863=DIRECTION('',(-1.,0.,0.));
#2864=DIRECTION('',(0.,-1.,0.));
#2865=DIRECTION('',(1.,0.,0.));
#2866=DIRECTION('',(0.,1.,0.));
#2867=DIRECTION('',(-0.866593751278395,0.499014298638065,0.));
#2868=DIRECTION('',(0.,-1.,0.));
#2869=DIRECTION('',(-1.,0.,0.));
#2870=DIRECTION('',(0.,0.,1.));
#2871=DIRECTION('',(0.,0.,1.));
#2872=DIRECTION('',(0.,-1.,0.));
#2873=DIRECTION('',(0.,0.,-1.));
#2874=DIRECTION('',(0.,1.,0.));
#2875=DIRECTION('',(0.,0.,1.));
#2876=DIRECTION('',(0.,-1.,0.));
#2877=DIRECTION('',(0.,0.,1.));
#2878=DIRECTION('',(0.,-1.,0.));
#2879=DIRECTION('',(0.,1.,0.));
#2880=DIRECTION('',(0.,0.,1.));
#2881=DIRECTION('',(0.,1.,0.));
#2882=DIRECTION('',(0.,0.,1.));
#2883=DIRECTION('',(0.,0.,-1.));
#2884=DIRECTION('',(1.,0.,0.));
#2885=DIRECTION('',(0.,0.,-1.));
#2886=DIRECTION('',(1.,0.,0.));
#2887=DIRECTION('',(0.,0.,-1.));
#2888=DIRECTION('',(-1.,-9.36823627811297E-17,0.));
#2889=DIRECTION('',(0.,0.,-1.));
#2890=DIRECTION('',(-1.,0.,0.));
#2891=DIRECTION('',(0.,0.,-1.));
#2892=DIRECTION('',(1.,0.,0.));
#2893=DIRECTION('',(0.,0.,-1.));
#2894=DIRECTION('',(1.,0.,0.));
#2895=DIRECTION('',(0.,1.,0.));
#2896=DIRECTION('',(0.,0.,1.));
#2897=DIRECTION('',(0.,1.,0.));
#2898=DIRECTION('',(0.,0.,1.));
#2899=DIRECTION('',(1.,0.,0.));
#2900=DIRECTION('',(1.,0.,0.));
#2901=DIRECTION('',(0.,0.,1.));
#2902=DIRECTION('',(1.,0.,0.));
#2903=DIRECTION('',(0.,0.,-1.));
#2904=DIRECTION('',(1.,0.,0.));
#2905=DIRECTION('',(0.,0.,-1.));
#2906=DIRECTION('',(-1.,0.,0.));
#2907=DIRECTION('',(0.,0.,-1.));
#2908=DIRECTION('',(-1.,0.,0.));
#2909=DIRECTION('',(0.,0.,-1.));
#2910=DIRECTION('',(0.,0.,1.));
#2911=DIRECTION('',(1.,0.,0.));
#2912=DIRECTION('',(0.,0.,1.));
#2913=DIRECTION('',(1.,0.,0.));
#2914=DIRECTION('',(0.,0.,1.));
#2915=DIRECTION('',(1.,0.,0.));
#2916=DIRECTION('',(0.,0.,1.));
#2917=DIRECTION('',(1.,0.,0.));
#2918=DIRECTION('',(0.,0.,1.));
#2919=DIRECTION('',(1.,0.,0.));
#2920=DIRECTION('',(1.,0.,0.));
#2921=DIRECTION('',(0.,-1.,0.));
#2922=DIRECTION('',(0.707106781186547,0.707106781186548,0.));
#2923=DIRECTION('',(1.,0.,0.));
#2924=DIRECTION('',(4.92147916094925E-17,-1.,0.));
#2925=DIRECTION('',(1.,9.36823627811297E-17,0.));
#2926=DIRECTION('',(-0.707106781186548,0.707106781186548,0.));
#2927=DIRECTION('',(0.,1.,0.));
#2928=DIRECTION('',(0.,1.,0.));
#2929=DIRECTION('',(1.,0.,0.));
#2930=DIRECTION('',(0.,1.,0.));
#2931=DIRECTION('',(0.,1.,0.));
#2932=DIRECTION('',(-0.707106781186549,-0.707106781186546,0.));
#2933=DIRECTION('',(-1.,0.,0.));
#2934=DIRECTION('',(0.,-1.,0.));
#2935=DIRECTION('',(-1.,0.,0.));
#2936=DIRECTION('',(0.707106781186548,-0.707106781186548,0.));
#2937=DIRECTION('',(0.,-1.,0.));
#2938=DIRECTION('',(0.,-1.,0.));
#2939=DIRECTION('',(1.,0.,0.));
#2940=DIRECTION('',(0.,-1.,0.));
#2941=DIRECTION('',(1.,0.,0.));
#2942=DIRECTION('',(0.,1.,0.));
#2943=DIRECTION('',(1.,0.,0.));
#2944=DIRECTION('',(0.,1.,0.));
#2945=DIRECTION('',(-1.,0.,0.));
#2946=DIRECTION('',(1.,0.,0.));
#2947=DIRECTION('',(0.,0.,-1.));
#2948=DIRECTION('',(0.,0.,-1.));
#2949=DIRECTION('',(0.,-1.,0.));
#2950=DIRECTION('',(0.,0.,-1.));
#2951=DIRECTION('',(0.,0.,1.));
#2952=DIRECTION('',(0.,-1.,0.));
#2953=DIRECTION('',(0.,0.,-1.));
#2954=DIRECTION('',(0.,1.,0.));
#2955=DIRECTION('',(0.,0.,1.));
#2956=DIRECTION('',(1.,0.,0.));
#2957=DIRECTION('',(-4.92147916094925E-17,1.,0.));
#2958=DIRECTION('',(0.,1.,0.));
#2959=DIRECTION('',(1.,0.,0.));
#2960=DIRECTION('',(0.,1.,0.));
#2961=DIRECTION('',(-0.61222438909015,-0.790684069273684,0.));
#2962=DIRECTION('',(0.,1.,0.));
#2963=DIRECTION('',(0.693999370018723,-0.719975606818464,0.));
#2964=DIRECTION('',(0.,1.,0.));
#2965=DIRECTION('',(-1.,0.,0.));
#2966=DIRECTION('',(0.707106781186548,0.707106781186547,0.));
#2967=DIRECTION('',(0.,1.,0.));
#2968=DIRECTION('',(0.,1.,0.));
#2969=DIRECTION('',(0.,1.,0.));
#2970=DIRECTION('',(0.707106781186548,-0.707106781186548,0.));
#2971=DIRECTION('',(0.,-1.,0.));
#2972=DIRECTION('',(0.,0.,-1.));
#2973=DIRECTION('',(0.,0.,1.));
#2974=DIRECTION('',(-1.,0.,0.));
#2975=DIRECTION('',(0.,0.,-1.));
#2976=DIRECTION('',(0.,0.,1.));
#2977=DIRECTION('',(1.,0.,0.));
#2978=DIRECTION('',(-0.707106781186547,-0.707106781186548,0.));
#2979=DIRECTION('',(0.,1.,0.));
#2980=DIRECTION('',(-4.88019472633639E-16,1.,0.));
#2981=DIRECTION('',(9.36823627811297E-17,-1.,0.));
#2982=DIRECTION('',(1.,9.36823627811297E-17,0.));
#2983=DIRECTION('',(-1.,-9.36823627811297E-17,0.));
#2984=DIRECTION('',(0.,0.,-1.));
#2985=DIRECTION('',(0.,0.,-1.));
#2986=DIRECTION('',(0.,0.,1.));
#2987=DIRECTION('',(1.,0.,0.));
#2988=DIRECTION('',(0.,-1.,0.));
#2989=DIRECTION('',(0.707106781186548,-0.707106781186548,0.));
#2990=DIRECTION('',(0.,-1.,0.));
#2991=DIRECTION('',(1.,0.,0.));
#2992=DIRECTION('',(0.,0.,-1.));
#2993=DIRECTION('',(0.,1.,0.));
#2994=DIRECTION('',(0.,0.,-1.));
#2995=DIRECTION('',(0.,0.,-1.));
#2996=DIRECTION('',(0.,-1.,0.));
#2997=DIRECTION('',(1.,0.,0.));
#2998=DIRECTION('',(0.,0.,-1.));
#2999=DIRECTION('',(0.,0.,-1.));
#3000=DIRECTION('',(0.,0.,-1.));
#3001=DIRECTION('',(0.,1.,0.));
#3002=DIRECTION('',(0.,0.,1.));
#3003=DIRECTION('',(0.,1.,0.));
#3004=DIRECTION('',(0.,0.,1.));
#3005=DIRECTION('',(1.,0.,0.));
#3006=DIRECTION('',(0.,0.,-1.));
#3007=DIRECTION('',(0.,0.,1.));
#3008=DIRECTION('',(0.,0.,-1.));
#3009=DIRECTION('',(0.,1.,0.));
#3010=DIRECTION('',(0.,0.,1.));
#3011=DIRECTION('',(0.,-1.,0.));
#3012=DIRECTION('',(0.,0.,-1.));
#3013=DIRECTION('',(0.,-1.,0.));
#3014=DIRECTION('',(1.,0.,0.));
#3015=DIRECTION('',(-1.,0.,0.));
#3016=DIRECTION('',(0.,0.,1.));
#3017=DIRECTION('',(-1.,0.,0.));
#3018=DIRECTION('',(0.,0.,-1.));
#3019=DIRECTION('',(-1.,0.,0.));
#3020=DIRECTION('',(0.,0.,1.));
#3021=DIRECTION('',(-1.,0.,0.));
#3022=DIRECTION('',(0.,0.,-1.));
#3023=DIRECTION('',(0.,1.,0.));
#3024=DIRECTION('',(0.,0.,1.));
#3025=DIRECTION('',(-1.,0.,0.));
#3026=DIRECTION('',(0.,0.,-1.));
#3027=DIRECTION('',(0.,0.,1.));
#3028=DIRECTION('',(0.,-1.,0.));
#3029=DIRECTION('',(1.,0.,0.));
#3030=DIRECTION('',(0.,0.,-1.));
#3031=DIRECTION('',(-1.,0.,0.));
#3032=DIRECTION('',(0.,0.,1.));
#3033=DIRECTION('',(-1.,0.,0.));
#3034=DIRECTION('',(0.,0.,-1.));
#3035=DIRECTION('',(-1.,0.,0.));
#3036=DIRECTION('',(0.,0.,1.));
#3037=DIRECTION('',(-1.,0.,0.));
#3038=DIRECTION('',(0.,1.,0.));
#3039=DIRECTION('',(0.,0.,1.));
#3040=DIRECTION('',(0.,0.,1.));
#3041=DIRECTION('',(1.,0.,0.));
#3042=DIRECTION('',(0.,0.,-1.));
#3043=DIRECTION('',(0.963399615198743,0.,-0.268069359373492));
#3044=DIRECTION('',(-0.268069359373492,0.,-0.963399615198743));
#3045=DIRECTION('',(-0.268069359373492,0.,-0.963399615198743));
#3046=DIRECTION('',(0.,1.,0.));
#3047=DIRECTION('',(-0.268069359373492,0.,-0.963399615198743));
#3048=DIRECTION('',(0.953685132265757,0.,0.300806696227402));
#3049=DIRECTION('',(0.300806696227403,0.,-0.953685132265757));
#3050=DIRECTION('',(0.300806696227403,0.,-0.953685132265757));
#3051=DIRECTION('',(0.300806696227403,0.,-0.953685132265757));
#3052=DIRECTION('',(0.,-1.,0.));
#3053=DIRECTION('',(1.,0.,0.));
#3054=DIRECTION('',(0.,-1.,0.));
#3055=DIRECTION('',(1.,0.,0.));
#3056=DIRECTION('',(-0.707106781186548,0.707106781186547,0.));
#3057=DIRECTION('',(0.,0.,-1.));
#3058=DIRECTION('',(-0.577350269189626,-0.577350269189626,0.577350269189626));
#3059=DIRECTION('',(-0.577350269189626,-0.577350269189626,-0.577350269189626));
#3060=DIRECTION('',(0.707106781186547,0.707106781186548,0.));
#3061=DIRECTION('',(0.,0.,1.));
#3062=DIRECTION('',(0.577350269189626,-0.577350269189625,0.577350269189627));
#3063=DIRECTION('',(-0.577350269189626,0.577350269189625,0.577350269189626));
#3064=DIRECTION('',(0.,1.,0.));
#3065=DIRECTION('',(0.,0.,1.));
#3066=DIRECTION('',(0.,0.,1.));
#3067=DIRECTION('',(1.,0.,0.));
#3068=DIRECTION('',(1.,0.,0.));
#3069=DIRECTION('',(0.,0.,-1.));
#3070=DIRECTION('',(0.,-1.,0.));
#3071=DIRECTION('',(0.,0.,-1.));
#3072=DIRECTION('',(0.,0.,1.));
#3073=DIRECTION('',(1.,0.,0.));
#3074=DIRECTION('',(0.707106781186549,0.707106781186546,0.));
#3075=DIRECTION('',(-1.,0.,0.));
#3076=DIRECTION('',(0.,0.,1.));
#3077=DIRECTION('',(0.,0.,-1.));
#3078=DIRECTION('',(1.,0.,0.));
#3079=DIRECTION('',(0.,0.,-1.));
#3080=DIRECTION('',(0.,0.,1.));
#3081=DIRECTION('',(-1.,0.,0.));
#3082=DIRECTION('',(0.,0.,1.));
#3083=DIRECTION('',(0.,0.,1.));
#3084=DIRECTION('',(0.,1.,0.));
#3085=DIRECTION('',(0.,1.,0.));
#3086=DIRECTION('',(0.,0.,1.));
#3087=DIRECTION('',(1.,0.,0.));
#3088=DIRECTION('',(0.,0.,-1.));
#3089=DIRECTION('',(0.,0.,1.));
#3090=DIRECTION('',(1.,0.,0.));
#3091=DIRECTION('',(-0.707106781186548,0.707106781186548,0.));
#3092=DIRECTION('',(1.,4.92147916094925E-17,0.));
#3093=DIRECTION('',(-4.92147916094925E-17,1.,0.));
#3094=DIRECTION('',(-0.719975606818464,-0.693999370018723,0.));
#3095=DIRECTION('',(0.693999370018723,-0.719975606818464,0.));
#3096=DIRECTION('',(0.570149100530677,-0.59148965022908,-0.570149100530677));
#3097=DIRECTION('',(0.,0.,-1.));
#3098=DIRECTION('',(-0.693999370018723,0.719975606818464,0.));
#3099=DIRECTION('',(1.,0.,0.));
#3100=DIRECTION('',(0.,0.,-1.));
#3101=DIRECTION('',(0.,0.,-1.));
#3102=DIRECTION('',(0.,-1.,0.));
#3103=DIRECTION('',(-0.790684069273684,0.61222438909015,0.));
#3104=DIRECTION('',(-0.61222438909015,-0.790684069273684,0.));
#3105=DIRECTION('',(-0.52214113728045,-0.674342098284659,0.52214113728045));
#3106=DIRECTION('',(0.61222438909015,0.790684069273684,0.));
#3107=DIRECTION('',(0.,0.,1.));
#3108=DIRECTION('',(1.,0.,0.));
#3109=DIRECTION('',(0.,-1.,0.));
#3110=DIRECTION('',(0.,0.,-1.));
#3111=DIRECTION('',(0.,0.,-1.));
#3112=DIRECTION('',(-1.,0.,0.));
#3113=DIRECTION('',(-1.,0.,0.));
#3114=DIRECTION('',(0.,0.,1.));
#3115=DIRECTION('',(0.,0.,-1.));
#3116=DIRECTION('',(0.,1.,0.));
#3117=DIRECTION('',(0.,0.,-1.));
#3118=DIRECTION('',(0.,1.,0.));
#3119=DIRECTION('',(0.,0.,1.));
#3120=DIRECTION('',(1.,0.,0.));
#3121=DIRECTION('',(0.,0.,1.));
#3122=DIRECTION('',(1.,0.,0.));
#3123=DIRECTION('',(0.,-1.,0.));
#3124=DIRECTION('',(1.,0.,0.));
#3125=DIRECTION('',(0.,-1.,0.));
#3126=DIRECTION('',(1.,0.,0.));
#3127=DIRECTION('',(0.,0.,-1.));
#3128=DIRECTION('',(0.,-2.16840434497101E-16,1.));
#3129=DIRECTION('',(0.,-1.,-1.92747052886312E-16));
#3130=DIRECTION('',(0.,0.,1.));
#3131=DIRECTION('',(0.,0.,-1.));
#3132=DIRECTION('',(1.,0.,0.));
#3133=DIRECTION('',(0.,0.,-1.));
#3134=DIRECTION('',(0.,-2.16840434497101E-16,1.));
#3135=DIRECTION('',(0.,0.,-1.));
#3136=DIRECTION('',(0.,0.,1.));
#3137=DIRECTION('',(0.,-1.,-1.92747052886312E-16));
#3138=DIRECTION('',(0.,1.,0.));
#3139=DIRECTION('',(0.,0.,1.));
#3140=DIRECTION('',(0.,1.,2.16840434497101E-16));
#3141=DIRECTION('',(0.,-2.16840434497101E-16,1.));
#3142=DIRECTION('',(1.,0.,0.));
#3143=DIRECTION('',(0.,1.,0.));
#3144=DIRECTION('',(0.,0.,1.));
#3145=DIRECTION('',(1.,0.,0.));
#3146=DIRECTION('',(0.,-1.92747052886312E-16,1.));
#3147=DIRECTION('',(0.,-1.,-1.92747052886312E-16));
#3148=DIRECTION('',(0.,1.,0.));
#3149=DIRECTION('',(0.,0.,1.));
#3150=DIRECTION('',(1.,0.,0.));
#3151=DIRECTION('',(0.,0.,1.));
#3152=DIRECTION('',(1.,0.,0.));
#3153=DIRECTION('',(1.,0.,0.));
#3154=DIRECTION('',(0.,1.,0.));
#3155=DIRECTION('',(0.,0.,1.));
#3156=DIRECTION('',(0.,0.,-1.));
#3157=DIRECTION('',(0.,0.,-1.));
#3158=DIRECTION('',(-1.,0.,0.));
#3159=DIRECTION('',(0.,0.,1.));
#3160=DIRECTION('',(0.,1.,0.));
#3161=DIRECTION('',(0.,0.,-1.));
#3162=DIRECTION('',(0.,1.,0.));
#3163=DIRECTION('',(0.,-1.,0.));
#3164=DIRECTION('',(0.,0.,-1.));
#3165=DIRECTION('',(-1.,0.,0.));
#3166=DIRECTION('',(0.,0.,-1.));
#3167=DIRECTION('',(-1.,0.,0.));
#3168=DIRECTION('',(1.,0.,0.));
#3169=DIRECTION('',(0.,0.,-1.));
#3170=DIRECTION('',(0.,-1.,0.));
#3171=DIRECTION('',(0.,0.,-1.));
#3172=DIRECTION('',(0.,-1.,0.));
#3173=DIRECTION('',(0.,0.,-1.));
#3174=DIRECTION('',(0.,0.,-1.));
#3175=DIRECTION('',(-1.,0.,0.));
#3176=DIRECTION('',(0.,0.,1.));
#3177=DIRECTION('',(0.,0.,-1.));
#3178=DIRECTION('',(0.,1.,0.));
#3179=DIRECTION('',(0.,0.,-1.));
#3180=DIRECTION('',(0.,1.,0.));
#3181=DIRECTION('',(0.,0.,1.));
#3182=DIRECTION('',(0.,0.,-1.));
#3183=DIRECTION('',(1.,0.,0.));
#3184=DIRECTION('',(1.,0.,0.));
#3185=DIRECTION('',(0.,0.,-1.));
#3186=DIRECTION('',(0.,0.,-1.));
#3187=DIRECTION('',(0.,-1.,0.));
#3188=DIRECTION('',(0.,-1.,0.));
#3189=DIRECTION('',(0.,0.,-1.));
#3190=DIRECTION('',(0.,0.,-1.));
#3191=DIRECTION('',(-1.,0.,0.));
#3192=DIRECTION('',(1.,0.,0.));
#3193=DIRECTION('',(0.,0.,-1.));
#3194=DIRECTION('',(0.,0.,-1.));
#3195=DIRECTION('',(0.,-1.,0.));
#3196=DIRECTION('',(0.,0.,-1.));
#3197=DIRECTION('',(0.,0.,-1.));
#3198=DIRECTION('',(0.,0.,-1.));
#3199=DIRECTION('',(0.,0.,-1.));
#3200=DIRECTION('',(1.,0.,0.));
#3201=DIRECTION('',(0.,1.,0.));
#3202=DIRECTION('',(0.,0.,1.));
#3203=DIRECTION('',(0.,0.,-1.));
#3204=DIRECTION('',(1.,0.,0.));
#3205=DIRECTION('',(0.,0.,-1.));
#3206=DIRECTION('',(1.,0.,0.));
#3207=DIRECTION('',(0.,0.,-1.));
#3208=DIRECTION('',(0.,0.,-1.));
#3209=DIRECTION('',(0.,-1.,0.));
#3210=DIRECTION('',(0.,-1.,0.));
#3211=DIRECTION('',(0.,0.,-1.));
#3212=DIRECTION('',(0.,0.,-1.));
#3213=DIRECTION('',(-1.,0.,0.));
#3214=DIRECTION('',(-1.,0.,0.));
#3215=DIRECTION('',(0.,0.,1.));
#3216=DIRECTION('',(0.,0.,-1.));
#3217=DIRECTION('',(0.,1.,0.));
#3218=DIRECTION('',(0.,-1.,0.));
#3219=DIRECTION('',(0.,0.,-1.));
#3220=DIRECTION('',(0.,0.,-1.));
#3221=DIRECTION('',(-1.,0.,0.));
#3222=DIRECTION('',(1.,0.,0.));
#3223=DIRECTION('',(0.,0.,-1.));
#3224=DIRECTION('',(0.,0.,-1.));
#3225=DIRECTION('',(0.,-1.,0.));
#3226=DIRECTION('',(0.,-1.,0.));
#3227=DIRECTION('',(0.,0.,-1.));
#3228=DIRECTION('',(0.,0.,-1.));
#3229=DIRECTION('',(-1.,0.,0.));
#3230=DIRECTION('',(-1.,0.,0.));
#3231=DIRECTION('',(0.,0.,1.));
#3232=DIRECTION('',(0.,0.,-1.));
#3233=DIRECTION('',(0.,1.,0.));
#3234=DIRECTION('',(0.,1.,0.));
#3235=DIRECTION('',(0.,0.,1.));
#3236=DIRECTION('',(0.,0.,-1.));
#3237=DIRECTION('',(1.,0.,0.));
#3238=DIRECTION('',(1.,0.,0.));
#3239=DIRECTION('',(0.,0.,-1.));
#3240=DIRECTION('',(0.,0.,-1.));
#3241=DIRECTION('',(0.,-1.,0.));
#3242=DIRECTION('',(0.,1.,0.));
#3243=DIRECTION('',(0.,0.,1.));
#3244=DIRECTION('',(0.,0.,-1.));
#3245=DIRECTION('',(1.,0.,0.));
#3246=DIRECTION('',(-1.,0.,0.));
#3247=DIRECTION('',(0.,0.,1.));
#3248=DIRECTION('',(0.,1.,0.));
#3249=DIRECTION('',(0.,0.,-1.));
#3250=DIRECTION('',(1.,0.,0.));
#3251=DIRECTION('',(-1.,0.,0.));
#3252=DIRECTION('',(0.,0.,1.));
#3253=DIRECTION('',(0.,1.,0.));
#3254=DIRECTION('',(0.,0.,-1.));
#3255=DIRECTION('',(0.,1.,0.));
#3256=DIRECTION('',(0.,0.,-1.));
#3257=DIRECTION('',(0.,-1.,0.));
#3258=DIRECTION('',(0.,0.,-1.));
#3259=DIRECTION('',(-1.,0.,0.));
#3260=DIRECTION('',(0.,0.,-1.));
#3261=DIRECTION('',(-1.,0.,0.));
#3262=DIRECTION('',(1.,0.,0.));
#3263=DIRECTION('',(0.,0.,-1.));
#3264=DIRECTION('',(0.,-1.,0.));
#3265=DIRECTION('',(0.,0.,-1.));
#3266=DIRECTION('',(0.,-1.,0.));
#3267=DIRECTION('',(0.,0.,-1.));
#3268=DIRECTION('',(0.,0.,-1.));
#3269=DIRECTION('',(0.,0.,-1.));
#3270=DIRECTION('',(0.498318880855245,0.866993825227825,0.));
#3271=DIRECTION('',(-0.866993825227825,0.498318880855245,0.));
#3272=DIRECTION('',(0.,0.,-1.));
#3273=DIRECTION('',(0.866993825227825,-0.498318880855245,0.));
#3274=DIRECTION('',(0.,0.,-1.));
#3275=DIRECTION('',(1.,0.,0.));
#3276=DIRECTION('',(0.,0.,-1.));
#3277=DIRECTION('',(0.,0.,-1.));
#3278=DIRECTION('',(0.,-1.,0.));
#3279=DIRECTION('',(-0.499014298638065,-0.866593751278395,0.));
#3280=DIRECTION('',(0.866593751278395,-0.499014298638065,0.));
#3281=DIRECTION('',(0.,0.,-1.));
#3282=DIRECTION('',(-0.866593751278395,0.499014298638065,0.));
#3283=DIRECTION('',(0.,0.,-1.));
#3284=DIRECTION('',(0.,0.,-1.));
#3285=DIRECTION('',(0.,0.,-1.));
#3286=DIRECTION('',(0.,0.,-1.));
#3287=DIRECTION('',(0.,0.,-1.));
#3288=DIRECTION('',(-1.,0.,0.));
#3289=DIRECTION('',(0.,0.,1.));
#3290=DIRECTION('',(0.,0.,-1.));
#3291=DIRECTION('',(0.,1.,0.));
#3292=DIRECTION('',(0.,1.,0.));
#3293=DIRECTION('',(0.,0.,1.));
#3294=DIRECTION('',(0.,0.,-1.));
#3295=DIRECTION('',(1.,0.,0.));
#3296=DIRECTION('',(1.,0.,0.));
#3297=DIRECTION('',(0.,0.,-1.));
#3298=DIRECTION('',(0.,0.,-1.));
#3299=DIRECTION('',(0.,-1.,0.));
#3300=DIRECTION('',(0.,-1.,0.));
#3301=DIRECTION('',(0.,0.,-1.));
#3302=DIRECTION('',(0.,0.,-1.));
#3303=DIRECTION('',(-1.,0.,0.));
#3304=DIRECTION('',(1.,0.,0.));
#3305=DIRECTION('',(0.,0.,-1.));
#3306=DIRECTION('',(0.,-1.,0.));
#3307=DIRECTION('',(0.,0.,-1.));
#3308=DIRECTION('',(1.,0.,0.));
#3309=DIRECTION('',(0.,0.,1.));
#3310=DIRECTION('',(1.,0.,0.));
#3311=DIRECTION('',(0.,0.,1.));
#3312=DIRECTION('',(1.,0.,0.));
#3313=DIRECTION('',(-0.707106781186548,-0.707106781186548,0.));
#3314=DIRECTION('',(0.,0.,1.));
#3315=DIRECTION('',(0.,0.,1.));
#3316=DIRECTION('',(0.577350269189626,-0.577350269189626,-0.577350269189626));
#3317=DIRECTION('',(0.707106781186547,-0.707106781186548,0.));
#3318=DIRECTION('',(0.,0.,-1.));
#3319=DIRECTION('',(-0.577350269189626,-0.577350269189625,0.577350269189627));
#3320=DIRECTION('',(0.,0.,1.));
#3321=DIRECTION('',(0.,0.,-1.));
#3322=DIRECTION('',(-1.,0.,0.));
#3323=DIRECTION('',(0.,0.,-1.));
#3324=DIRECTION('',(-1.,0.,0.));
#3325=DIRECTION('',(0.,0.,-1.));
#3326=DIRECTION('',(-1.,0.,0.));
#3327=DIRECTION('',(0.,0.,-1.));
#3328=DIRECTION('',(-1.,0.,0.));
#3329=DIRECTION('',(0.,0.707106781186548,-0.707106781186548));
#3330=DIRECTION('',(1.,0.,0.));
#3331=DIRECTION('',(0.862856209461017,-0.357406744336592,-0.357406744336592));
#3332=DIRECTION('',(0.,0.707106781186549,0.707106781186546));
#3333=DIRECTION('',(-1.,0.,0.));
#3334=DIRECTION('',(0.862856209461018,0.357406744336591,-0.357406744336592));
#3335=DIRECTION('',(-0.707106781186548,0.,-0.707106781186548));
#3336=DIRECTION('',(0.,1.,0.));
#3337=DIRECTION('',(-0.707106781186548,0.,-0.707106781186548));
#3338=DIRECTION('',(0.,1.,0.));
#3339=DIRECTION('',(0.382683432365089,0.923879532511287,0.));
#3340=DIRECTION('',(0.,0.,-1.));
#3341=DIRECTION('',(0.382683432365087,-0.923879532511288,0.));
#3342=DIRECTION('',(0.,0.,1.));
#3343=DIRECTION('',(-0.707106781186548,0.707106781186547,0.));
#3344=DIRECTION('',(0.,0.,1.));
#3345=DIRECTION('',(-0.707106781186548,-0.707106781186548,0.));
#3346=DIRECTION('',(0.,0.,1.));
#3347=DIRECTION('',(0.707106781186548,0.707106781186548,0.));
#3348=DIRECTION('',(0.,0.,1.));
#3349=DIRECTION('',(0.707106781186546,-0.707106781186549,0.));
#3350=DIRECTION('',(0.,0.,1.));
#3351=DIRECTION('',(0.,-1.,0.));
#3352=DIRECTION('',(0.,0.,-1.));
#3353=DIRECTION('',(0.,1.,0.));
#3354=DIRECTION('',(0.,0.,1.));
#3355=DIRECTION('',(0.,1.,0.));
#3356=DIRECTION('',(-1.,0.,0.));
#3357=DIRECTION('',(0.,1.,0.));
#3358=DIRECTION('',(-1.,0.,0.));
#3359=DIRECTION('',(0.,1.,0.));
#3360=DIRECTION('',(0.,0.,1.));
#3361=DIRECTION('',(0.,1.,0.));
#3362=DIRECTION('',(0.,0.,1.));
#3363=DIRECTION('',(-0.328687791806636,-0.944438635125267,0.));
#3364=DIRECTION('',(0.944438635125267,-0.328687791806636,0.));
#3365=DIRECTION('',(-0.944438635125267,0.328687791806636,0.));
#3366=DIRECTION('',(-0.944438635125267,0.328687791806636,0.));
#3367=DIRECTION('',(0.,0.,-1.));
#3368=DIRECTION('',(0.935586628062897,0.353097240699921,0.));
#3369=DIRECTION('',(-0.353097240699921,0.935586628062897,0.));
#3370=DIRECTION('',(0.353097240699921,-0.935586628062897,0.));
#3371=DIRECTION('',(0.353097240699921,-0.935586628062897,0.));
#3372=DIRECTION('',(0.,0.,1.));
#3373=DIRECTION('',(1.,0.,0.));
#3374=DIRECTION('',(0.,0.,1.));
#3375=DIRECTION('',(1.,0.,0.));
#3376=DIRECTION('',(0.328687791806636,-0.944438635125267,0.));
#3377=DIRECTION('',(0.944438635125267,0.328687791806636,0.));
#3378=DIRECTION('',(-0.944438635125267,-0.328687791806636,0.));
#3379=DIRECTION('',(-0.944438635125267,-0.328687791806636,0.));
#3380=DIRECTION('',(0.,0.,-1.));
#3381=DIRECTION('',(-0.935586628062897,0.353097240699921,0.));
#3382=DIRECTION('',(-0.353097240699921,-0.935586628062897,0.));
#3383=DIRECTION('',(0.353097240699921,0.935586628062897,0.));
#3384=DIRECTION('',(0.353097240699921,0.935586628062897,0.));
#3385=DIRECTION('',(0.,0.,1.));
#3386=DIRECTION('',(1.,0.,0.));
#3387=DIRECTION('',(0.,0.,1.));
#3388=DIRECTION('',(1.,0.,0.));
#3389=DIRECTION('',(0.809610611203731,0.586967339999698,0.));
#3390=DIRECTION('',(-0.586967339999698,0.809610611203731,0.));
#3391=DIRECTION('',(0.586967339999698,-0.809610611203731,0.));
#3392=DIRECTION('',(0.586967339999698,-0.809610611203731,0.));
#3393=DIRECTION('',(0.,0.,-1.));
#3394=DIRECTION('',(-0.400556453441255,-0.916272081647457,0.));
#3395=DIRECTION('',(0.916272081647457,-0.400556453441255,0.));
#3396=DIRECTION('',(-0.916272081647457,0.400556453441255,0.));
#3397=DIRECTION('',(-0.916272081647457,0.400556453441255,0.));
#3398=DIRECTION('',(0.,0.,1.));
#3399=DIRECTION('',(1.,0.,0.));
#3400=DIRECTION('',(0.,0.,1.));
#3401=DIRECTION('',(1.,0.,0.));
#3402=DIRECTION('',(0.400556453441256,-0.916272081647456,0.));
#3403=DIRECTION('',(0.916272081647456,0.400556453441256,0.));
#3404=DIRECTION('',(-0.916272081647457,-0.400556453441256,0.));
#3405=DIRECTION('',(-0.916272081647457,-0.400556453441256,0.));
#3406=DIRECTION('',(0.,0.,-1.));
#3407=DIRECTION('',(-0.809610611203731,0.586967339999698,0.));
#3408=DIRECTION('',(-0.586967339999698,-0.809610611203731,0.));
#3409=DIRECTION('',(0.586967339999698,0.809610611203731,0.));
#3410=DIRECTION('',(0.586967339999698,0.809610611203731,0.));
#3411=DIRECTION('',(0.,0.,1.));
#3412=DIRECTION('',(1.,0.,0.));
#3413=DIRECTION('',(0.,0.,1.));
#3414=DIRECTION('',(1.,0.,0.));
#3415=CARTESIAN_POINT('',(0.,0.,0.));
#3416=CARTESIAN_POINT('',(-0.0411967819434487,-0.0697,0.));
#3417=CARTESIAN_POINT('',(-0.0674245130236437,-0.050959124122789,0.));
#3418=CARTESIAN_POINT('',(-0.0656745130236437,-0.050959124122789,0.));
#3419=CARTESIAN_POINT('',(-0.0674245130236437,-0.0176591241227891,0.));
#3420=CARTESIAN_POINT('',(-0.0656745130236437,-0.0176591241227891,0.));
#3421=CARTESIAN_POINT('',(-0.0599245130236437,-0.024659124122789,0.));
#3422=CARTESIAN_POINT('',(-0.0578028816203068,-0.024659124122789,0.));
#3423=CARTESIAN_POINT('',(-0.0599245130236437,-0.0429591241227891,0.));
#3424=CARTESIAN_POINT('',(-0.0569245130236437,-0.0429591241227891,0.));
#3425=CARTESIAN_POINT('',(-0.0515492123616448,-0.037042872506057,0.));
#3426=CARTESIAN_POINT('',(-0.0531245130236437,-0.037042872506057,0.));
#3427=CARTESIAN_POINT('',(-0.0499739116996458,-0.037042872506057,0.));
#3428=CARTESIAN_POINT('',(-0.0499739116996458,-0.035467571844058,0.));
#3429=CARTESIAN_POINT('',(-0.0499739116996458,-0.033892271182059,0.));
#3430=CARTESIAN_POINT('',(-0.0368339630497964,-0.033892271182059,0.));
#3431=CARTESIAN_POINT('',(-0.0236940143999471,-0.033892271182059,0.));
#3432=CARTESIAN_POINT('',(-0.0236940143999471,-0.035467571844058,0.));
#3433=CARTESIAN_POINT('',(-0.0236940143999471,-0.037042872506057,0.));
#3434=CARTESIAN_POINT('',(-0.0221149807979908,-0.037042872506057,0.));
#3435=CARTESIAN_POINT('',(-0.0205359471960345,-0.037042872506057,0.));
#3436=CARTESIAN_POINT('',(-0.0205359471960345,-0.0320967270625768,0.));
#3437=CARTESIAN_POINT('',(-0.0205359471960345,-0.0271505816190966,0.));
#3438=CARTESIAN_POINT('',(-0.0221149807979908,-0.0271505816190966,0.));
#3439=CARTESIAN_POINT('',(-0.0236940143999471,-0.0271505816190966,0.));
#3440=CARTESIAN_POINT('',(-0.0236940143999471,-0.0287296152210529,0.));
#3441=CARTESIAN_POINT('',(-0.0236940143999471,-0.0303086488230093,0.));
#3442=CARTESIAN_POINT('',(-0.0368339630497964,-0.0303086488230093,0.));
#3443=CARTESIAN_POINT('',(-0.0499739116996458,-0.0303086488230093,0.));
#3444=CARTESIAN_POINT('',(-0.0499739116996458,-0.0287296152210529,0.));
#3445=CARTESIAN_POINT('',(-0.0499739116996458,-0.0271505816190966,0.));
#3446=CARTESIAN_POINT('',(-0.0515492123616448,-0.0271505816190966,0.));
#3447=CARTESIAN_POINT('',(-0.0531245130236437,-0.0271505816190966,0.));
#3448=CARTESIAN_POINT('',(-0.0531245130236437,-0.0320967270625768,0.));
#3449=CARTESIAN_POINT('',(-0.0731441123166846,0.002,0.));
#3450=CARTESIAN_POINT('',(-0.0731441123166846,0.002,-1.04083408558608E-17));
#3451=CARTESIAN_POINT('',(-0.0718512190978711,0.00329289321881346,0.));
#3452=CARTESIAN_POINT('',(-0.0701441123166846,0.004,0.));
#3453=CARTESIAN_POINT('',(-0.0701441123166846,0.004,0.));
#3454=CARTESIAN_POINT('',(-0.0411967819434487,0.004,0.));
#3455=CARTESIAN_POINT('',(-0.0112494515702128,0.004,0.));
#3456=CARTESIAN_POINT('',(-0.0112494515702128,0.004,0.));
#3457=CARTESIAN_POINT('',(-0.00924945157021284,0.002,0.));
#3458=CARTESIAN_POINT('',(-0.00924945157021284,-0.0697,0.));
#3459=CARTESIAN_POINT('',(-0.00924945157021284,-0.0677,0.));
#3460=CARTESIAN_POINT('',(-0.00924945157021284,-0.0677,0.));
#3461=CARTESIAN_POINT('',(-0.0112494515702128,-0.0697,0.));
#3462=CARTESIAN_POINT('',(-0.0411967819434487,-0.0697,0.));
#3463=CARTESIAN_POINT('',(-0.0701441123166846,-0.0697,0.));
#3464=CARTESIAN_POINT('',(-0.0701441123166846,-0.0697,0.));
#3465=CARTESIAN_POINT('',(-0.0718512190978711,-0.0689928932188135,0.));
#3466=CARTESIAN_POINT('',(-0.0711441123166846,-0.0697,0.));
#3467=CARTESIAN_POINT('',(-0.0731441123166846,-0.0677,-1.04083408558608E-17));
#3468=CARTESIAN_POINT('',(-0.0731441123166846,-0.0697,-1.04083408558608E-17));
#3469=CARTESIAN_POINT('',(-0.0731441123166846,-0.0582,-1.04083408558608E-17));
#3470=CARTESIAN_POINT('',(-0.0731441123166846,-0.0582,-1.04083408558608E-17));
#3471=CARTESIAN_POINT('',(-0.0731441123166846,-0.01,-1.04083408558608E-17));
#3472=CARTESIAN_POINT('',(-0.0731441123166846,-0.0697,-1.04083408558608E-17));
#3473=CARTESIAN_POINT('',(-0.0205359471960345,-0.0152537019750427,0.));
#3474=CARTESIAN_POINT('',(-0.0205359471960345,-0.0207000613728069,0.));
#3475=CARTESIAN_POINT('',(-0.0205359471960345,-0.0098073425772784,0.));
#3476=CARTESIAN_POINT('',(-0.0205359471960345,-0.0098073425772784,0.));
#3477=CARTESIAN_POINT('',(-0.0205359471960345,-0.00540993930752769,0.));
#3478=CARTESIAN_POINT('',(-0.0232124651454498,-0.00278194957755783,0.));
#3479=CARTESIAN_POINT('',(-0.0232124651454498,-0.00278194957755783,0.));
#3480=CARTESIAN_POINT('',(-0.0232124651454498,-0.00278194957755783,0.));
#3481=CARTESIAN_POINT('',(-0.0258889830948652,-0.000153959847587953,0.));
#3482=CARTESIAN_POINT('',(-0.0306223509607768,-0.000153959847587953,0.));
#3483=CARTESIAN_POINT('',(-0.0306223509607768,-0.000153959847587953,0.));
#3484=CARTESIAN_POINT('',(-0.0306223509607768,-0.000153959847587953,0.));
#3485=CARTESIAN_POINT('',(-0.0353034576672856,-0.000153959847587953,0.));
#3486=CARTESIAN_POINT('',(-0.0379799756167009,-0.00290140365619282,0.));
#3487=CARTESIAN_POINT('',(-0.0379799756167009,-0.00290140365619282,0.));
#3488=CARTESIAN_POINT('',(-0.0379799756167009,-0.00290140365619282,0.));
#3489=CARTESIAN_POINT('',(-0.0406564935661163,-0.00564884746479768,0.));
#3490=CARTESIAN_POINT('',(-0.0406564935661163,-0.0101881024529274,0.));
#3491=CARTESIAN_POINT('',(-0.0406564935661163,-0.0101881024529274,0.));
#3492=CARTESIAN_POINT('',(-0.0406564935661163,-0.0136522707333423,0.));
#3493=CARTESIAN_POINT('',(-0.0406564935661163,-0.0171164390137571,0.));
#3494=CARTESIAN_POINT('',(-0.04689050329488,-0.0171164390137571,0.));
#3495=CARTESIAN_POINT('',(-0.0531245130236437,-0.0171164390137571,0.));
#3496=CARTESIAN_POINT('',(-0.0531245130236437,-0.018908250193282,0.));
#3497=CARTESIAN_POINT('',(-0.0531245130236437,-0.0207000613728069,0.));
#3498=CARTESIAN_POINT('',(-0.0368302301098391,-0.0207000613728069,0.));
#3499=CARTESIAN_POINT('',(-0.0459348706658,-0.049439966104395,0.));
#3500=CARTESIAN_POINT('',(-0.0531245130236437,-0.0453076015716157,0.));
#3501=CARTESIAN_POINT('',(-0.0387452283079563,-0.0535723306371743,0.));
#3502=CARTESIAN_POINT('',(-0.0387452283079563,-0.0567975907603191,0.));
#3503=CARTESIAN_POINT('',(-0.0387452283079563,-0.060022850883464,0.));
#3504=CARTESIAN_POINT('',(-0.0459348706658,-0.060022850883464,0.));
#3505=CARTESIAN_POINT('',(-0.0531245130236437,-0.060022850883464,0.));
#3506=CARTESIAN_POINT('',(-0.0531245130236437,-0.0618146620629889,0.));
#3507=CARTESIAN_POINT('',(-0.0531245130236437,-0.0636064732425138,0.));
#3508=CARTESIAN_POINT('',(-0.0368302301098391,-0.0636064732425138,0.));
#3509=CARTESIAN_POINT('',(-0.0205359471960345,-0.0636064732425138,0.));
#3510=CARTESIAN_POINT('',(-0.0205359471960345,-0.0581601138447495,0.));
#3511=CARTESIAN_POINT('',(-0.0205359471960345,-0.0527137544469853,0.));
#3512=CARTESIAN_POINT('',(-0.0205359471960345,-0.0527137544469853,0.));
#3513=CARTESIAN_POINT('',(-0.0205359471960345,-0.0497498001208545,0.));
#3514=CARTESIAN_POINT('',(-0.0216819597629389,-0.047506303206491,0.));
#3515=CARTESIAN_POINT('',(-0.0216819597629389,-0.047506303206491,0.));
#3516=CARTESIAN_POINT('',(-0.0216819597629389,-0.047506303206491,0.));
#3517=CARTESIAN_POINT('',(-0.0228279723298434,-0.0452628062921275,0.));
#3518=CARTESIAN_POINT('',(-0.0249072198860838,-0.0440682655057776,0.));
#3519=CARTESIAN_POINT('',(-0.0249072198860838,-0.0440682655057776,0.));
#3520=CARTESIAN_POINT('',(-0.0249072198860838,-0.0440682655057776,0.));
#3521=CARTESIAN_POINT('',(-0.0269864674423241,-0.0428737247194276,0.));
#3522=CARTESIAN_POINT('',(-0.0296667183316968,-0.0428737247194276,0.));
#3523=CARTESIAN_POINT('',(-0.0296667183316968,-0.0428737247194276,0.));
#3524=CARTESIAN_POINT('',(-0.0296667183316968,-0.0428737247194276,0.));
#3525=CARTESIAN_POINT('',(-0.0329143760945857,-0.0428737247194276,0.));
#3526=CARTESIAN_POINT('',(-0.0352325318080961,-0.044833518197033,0.));
#3527=CARTESIAN_POINT('',(-0.0352325318080961,-0.044833518197033,0.));
#3528=CARTESIAN_POINT('',(-0.0352325318080961,-0.044833518197033,0.));
#3529=CARTESIAN_POINT('',(-0.0375506875216064,-0.0467933116746384,0.));
#3530=CARTESIAN_POINT('',(-0.0383570025523926,-0.0500409694375273,0.));
#3531=CARTESIAN_POINT('',(-0.0383570025523926,-0.0500409694375273,0.));
#3532=CARTESIAN_POINT('',(-0.0457407577880182,-0.045789150826113,0.));
#3533=CARTESIAN_POINT('',(-0.0531245130236437,-0.0415373322146987,0.));
#3534=CARTESIAN_POINT('',(-0.0531245130236437,-0.0434224668931571,0.));
#3535=CARTESIAN_POINT('',(-0.034185040742159,-0.0592573318407124,0.0069));
#3536=CARTESIAN_POINT('',(-0.034185040742159,-0.0568502599298952,0.003));
#3537=CARTESIAN_POINT('',(-0.034185040742159,-0.0568502599298952,0.002));
#3538=CARTESIAN_POINT('',(-0.034185040742159,-0.0568502599298952,0.004));
#3539=CARTESIAN_POINT('',(-0.034185040742159,-0.032841966720298,0.002));
#3540=CARTESIAN_POINT('',(-0.034185040742159,-0.0502750487155855,0.002));
#3541=CARTESIAN_POINT('',(-0.034185040742159,-0.0502750487155855,0.0069));
#3542=CARTESIAN_POINT('',(-0.034185040742159,-0.0502750487155855,0.0069));
#3543=CARTESIAN_POINT('',(-0.034185040742159,-0.0592573318407124,0.0069));
#3544=CARTESIAN_POINT('',(-0.034185040742159,-0.0680899769067764,0.0069));
#3545=CARTESIAN_POINT('',(-0.034185040742159,-0.0680899769067764,0.0475));
#3546=CARTESIAN_POINT('',(-0.034185040742159,-0.0680899769067764,0.002));
#3547=CARTESIAN_POINT('',(-0.034185040742159,-0.032841966720298,0.002));
#3548=CARTESIAN_POINT('',(-0.034185040742159,-0.0613502599298952,0.002));
#3549=CARTESIAN_POINT('',(-0.034185040742159,-0.0613502599298952,0.003));
#3550=CARTESIAN_POINT('',(-0.034185040742159,-0.0613502599298952,0.004));
#3551=CARTESIAN_POINT('',(-0.034185040742159,-0.0591002599298952,0.004));
#3552=CARTESIAN_POINT('',(-0.0417606475021826,0.00240604346618057,0.0475));
#3553=CARTESIAN_POINT('',(-0.0408780165016651,0.00240604346618057,0.0132338115945458));
#3554=CARTESIAN_POINT('',(-0.0408780165016651,0.00240604346618057,0.0155974034957547));
#3555=CARTESIAN_POINT('',(-0.0470046028494836,0.00240604346618057,0.0475));
#3556=CARTESIAN_POINT('',(-0.0470046028494836,0.00240604346618057,0.0069));
#3557=CARTESIAN_POINT('',(-0.0470046028494836,0.00240604346618057,0.002));
#3558=CARTESIAN_POINT('',(-0.0417606475021826,0.00240604346618057,0.0069));
#3559=CARTESIAN_POINT('',(-0.034185040742159,0.00240604346618057,0.0069));
#3560=CARTESIAN_POINT('',(-0.034185040742159,0.00240604346618057,0.0475));
#3561=CARTESIAN_POINT('',(-0.034185040742159,0.00240604346618057,0.002));
#3562=CARTESIAN_POINT('',(-0.0417606475021826,0.00240604346618057,0.002));
#3563=CARTESIAN_POINT('',(-0.0167269584418771,0.00240604346618057,0.002));
#3564=CARTESIAN_POINT('',(-0.0167269584418771,0.00240604346618057,0.0238));
#3565=CARTESIAN_POINT('',(-0.0167269584418771,0.00240604346618057,0.0238));
#3566=CARTESIAN_POINT('',(-0.0144123238825022,0.00240604346618057,0.0238));
#3567=CARTESIAN_POINT('',(-0.0139976893231273,0.00240604346618057,0.0238));
#3568=CARTESIAN_POINT('',(-0.0139976893231273,0.00240604346618057,0.0475));
#3569=CARTESIAN_POINT('',(-0.0139976893231273,0.00240604346618057,0.024722833186388));
#3570=CARTESIAN_POINT('',(-0.0411967819434487,0.00240604346618057,0.024722833186388));
#3571=CARTESIAN_POINT('',(-0.071423605681238,0.00240604346618057,0.024722833186388));
#3572=CARTESIAN_POINT('',(-0.071423605681238,0.00240604346618057,0.0475));
#3573=CARTESIAN_POINT('',(-0.071423605681238,0.00240604346618057,0.0238));
#3574=CARTESIAN_POINT('',(-0.0693364670880411,0.00240604346618057,0.0238));
#3575=CARTESIAN_POINT('',(-0.0672493284948443,0.00240604346618057,0.0238));
#3576=CARTESIAN_POINT('',(-0.0672493284948443,0.00240604346618057,0.0238));
#3577=CARTESIAN_POINT('',(-0.0672493284948443,0.00240604346618057,0.002));
#3578=CARTESIAN_POINT('',(-0.0417606475021826,0.00240604346618057,0.002));
#3579=CARTESIAN_POINT('',(-0.0417606475021826,-0.0680899769067764,0.0475));
#3580=CARTESIAN_POINT('',(-0.0408780165016651,-0.0680899769067764,0.0132338115945458));
#3581=CARTESIAN_POINT('',(-0.0408780165016651,-0.0680899769067764,0.0155974034957547));
#3582=CARTESIAN_POINT('',(-0.0417606475021826,-0.0680899769067764,0.002));
#3583=CARTESIAN_POINT('',(-0.0163434183852318,-0.0680899769067764,0.002));
#3584=CARTESIAN_POINT('',(-0.0417606475021826,-0.0680899769067764,0.0069));
#3585=CARTESIAN_POINT('',(-0.0470046028494836,-0.0680899769067764,0.0069));
#3586=CARTESIAN_POINT('',(-0.0470046028494836,-0.0680899769067764,0.0475));
#3587=CARTESIAN_POINT('',(-0.0470046028494836,-0.0680899769067764,0.002));
#3588=CARTESIAN_POINT('',(-0.0417606475021826,-0.0680899769067764,0.002));
#3589=CARTESIAN_POINT('',(-0.0672493284948443,-0.0680899769067764,0.002));
#3590=CARTESIAN_POINT('',(-0.0672493284948443,-0.0680899769067764,0.0238));
#3591=CARTESIAN_POINT('',(-0.0672493284948443,-0.0680899769067764,0.0238));
#3592=CARTESIAN_POINT('',(-0.0693364670880411,-0.0680899769067764,0.0238));
#3593=CARTESIAN_POINT('',(-0.071423605681238,-0.0680899769067764,0.0238));
#3594=CARTESIAN_POINT('',(-0.071423605681238,-0.0680899769067764,0.0475));
#3595=CARTESIAN_POINT('',(-0.071423605681238,-0.0680899769067764,0.024722833186388));
#3596=CARTESIAN_POINT('',(-0.0411967819434487,-0.0680899769067764,0.024722833186388));
#3597=CARTESIAN_POINT('',(-0.0139976893231273,-0.0680899769067764,0.024722833186388));
#3598=CARTESIAN_POINT('',(-0.0139976893231273,-0.0680899769067764,0.0475));
#3599=CARTESIAN_POINT('',(-0.0139976893231273,-0.0680899769067764,0.0238));
#3600=CARTESIAN_POINT('',(-0.0142205538541796,-0.0680899769067764,0.0238));
#3601=CARTESIAN_POINT('',(-0.0163434183852318,-0.0680899769067764,0.0238));
#3602=CARTESIAN_POINT('',(-0.0163434183852318,-0.0680899769067764,0.0238));
#3603=CARTESIAN_POINT('',(-0.0417606475021826,-0.032841966720298,0.002));
#3604=CARTESIAN_POINT('',(-0.0674245130236437,-0.050959124122789,0.002));
#3605=CARTESIAN_POINT('',(-0.0656745130236437,-0.050959124122789,0.002));
#3606=CARTESIAN_POINT('',(-0.0674245130236437,-0.0176591241227891,0.002));
#3607=CARTESIAN_POINT('',(-0.0656745130236437,-0.0176591241227891,0.002));
#3608=CARTESIAN_POINT('',(-0.0599245130236437,-0.024659124122789,0.002));
#3609=CARTESIAN_POINT('',(-0.0578028816203068,-0.024659124122789,0.002));
#3610=CARTESIAN_POINT('',(-0.0599245130236437,-0.0429591241227891,0.002));
#3611=CARTESIAN_POINT('',(-0.0569245130236437,-0.0429591241227891,0.002));
#3612=CARTESIAN_POINT('',(-0.049285040742159,-0.0613502599298952,0.002));
#3613=CARTESIAN_POINT('',(-0.0470046028494836,-0.0613502599298952,0.002));
#3614=CARTESIAN_POINT('',(-0.0163434183852318,-0.032841966720298,0.002));
#3615=CARTESIAN_POINT('',(-0.0163434183852318,-0.0665353575252685,0.002));
#3616=CARTESIAN_POINT('',(-0.0163434183852318,-0.0665353575252685,0.002));
#3617=CARTESIAN_POINT('',(-0.0143434183852318,-0.0645353575252685,0.002));
#3618=CARTESIAN_POINT('',(-0.0417606475021826,-0.0645353575252685,0.002));
#3619=CARTESIAN_POINT('',(-0.0139976893231273,-0.0645353575252685,0.002));
#3620=CARTESIAN_POINT('',(-0.0139976893231273,-0.032841966720298,0.002));
#3621=CARTESIAN_POINT('',(-0.0139976893231273,-0.00126365230498747,0.002));
#3622=CARTESIAN_POINT('',(-0.0417606475021826,-0.00126365230498747,0.002));
#3623=CARTESIAN_POINT('',(-0.0147269584418772,-0.00126365230498747,0.002));
#3624=CARTESIAN_POINT('',(-0.0147269584418772,-0.00126365230498747,0.002));
#3625=CARTESIAN_POINT('',(-0.0167269584418771,0.000736347695012532,0.002));
#3626=CARTESIAN_POINT('',(-0.0167269584418771,-0.032841966720298,0.002));
#3627=CARTESIAN_POINT('',(-0.034185040742159,-0.032841966720298,0.002));
#3628=CARTESIAN_POINT('',(-0.034185040742159,-0.00390229686349612,0.002));
#3629=CARTESIAN_POINT('',(-0.048085040742159,-0.00390229686349612,0.002));
#3630=CARTESIAN_POINT('',(-0.0470046028494836,-0.00390229686349612,0.002));
#3631=CARTESIAN_POINT('',(-0.0470046028494836,-0.032841966720298,0.002));
#3632=CARTESIAN_POINT('',(-0.0672493284948443,-0.032841966720298,0.002));
#3633=CARTESIAN_POINT('',(-0.0672493284948443,0.000736347695012518,0.002));
#3634=CARTESIAN_POINT('',(-0.0672493284948443,0.000736347695012518,0.002));
#3635=CARTESIAN_POINT('',(-0.0692493284948443,-0.00126365230498748,0.002));
#3636=CARTESIAN_POINT('',(-0.0417606475021826,-0.00126365230498748,0.002));
#3637=CARTESIAN_POINT('',(-0.071423605681238,-0.00126365230498748,0.002));
#3638=CARTESIAN_POINT('',(-0.071423605681238,-0.032841966720298,0.002));
#3639=CARTESIAN_POINT('',(-0.071423605681238,-0.0645353575252685,0.002));
#3640=CARTESIAN_POINT('',(-0.0417606475021826,-0.0645353575252685,0.002));
#3641=CARTESIAN_POINT('',(-0.0692493284948443,-0.0645353575252685,0.002));
#3642=CARTESIAN_POINT('',(-0.0692493284948443,-0.0645353575252685,0.002));
#3643=CARTESIAN_POINT('',(-0.0672493284948443,-0.0665353575252685,0.002));
#3644=CARTESIAN_POINT('',(-0.0672493284948443,-0.032841966720298,0.002));
#3645=CARTESIAN_POINT('',(-0.0470046028494836,-0.032841966720298,0.002));
#3646=CARTESIAN_POINT('',(-0.049285040742159,-0.0568502599298952,0.002));
#3647=CARTESIAN_POINT('',(-0.0470046028494836,-0.0568502599298952,0.002));
#3648=CARTESIAN_POINT('',(-0.0470046028494836,-0.032841966720298,0.002));
#3649=CARTESIAN_POINT('',(-0.0470046028494836,-0.0502750487155855,0.002));
#3650=CARTESIAN_POINT('',(-0.0417606475021826,-0.0502750487155855,0.002));
#3651=CARTESIAN_POINT('',(-0.0470046028494836,-0.032841966720298,0.002));
#3652=CARTESIAN_POINT('',(-0.0470046028494836,-0.0155834620818496,0.002));
#3653=CARTESIAN_POINT('',(-0.0470046028494836,-0.00840229686349612,0.002));
#3654=CARTESIAN_POINT('',(-0.048085040742159,-0.00840229686349612,0.002));
#3655=CARTESIAN_POINT('',(-0.034185040742159,-0.00840229686349612,0.002));
#3656=CARTESIAN_POINT('',(-0.034185040742159,-0.032841966720298,0.002));
#3657=CARTESIAN_POINT('',(-0.034185040742159,-0.0155834620818496,0.002));
#3658=CARTESIAN_POINT('',(-0.0417606475021826,-0.0155834620818496,0.002));
#3659=CARTESIAN_POINT('',(-0.00924945157021284,-0.0697,0.00232184934429824));
#3660=CARTESIAN_POINT('',(-0.00924945157021284,-0.0521359257400036,0.0413));
#3661=CARTESIAN_POINT('',(-0.00924945157021284,-0.0521359257400036,0.023722833186388));
#3662=CARTESIAN_POINT('',(-0.00924945157021284,-0.0521359257400036,0.006));
#3663=CARTESIAN_POINT('',(-0.00924945157021284,-0.0697,0.023722833186388));
#3664=CARTESIAN_POINT('',(-0.00924945157021284,-0.0677,0.023722833186388));
#3665=CARTESIAN_POINT('',(-0.00924945157021284,-0.0677,0.00232184934429824));
#3666=CARTESIAN_POINT('',(-0.00924945157021284,0.002,0.024722833186388));
#3667=CARTESIAN_POINT('',(-0.00924945157021284,0.002,0.023722833186388));
#3668=CARTESIAN_POINT('',(-0.00924945157021284,-0.0697,0.023722833186388));
#3669=CARTESIAN_POINT('',(-0.00924945157021284,-0.0135741848498583,0.023722833186388));
#3670=CARTESIAN_POINT('',(-0.00924945157021284,-0.0135741848498583,0.0413));
#3671=CARTESIAN_POINT('',(-0.00924945157021284,-0.0135741848498583,0.006));
#3672=CARTESIAN_POINT('',(-0.00924945157021284,-0.0328550552949309,0.006));
#3673=CARTESIAN_POINT('',(-0.0411967819434487,-0.0697,0.024722833186388));
#3674=CARTESIAN_POINT('',(-0.0139976893231273,-0.0697,0.024722833186388));
#3675=CARTESIAN_POINT('',(-0.071423605681238,-0.0697,0.024722833186388));
#3676=CARTESIAN_POINT('',(-0.0411967819434487,-0.0687,0.024722833186388));
#3677=CARTESIAN_POINT('',(-0.0721441123166846,-0.0687,0.024722833186388));
#3678=CARTESIAN_POINT('',(-0.0102494515702128,-0.0687,0.024722833186388));
#3679=CARTESIAN_POINT('',(-0.0102494515702128,-0.0697,0.024722833186388));
#3680=CARTESIAN_POINT('',(-0.0102494515702128,-0.0534274196487137,0.024722833186388));
#3681=CARTESIAN_POINT('',(-0.0297262565554915,-0.0785815946483354,0.024722833186388));
#3682=CARTESIAN_POINT('',(-0.0129893952980637,-0.0569660402834415,0.024722833186388));
#3683=CARTESIAN_POINT('',(-0.0129893952980638,-0.0697,0.024722833186388));
#3684=CARTESIAN_POINT('',(-0.0129893952980638,-0.00969425588846207,0.024722833186388));
#3685=CARTESIAN_POINT('',(0.00340756366398089,-0.0267049492531507,0.024722833186388));
#3686=CARTESIAN_POINT('',(-0.0102494515702128,-0.0125367550798586,0.024722833186388));
#3687=CARTESIAN_POINT('',(-0.0102494515702128,-0.0697,0.024722833186388));
#3688=CARTESIAN_POINT('',(-0.0102494515702128,0.003,0.024722833186388));
#3689=CARTESIAN_POINT('',(-0.0711441123166846,0.003,0.024722833186388));
#3690=CARTESIAN_POINT('',(-0.0721441123166846,0.003,0.024722833186388));
#3691=CARTESIAN_POINT('',(-0.0930204471300666,-0.017876334813382,0.024722833186388));
#3692=CARTESIAN_POINT('',(-0.0731441123166846,0.002,0.0247228331863881));
#3693=CARTESIAN_POINT('',(-0.0731441123166846,-0.0697,0.0247228331863881));
#3694=CARTESIAN_POINT('',(-0.0731441123166846,-0.01,0.0247228331863881));
#3695=CARTESIAN_POINT('',(-0.0731441123166846,-0.0582,0.0247228331863881));
#3696=CARTESIAN_POINT('',(-0.0731441123166846,-0.0582,0.0247228331863881));
#3697=CARTESIAN_POINT('',(-0.0731441123166846,-0.0697,0.0247228331863881));
#3698=CARTESIAN_POINT('',(-0.0731441123166846,-0.0677,0.0247228331863881));
#3699=CARTESIAN_POINT('',(-0.0561704471300667,-0.0846736651866179,0.024722833186388));
#3700=CARTESIAN_POINT('',(-0.0142205538541796,-0.0645353575252685,0.0238));
#3701=CARTESIAN_POINT('',(-0.0143434183852318,-0.0645353575252685,0.0238));
#3702=CARTESIAN_POINT('',(-0.0143434183852318,-0.0645353575252685,0.0238));
#3703=CARTESIAN_POINT('',(-0.0142205538541796,-0.0645353575252685,0.0238));
#3704=CARTESIAN_POINT('',(-0.0139976893231273,-0.0645353575252685,0.0238));
#3705=CARTESIAN_POINT('',(-0.0139976893231273,-0.0645353575252685,0.0238));
#3706=CARTESIAN_POINT('',(-0.0417606475021826,-0.032841966720298,0.0238));
#3707=CARTESIAN_POINT('',(-0.0122053375412219,-0.0623972766812586,0.0238));
#3708=CARTESIAN_POINT('',(-0.0163434183852318,-0.0665353575252685,0.0238));
#3709=CARTESIAN_POINT('',(-0.0163434183852318,-0.0663126672160225,0.0238));
#3710=CARTESIAN_POINT('',(-0.0139976893231273,-0.0663126672160225,0.0238));
#3711=CARTESIAN_POINT('',(-0.0144123238825022,-0.00126365230498747,0.0238));
#3712=CARTESIAN_POINT('',(-0.0144123238825022,-0.00126365230498747,0.0238));
#3713=CARTESIAN_POINT('',(-0.0139976893231273,-0.00126365230498747,0.0238));
#3714=CARTESIAN_POINT('',(-0.0147269584418772,-0.00126365230498747,0.0238));
#3715=CARTESIAN_POINT('',(-0.0147269584418772,-0.00126365230498747,0.002));
#3716=CARTESIAN_POINT('',(-0.0139976893231273,-0.00126365230498747,0.0238));
#3717=CARTESIAN_POINT('',(-0.0417606475021826,-0.032841966720298,0.0238));
#3718=CARTESIAN_POINT('',(-0.0167269584418771,0.000571195580596547,0.0238));
#3719=CARTESIAN_POINT('',(-0.0167269584418771,0.000736347695012531,0.0238));
#3720=CARTESIAN_POINT('',(-0.0124546457643747,-0.00353596498248996,0.0238));
#3721=CARTESIAN_POINT('',(-0.0139976893231273,0.000571195580596543,0.0238));
#3722=CARTESIAN_POINT('',(-0.071423605681238,-0.032841966720298,0.0475));
#3723=CARTESIAN_POINT('',(-0.071423605681238,-0.0663126672160225,0.0238));
#3724=CARTESIAN_POINT('',(-0.071423605681238,-0.0645353575252685,0.0238));
#3725=CARTESIAN_POINT('',(-0.071423605681238,-0.0645353575252685,0.0238));
#3726=CARTESIAN_POINT('',(-0.071423605681238,-0.00126365230498748,0.0238));
#3727=CARTESIAN_POINT('',(-0.071423605681238,-0.00126365230498748,0.0238));
#3728=CARTESIAN_POINT('',(-0.071423605681238,0.000571195580596543,0.0238));
#3729=CARTESIAN_POINT('',(-0.0731441123166846,-0.0697,0.012361416593194));
#3730=CARTESIAN_POINT('',(-0.0731441123166846,0.002,0.012361416593194));
#3731=CARTESIAN_POINT('',(-0.0731441123166846,-0.01,0.012361416593194));
#3732=CARTESIAN_POINT('',(-0.0408780165016651,-0.0697,0.0132338115945458));
#3733=CARTESIAN_POINT('',(-0.0408780165016651,-0.0702,0.0132338115945458));
#3734=CARTESIAN_POINT('',(-0.0408780165016651,-0.0702,0.0155974034957547));
#3735=CARTESIAN_POINT('',(-0.0731441123166846,-0.0697,0.012361416593194));
#3736=CARTESIAN_POINT('',(-0.0731441123166846,-0.0677,0.0247228331863881));
#3737=CARTESIAN_POINT('',(-0.0731441123166846,-0.0582,0.012361416593194));
#3738=CARTESIAN_POINT('',(-0.0408780165016651,-0.0697,0.0132338115945458));
#3739=CARTESIAN_POINT('',(-0.0408780165016651,0.0045,0.0132338115945458));
#3740=CARTESIAN_POINT('',(-0.0408780165016651,0.0045,0.0108702196933369));
#3741=CARTESIAN_POINT('',(-0.023896343074739,-0.0697,0.012361416593194));
#3742=CARTESIAN_POINT('',(-0.023896343074739,-0.0697,0.0111));
#3743=CARTESIAN_POINT('',(-0.060584426105199,-0.0697,0.0111));
#3744=CARTESIAN_POINT('',(-0.0663372505880647,-0.0697,0.0111));
#3745=CARTESIAN_POINT('',(-0.060584426105199,-0.0697,0.012361416593194));
#3746=CARTESIAN_POINT('',(-0.060584426105199,-0.0697,0.002));
#3747=CARTESIAN_POINT('',(-0.023896343074739,-0.0697,0.002));
#3748=CARTESIAN_POINT('',(-0.0663372505880647,-0.0697,0.002));
#3749=CARTESIAN_POINT('',(-0.0663372505880647,-0.0697,0.012361416593194));
#3750=CARTESIAN_POINT('',(-0.023896343074739,-0.0697,0.0191));
#3751=CARTESIAN_POINT('',(-0.0114607441188785,-0.0697,0.0191));
#3752=CARTESIAN_POINT('',(-0.0210895837888718,-0.0697,0.0191));
#3753=CARTESIAN_POINT('',(-0.0114607441188785,-0.0697,0.012361416593194));
#3754=CARTESIAN_POINT('',(-0.0114607441188785,-0.0697,0.002));
#3755=CARTESIAN_POINT('',(-0.023896343074739,-0.0697,0.002));
#3756=CARTESIAN_POINT('',(-0.0210895837888718,-0.0697,0.002));
#3757=CARTESIAN_POINT('',(-0.0210895837888718,-0.0697,0.012361416593194));
#3758=CARTESIAN_POINT('',(-0.0408780165016651,-0.0697,0.0132338115945458));
#3759=CARTESIAN_POINT('',(-0.0408780165016651,-0.0697,0.0202715200455475));
#3760=CARTESIAN_POINT('',(-0.023896343074739,-0.0697,0.023722833186388));
#3761=CARTESIAN_POINT('',(-0.0112494515702128,-0.0697,0.023722833186388));
#3762=CARTESIAN_POINT('',(-0.0701441123166846,-0.0697,0.023722833186388));
#3763=CARTESIAN_POINT('',(-0.0701441123166846,-0.0697,0.012361416593194));
#3764=CARTESIAN_POINT('',(-0.0112494515702128,-0.0697,0.012361416593194));
#3765=CARTESIAN_POINT('',(-0.023896343074739,0.004,0.012361416593194));
#3766=CARTESIAN_POINT('',(-0.060810910892781,0.004,0.012361416593194));
#3767=CARTESIAN_POINT('',(-0.060810910892781,0.004,0.0111));
#3768=CARTESIAN_POINT('',(-0.060810910892781,0.004,0.002));
#3769=CARTESIAN_POINT('',(-0.023896343074739,0.004,0.0111));
#3770=CARTESIAN_POINT('',(-0.0664090326718158,0.004,0.0111));
#3771=CARTESIAN_POINT('',(-0.0664090326718158,0.004,0.012361416593194));
#3772=CARTESIAN_POINT('',(-0.0664090326718158,0.004,0.002));
#3773=CARTESIAN_POINT('',(-0.023896343074739,0.004,0.002));
#3774=CARTESIAN_POINT('',(-0.0117452350895866,0.004,0.012361416593194));
#3775=CARTESIAN_POINT('',(-0.0117452350895866,0.004,0.0191));
#3776=CARTESIAN_POINT('',(-0.0117452350895866,0.004,0.002));
#3777=CARTESIAN_POINT('',(-0.023896343074739,0.004,0.0191));
#3778=CARTESIAN_POINT('',(-0.0211269508234328,0.004,0.0191));
#3779=CARTESIAN_POINT('',(-0.0211269508234328,0.004,0.012361416593194));
#3780=CARTESIAN_POINT('',(-0.0211269508234328,0.004,0.002));
#3781=CARTESIAN_POINT('',(-0.023896343074739,0.004,0.002));
#3782=CARTESIAN_POINT('',(-0.0408780165016651,0.004,0.0132338115945458));
#3783=CARTESIAN_POINT('',(-0.0408780165016651,0.004,0.0202715200455475));
#3784=CARTESIAN_POINT('',(-0.0701441123166846,0.004,0.023722833186388));
#3785=CARTESIAN_POINT('',(-0.0701441123166846,0.004,0.023722833186388));
#3786=CARTESIAN_POINT('',(-0.0112494515702128,0.004,0.023722833186388));
#3787=CARTESIAN_POINT('',(-0.0112494515702128,0.004,0.023722833186388));
#3788=CARTESIAN_POINT('',(-0.0112494515702128,0.004,0.));
#3789=CARTESIAN_POINT('',(-0.0749715699692153,-0.0582,0.018155234400183));
#3790=CARTESIAN_POINT('',(-0.0749715699692153,-0.01,0.018155234400183));
#3791=CARTESIAN_POINT('',(-0.0767990276217461,-0.01,0.0115876356139779));
#3792=CARTESIAN_POINT('',(-0.0767990276217461,-0.0582,0.0115876356139779));
#3793=CARTESIAN_POINT('',(-0.0767990276217461,-0.0582,0.0115876356139779));
#3794=CARTESIAN_POINT('',(-0.0749715699692153,-0.0582,0.018155234400183));
#3795=CARTESIAN_POINT('',(-0.0749715699692153,-0.0582,0.00579381780698895));
#3796=CARTESIAN_POINT('',(-0.0749715699692153,-0.01,0.00579381780698895));
#3797=CARTESIAN_POINT('',(-0.0749715699692153,-0.0582,0.00579381780698895));
#3798=CARTESIAN_POINT('',(-0.023896343074739,-0.0582,0.012361416593194));
#3799=CARTESIAN_POINT('',(-0.023896343074739,-0.01,0.012361416593194));
#3800=CARTESIAN_POINT('',(-0.00924945157021284,-0.0677,0.00232184934429824));
#3801=CARTESIAN_POINT('',(-0.00211579028951625,-0.0605663387193034,0.0165891719056915));
#3802=CARTESIAN_POINT('',(-0.0170497795175761,-0.0755003279473633,0.0179225052390247));
#3803=CARTESIAN_POINT('',(-0.0112494515702128,0.004,0.012361416593194));
#3804=CARTESIAN_POINT('',(-0.0150365904346108,0.007787138864398,0.01993569432199));
#3805=CARTESIAN_POINT('',(-0.00679564603914817,-0.000453805531064667,0.0212690276553234));
#3806=CARTESIAN_POINT('',(-0.0693364670880411,-0.00126365230498748,0.0238));
#3807=CARTESIAN_POINT('',(-0.0692493284948443,-0.00126365230498748,0.0238));
#3808=CARTESIAN_POINT('',(-0.0692493284948443,-0.00126365230498748,0.0238));
#3809=CARTESIAN_POINT('',(-0.0693364670880411,-0.00126365230498748,0.0238));
#3810=CARTESIAN_POINT('',(-0.0672493284948443,0.000571195580596541,0.0238));
#3811=CARTESIAN_POINT('',(-0.0672493284948443,0.000571195580596541,0.0238));
#3812=CARTESIAN_POINT('',(-0.0672493284948443,0.000736347695012518,0.0238));
#3813=CARTESIAN_POINT('',(-0.0672493284948443,0.000736347695012518,0.002));
#3814=CARTESIAN_POINT('',(-0.0417606475021826,-0.032841966720298,0.0238));
#3815=CARTESIAN_POINT('',(-0.0712941452061686,-0.00330846901631185,0.0238));
#3816=CARTESIAN_POINT('',(-0.0163434183852318,-0.0663126672160225,0.0238));
#3817=CARTESIAN_POINT('',(-0.0163434183852318,-0.0665353575252685,0.002));
#3818=CARTESIAN_POINT('',(-0.0167269584418771,0.000571195580596547,0.0238));
#3819=CARTESIAN_POINT('',(-0.0167269584418771,0.000736347695012531,0.0238));
#3820=CARTESIAN_POINT('',(-0.0672493284948443,-0.0663126672160225,0.0238));
#3821=CARTESIAN_POINT('',(-0.0672493284948443,-0.0665353575252685,0.0238));
#3822=CARTESIAN_POINT('',(-0.0672493284948443,-0.0665353575252685,0.0238));
#3823=CARTESIAN_POINT('',(-0.0672493284948443,-0.0663126672160225,0.0238));
#3824=CARTESIAN_POINT('',(-0.0693364670880411,-0.0645353575252685,0.0238));
#3825=CARTESIAN_POINT('',(-0.0693364670880411,-0.0645353575252685,0.0238));
#3826=CARTESIAN_POINT('',(-0.0692493284948443,-0.0645353575252685,0.0238));
#3827=CARTESIAN_POINT('',(-0.0692493284948443,-0.0645353575252685,0.002));
#3828=CARTESIAN_POINT('',(-0.0417606475021826,-0.032841966720298,0.0238));
#3829=CARTESIAN_POINT('',(-0.0713516834009987,-0.062433002619114,0.0238));
#3830=CARTESIAN_POINT('',(-0.0139976893231273,-0.032841966720298,0.0475));
#3831=CARTESIAN_POINT('',(-0.0111194234341383,-0.0116342203691602,0.0413));
#3832=CARTESIAN_POINT('',(-0.0162253612467344,-0.0063371684786058,0.0306987428629096));
#3833=CARTESIAN_POINT('',(-0.0129893952980638,-0.00969425588846207,0.0413));
#3834=CARTESIAN_POINT('',(-0.0129893952980638,-0.00969425588846207,0.006));
#3835=CARTESIAN_POINT('',(-0.0111194234341383,-0.0116342203691602,0.006));
#3836=CARTESIAN_POINT('',(-0.0129893952980638,-0.0333301480859518,0.0413));
#3837=CARTESIAN_POINT('',(-0.0129893952980638,-0.0569660402834415,0.0413));
#3838=CARTESIAN_POINT('',(-0.0129893952980638,-0.0569660402834415,0.006));
#3839=CARTESIAN_POINT('',(-0.0129893952980638,-0.0333301480859518,0.006));
#3840=CARTESIAN_POINT('',(-0.0111194234341383,-0.0545509830117226,0.0413));
#3841=CARTESIAN_POINT('',(-0.0154016974687848,-0.0600815138428958,0.0298750790849599));
#3842=CARTESIAN_POINT('',(-0.0111194234341383,-0.0545509830117226,0.006));
#3843=CARTESIAN_POINT('',(-0.0111194234341383,-0.0333301480859518,0.006));
#3844=CARTESIAN_POINT('',(-0.0405948217958212,-0.0502750487155855,0.0069));
#3845=CARTESIAN_POINT('',(-0.0470046028494836,-0.0502750487155855,0.0069));
#3846=CARTESIAN_POINT('',(-0.0470046028494836,-0.0502750487155855,0.0069));
#3847=CARTESIAN_POINT('',(-0.0405948217958212,-0.0502750487155855,0.0069));
#3848=CARTESIAN_POINT('',(-0.0470046028494836,-0.0592573318407124,0.0069));
#3849=CARTESIAN_POINT('',(-0.0470046028494836,-0.0568502599298952,0.0069));
#3850=CARTESIAN_POINT('',(-0.0470046028494836,-0.0568502599298952,0.004));
#3851=CARTESIAN_POINT('',(-0.0470046028494836,-0.0592573318407124,0.004));
#3852=CARTESIAN_POINT('',(-0.0470046028494836,-0.0613502599298952,0.004));
#3853=CARTESIAN_POINT('',(-0.0470046028494836,-0.0613502599298952,0.0069));
#3854=CARTESIAN_POINT('',(-0.0470046028494836,-0.0592573318407124,0.0069));
#3855=CARTESIAN_POINT('',(-0.0405948217958212,-0.032610026123533,0.0069));
#3856=CARTESIAN_POINT('',(-0.0405948217958212,-0.032610026123533,0.0069));
#3857=CARTESIAN_POINT('',(-0.0470046028494836,-0.00628194968153811,0.0069));
#3858=CARTESIAN_POINT('',(-0.0470046028494836,-0.0155834620818496,0.0069));
#3859=CARTESIAN_POINT('',(-0.0405948217958212,-0.0155834620818496,0.0069));
#3860=CARTESIAN_POINT('',(-0.034185040742159,-0.0155834620818496,0.0069));
#3861=CARTESIAN_POINT('',(-0.034185040742159,-0.00628194968153811,0.0069));
#3862=CARTESIAN_POINT('',(-0.0470046028494836,-0.00628194968153811,0.0069));
#3863=CARTESIAN_POINT('',(-0.0470046028494836,-0.00390229686349612,0.0069));
#3864=CARTESIAN_POINT('',(-0.0470046028494836,-0.00390229686349612,0.004));
#3865=CARTESIAN_POINT('',(-0.0470046028494836,-0.00628194968153811,0.004));
#3866=CARTESIAN_POINT('',(-0.0470046028494836,-0.00840229686349612,0.004));
#3867=CARTESIAN_POINT('',(-0.0470046028494836,-0.00840229686349612,0.0069));
#3868=CARTESIAN_POINT('',(-0.0470046028494836,-0.0155834620818496,0.0069));
#3869=CARTESIAN_POINT('',(-0.034185040742159,-0.00628194968153811,0.0069));
#3870=CARTESIAN_POINT('',(-0.034185040742159,-0.00390229686349612,0.003));
#3871=CARTESIAN_POINT('',(-0.034185040742159,-0.00390229686349612,0.004));
#3872=CARTESIAN_POINT('',(-0.034185040742159,-0.0155834620818496,0.0069));
#3873=CARTESIAN_POINT('',(-0.034185040742159,-0.00840229686349612,0.003));
#3874=CARTESIAN_POINT('',(-0.034185040742159,-0.00840229686349612,0.004));
#3875=CARTESIAN_POINT('',(-0.034185040742159,-0.00615229686349612,0.004));
#3876=CARTESIAN_POINT('',(-0.0405948217958212,-0.0155834620818496,0.0069));
#3877=CARTESIAN_POINT('',(-0.048085040742159,-0.00390229686349612,0.003));
#3878=CARTESIAN_POINT('',(-0.048085040742159,-0.00390229686349612,0.004));
#3879=CARTESIAN_POINT('',(-0.048085040742159,-0.00840229686349612,0.003));
#3880=CARTESIAN_POINT('',(-0.048085040742159,-0.00840229686349612,0.004));
#3881=CARTESIAN_POINT('',(-0.048085040742159,-0.00615229686349612,0.004));
#3882=CARTESIAN_POINT('',(-0.049285040742159,-0.0568502599298952,0.003));
#3883=CARTESIAN_POINT('',(-0.049285040742159,-0.0568502599298952,0.004));
#3884=CARTESIAN_POINT('',(-0.049285040742159,-0.0591002599298952,0.004));
#3885=CARTESIAN_POINT('',(-0.049285040742159,-0.0613502599298952,0.004));
#3886=CARTESIAN_POINT('',(-0.049285040742159,-0.0613502599298952,0.003));
#3887=CARTESIAN_POINT('',(-0.0376925392399855,-0.0102851588918184,0.00025));
#3888=CARTESIAN_POINT('',(-0.0376925392399855,-0.0102851588918184,0.));
#3889=CARTESIAN_POINT('',(-0.0376925392399855,-0.00814991723621786,0.00025));
#3890=CARTESIAN_POINT('',(-0.0376925392399855,-0.00814991723621786,0.));
#3891=CARTESIAN_POINT('',(-0.0370952688468105,-0.0065248440414543,0.00025));
#3892=CARTESIAN_POINT('',(-0.0370952688468105,-0.0065248440414543,0.));
#3893=CARTESIAN_POINT('',(-0.0359007280604606,-0.00540993930752769,0.00025));
#3894=CARTESIAN_POINT('',(-0.0359007280604606,-0.00540993930752769,0.));
#3895=CARTESIAN_POINT('',(-0.0376925392399855,-0.0102851588918184,0.));
#3896=CARTESIAN_POINT('',(-0.0376925392399855,-0.0070822964084176,0.));
#3897=CARTESIAN_POINT('',(-0.0359007280604606,-0.00540993930752769,0.));
#3898=CARTESIAN_POINT('',(-0.0376925392399855,-0.0102851588918184,0.));
#3899=CARTESIAN_POINT('',(-0.0359007280604606,-0.00540993930752769,0.));
#3900=CARTESIAN_POINT('',(-0.0376925392399855,-0.0102851588918184,0.00025));
#3901=CARTESIAN_POINT('',(-0.0376925392399855,-0.0102851588918184,0.00025));
#3902=CARTESIAN_POINT('',(-0.0376925392399855,-0.0102851588918184,0.00025));
#3903=CARTESIAN_POINT('',(-0.0376925392399855,-0.0070822964084176,0.00025));
#3904=CARTESIAN_POINT('',(-0.0359007280604606,-0.00540993930752769,0.00025));
#3905=CARTESIAN_POINT('',(-0.0359007280604606,-0.00540993930752769,0.00025));
#3906=CARTESIAN_POINT('',(-0.0359007280604606,-0.00540993930752769,0.00025));
#3907=CARTESIAN_POINT('',(-0.0376925392399855,-0.0137007989527877,0.00025));
#3908=CARTESIAN_POINT('',(-0.0376925392399855,-0.0137007989527877,0.));
#3909=CARTESIAN_POINT('',(-0.0376925392399855,-0.0171164390137571,0.));
#3910=CARTESIAN_POINT('',(-0.0376925392399855,-0.0171164390137571,0.00025));
#3911=CARTESIAN_POINT('',(-0.0376925392399855,-0.0171164390137571,0.00025));
#3912=CARTESIAN_POINT('',(-0.0376925392399855,-0.0137007989527877,0.00025));
#3913=CARTESIAN_POINT('',(-0.0305962203810754,-0.0171164390137571,0.00025));
#3914=CARTESIAN_POINT('',(-0.0305962203810754,-0.0171164390137571,0.));
#3915=CARTESIAN_POINT('',(-0.0234999015221652,-0.0171164390137571,0.));
#3916=CARTESIAN_POINT('',(-0.0234999015221652,-0.0171164390137571,0.00025));
#3917=CARTESIAN_POINT('',(-0.0234999015221652,-0.0171164390137571,0.00025));
#3918=CARTESIAN_POINT('',(-0.0305962203810754,-0.0171164390137571,0.00025));
#3919=CARTESIAN_POINT('',(-0.0234999015221652,-0.0137007989527877,0.00025));
#3920=CARTESIAN_POINT('',(-0.0234999015221652,-0.0137007989527877,0.));
#3921=CARTESIAN_POINT('',(-0.0234999015221652,-0.0102851588918184,0.));
#3922=CARTESIAN_POINT('',(-0.0234999015221652,-0.0102851588918184,0.00025));
#3923=CARTESIAN_POINT('',(-0.0234999015221652,-0.0102851588918184,0.00025));
#3924=CARTESIAN_POINT('',(-0.0234999015221652,-0.0137007989527877,0.00025));
#3925=CARTESIAN_POINT('',(-0.0253141103414342,-0.00540993930752769,0.00025));
#3926=CARTESIAN_POINT('',(-0.0253141103414342,-0.00540993930752769,0.));
#3927=CARTESIAN_POINT('',(-0.0241046377952549,-0.0065248440414543,0.00025));
#3928=CARTESIAN_POINT('',(-0.0241046377952549,-0.0065248440414543,0.));
#3929=CARTESIAN_POINT('',(-0.0234999015221652,-0.00814991723621786,0.00025));
#3930=CARTESIAN_POINT('',(-0.0234999015221652,-0.00814991723621786,0.));
#3931=CARTESIAN_POINT('',(-0.0234999015221652,-0.0102851588918184,0.00025));
#3932=CARTESIAN_POINT('',(-0.0234999015221652,-0.0102851588918184,0.));
#3933=CARTESIAN_POINT('',(-0.0253141103414342,-0.00540993930752769,0.));
#3934=CARTESIAN_POINT('',(-0.0234999015221652,-0.0070822964084176,0.));
#3935=CARTESIAN_POINT('',(-0.0234999015221652,-0.0102851588918184,0.));
#3936=CARTESIAN_POINT('',(-0.0253141103414342,-0.00540993930752769,0.));
#3937=CARTESIAN_POINT('',(-0.0253141103414342,-0.00540993930752769,0.00025));
#3938=CARTESIAN_POINT('',(-0.0253141103414342,-0.00540993930752769,0.00025));
#3939=CARTESIAN_POINT('',(-0.0253141103414342,-0.00540993930752769,0.00025));
#3940=CARTESIAN_POINT('',(-0.0234999015221652,-0.0070822964084176,0.00025));
#3941=CARTESIAN_POINT('',(-0.0234999015221652,-0.0102851588918184,0.00025));
#3942=CARTESIAN_POINT('',(-0.0306223509607768,-0.00373758220663778,0.00025));
#3943=CARTESIAN_POINT('',(-0.0306223509607768,-0.00373758220663778,0.));
#3944=CARTESIAN_POINT('',(-0.0282929964273944,-0.00373758220663778,0.00025));
#3945=CARTESIAN_POINT('',(-0.0282929964273944,-0.00373758220663778,0.));
#3946=CARTESIAN_POINT('',(-0.0265235828876135,-0.00429503457360108,0.00025));
#3947=CARTESIAN_POINT('',(-0.0265235828876135,-0.00429503457360108,0.));
#3948=CARTESIAN_POINT('',(-0.0253141103414342,-0.00540993930752769,0.00025));
#3949=CARTESIAN_POINT('',(-0.0253141103414342,-0.00540993930752769,0.));
#3950=CARTESIAN_POINT('',(-0.0306223509607768,-0.00373758220663778,0.));
#3951=CARTESIAN_POINT('',(-0.0271283191607032,-0.00373758220663778,0.));
#3952=CARTESIAN_POINT('',(-0.0253141103414342,-0.00540993930752769,0.));
#3953=CARTESIAN_POINT('',(-0.0306223509607768,-0.00373758220663778,0.));
#3954=CARTESIAN_POINT('',(-0.0306223509607768,-0.00373758220663778,0.00025));
#3955=CARTESIAN_POINT('',(-0.0306223509607768,-0.00373758220663778,0.00025));
#3956=CARTESIAN_POINT('',(-0.0306223509607768,-0.00373758220663778,0.00025));
#3957=CARTESIAN_POINT('',(-0.0271283191607032,-0.00373758220663778,0.00025));
#3958=CARTESIAN_POINT('',(-0.0253141103414342,-0.00540993930752769,0.00025));
#3959=CARTESIAN_POINT('',(-0.0205359471960345,-0.0152537019750427,0.00025));
#3960=CARTESIAN_POINT('',(-0.0205359471960345,-0.0207000613728069,0.00025));
#3961=CARTESIAN_POINT('',(-0.0205359471960345,-0.0207000613728069,0.00025));
#3962=CARTESIAN_POINT('',(-0.0205359471960345,-0.0152537019750427,0.00025));
#3963=CARTESIAN_POINT('',(-0.0205359471960345,-0.0098073425772784,0.00025));
#3964=CARTESIAN_POINT('',(-0.0205359471960345,-0.0098073425772784,0.00025));
#3965=CARTESIAN_POINT('',(-0.0368302301098391,-0.0207000613728069,0.00025));
#3966=CARTESIAN_POINT('',(-0.0531245130236437,-0.0207000613728069,0.00025));
#3967=CARTESIAN_POINT('',(-0.0531245130236437,-0.0207000613728069,0.00025));
#3968=CARTESIAN_POINT('',(-0.0368302301098391,-0.0207000613728069,0.00025));
#3969=CARTESIAN_POINT('',(-0.0531245130236437,-0.018908250193282,0.00025));
#3970=CARTESIAN_POINT('',(-0.0531245130236437,-0.0171164390137571,0.00025));
#3971=CARTESIAN_POINT('',(-0.0531245130236437,-0.0171164390137571,0.00025));
#3972=CARTESIAN_POINT('',(-0.0531245130236437,-0.018908250193282,0.00025));
#3973=CARTESIAN_POINT('',(-0.04689050329488,-0.0171164390137571,0.00025));
#3974=CARTESIAN_POINT('',(-0.0406564935661163,-0.0171164390137571,0.00025));
#3975=CARTESIAN_POINT('',(-0.0406564935661163,-0.0171164390137571,0.00025));
#3976=CARTESIAN_POINT('',(-0.04689050329488,-0.0171164390137571,0.00025));
#3977=CARTESIAN_POINT('',(-0.0406564935661163,-0.0136522707333423,0.00025));
#3978=CARTESIAN_POINT('',(-0.0406564935661163,-0.0101881024529274,0.00025));
#3979=CARTESIAN_POINT('',(-0.0406564935661163,-0.0101881024529274,0.00025));
#3980=CARTESIAN_POINT('',(-0.0406564935661163,-0.0136522707333423,0.00025));
#3981=CARTESIAN_POINT('',(-0.0379799756167009,-0.00290140365619282,0.00025));
#3982=CARTESIAN_POINT('',(-0.0379799756167009,-0.00290140365619282,0.));
#3983=CARTESIAN_POINT('',(-0.0397643209163111,-0.00473303286192939,0.00025));
#3984=CARTESIAN_POINT('',(-0.0397643209163111,-0.00473303286192939,0.));
#3985=CARTESIAN_POINT('',(-0.0406564935661163,-0.00716193246084093,0.00025));
#3986=CARTESIAN_POINT('',(-0.0406564935661163,-0.00716193246084093,0.));
#3987=CARTESIAN_POINT('',(-0.0406564935661163,-0.0101881024529274,0.00025));
#3988=CARTESIAN_POINT('',(-0.0406564935661163,-0.0101881024529274,0.));
#3989=CARTESIAN_POINT('',(-0.0379799756167009,-0.00290140365619282,0.00025));
#3990=CARTESIAN_POINT('',(-0.0379799756167009,-0.00290140365619282,0.00025));
#3991=CARTESIAN_POINT('',(-0.0379799756167009,-0.00290140365619282,0.00025));
#3992=CARTESIAN_POINT('',(-0.0406564935661163,-0.00564884746479768,0.00025));
#3993=CARTESIAN_POINT('',(-0.0406564935661163,-0.0101881024529274,0.00025));
#3994=CARTESIAN_POINT('',(-0.0306223509607768,-0.000153959847587953,0.00025));
#3995=CARTESIAN_POINT('',(-0.0306223509607768,-0.000153959847587953,0.));
#3996=CARTESIAN_POINT('',(-0.033743088765116,-0.000153959847587953,0.00025));
#3997=CARTESIAN_POINT('',(-0.033743088765116,-0.000153959847587953,0.));
#3998=CARTESIAN_POINT('',(-0.0361956303170907,-0.00106977445045624,0.00025));
#3999=CARTESIAN_POINT('',(-0.0361956303170907,-0.00106977445045624,0.));
#4000=CARTESIAN_POINT('',(-0.0379799756167009,-0.00290140365619282,0.00025));
#4001=CARTESIAN_POINT('',(-0.0379799756167009,-0.00290140365619282,0.));
#4002=CARTESIAN_POINT('',(-0.0306223509607768,-0.000153959847587953,0.00025));
#4003=CARTESIAN_POINT('',(-0.0306223509607768,-0.000153959847587953,0.00025));
#4004=CARTESIAN_POINT('',(-0.0306223509607768,-0.000153959847587953,0.00025));
#4005=CARTESIAN_POINT('',(-0.0353034576672856,-0.000153959847587953,0.00025));
#4006=CARTESIAN_POINT('',(-0.0379799756167009,-0.00290140365619282,0.00025));
#4007=CARTESIAN_POINT('',(-0.0232124651454498,-0.00278194957755783,0.00025));
#4008=CARTESIAN_POINT('',(-0.0232124651454498,-0.00278194957755783,0.));
#4009=CARTESIAN_POINT('',(-0.02499681044506,-0.00102995642424458,0.00025));
#4010=CARTESIAN_POINT('',(-0.02499681044506,-0.00102995642424458,0.));
#4011=CARTESIAN_POINT('',(-0.0274667723835024,-0.000153959847587953,0.00025));
#4012=CARTESIAN_POINT('',(-0.0274667723835024,-0.000153959847587953,0.));
#4013=CARTESIAN_POINT('',(-0.0306223509607768,-0.000153959847587953,0.00025));
#4014=CARTESIAN_POINT('',(-0.0306223509607768,-0.000153959847587953,0.));
#4015=CARTESIAN_POINT('',(-0.0232124651454498,-0.00278194957755783,0.00025));
#4016=CARTESIAN_POINT('',(-0.0232124651454498,-0.00278194957755783,0.00025));
#4017=CARTESIAN_POINT('',(-0.0232124651454498,-0.00278194957755783,0.00025));
#4018=CARTESIAN_POINT('',(-0.0258889830948652,-0.000153959847587953,0.00025));
#4019=CARTESIAN_POINT('',(-0.0306223509607768,-0.000153959847587953,0.00025));
#4020=CARTESIAN_POINT('',(-0.0205359471960345,-0.0098073425772784,0.00025));
#4021=CARTESIAN_POINT('',(-0.0205359471960345,-0.0098073425772784,0.));
#4022=CARTESIAN_POINT('',(-0.0205359471960345,-0.00687574039744459,0.00025));
#4023=CARTESIAN_POINT('',(-0.0205359471960345,-0.00687574039744459,0.));
#4024=CARTESIAN_POINT('',(-0.0214281198458396,-0.00453394273087107,0.00025));
#4025=CARTESIAN_POINT('',(-0.0214281198458396,-0.00453394273087107,0.));
#4026=CARTESIAN_POINT('',(-0.0232124651454498,-0.00278194957755783,0.00025));
#4027=CARTESIAN_POINT('',(-0.0232124651454498,-0.00278194957755783,0.));
#4028=CARTESIAN_POINT('',(-0.0205359471960345,-0.0098073425772784,0.00025));
#4029=CARTESIAN_POINT('',(-0.0205359471960345,-0.00540993930752769,0.00025));
#4030=CARTESIAN_POINT('',(-0.0232124651454498,-0.00278194957755783,0.00025));
#4031=CARTESIAN_POINT('',(-0.0359007280604606,-0.00540993930752769,0.00025));
#4032=CARTESIAN_POINT('',(-0.0359007280604606,-0.00540993930752769,0.));
#4033=CARTESIAN_POINT('',(-0.0347061872741106,-0.00429503457360108,0.00025));
#4034=CARTESIAN_POINT('',(-0.0347061872741106,-0.00429503457360108,0.));
#4035=CARTESIAN_POINT('',(-0.0329467282408827,-0.00373758220663778,0.00025));
#4036=CARTESIAN_POINT('',(-0.0329467282408827,-0.00373758220663778,0.));
#4037=CARTESIAN_POINT('',(-0.0306223509607768,-0.00373758220663778,0.00025));
#4038=CARTESIAN_POINT('',(-0.0306223509607768,-0.00373758220663778,0.));
#4039=CARTESIAN_POINT('',(-0.0359007280604606,-0.00540993930752769,0.));
#4040=CARTESIAN_POINT('',(-0.0341089168809356,-0.00373758220663778,0.));
#4041=CARTESIAN_POINT('',(-0.0306223509607768,-0.00373758220663778,0.));
#4042=CARTESIAN_POINT('',(-0.0359007280604606,-0.00540993930752769,0.00025));
#4043=CARTESIAN_POINT('',(-0.0341089168809356,-0.00373758220663778,0.00025));
#4044=CARTESIAN_POINT('',(-0.0306223509607768,-0.00373758220663778,0.00025));
#4045=CARTESIAN_POINT('',(-0.0411967819434487,-0.03285,0.00025));
#4046=CARTESIAN_POINT('',(-0.0515492123616448,-0.037042872506057,0.00025));
#4047=CARTESIAN_POINT('',(-0.0531245130236437,-0.037042872506057,0.00025));
#4048=CARTESIAN_POINT('',(-0.0531245130236437,-0.037042872506057,0.00025));
#4049=CARTESIAN_POINT('',(-0.0515492123616448,-0.037042872506057,0.00025));
#4050=CARTESIAN_POINT('',(-0.0499739116996458,-0.037042872506057,0.00025));
#4051=CARTESIAN_POINT('',(-0.0499739116996458,-0.037042872506057,0.00025));
#4052=CARTESIAN_POINT('',(-0.0531245130236437,-0.0320967270625768,0.00025));
#4053=CARTESIAN_POINT('',(-0.0531245130236437,-0.0271505816190966,0.00025));
#4054=CARTESIAN_POINT('',(-0.0531245130236437,-0.0271505816190966,0.00025));
#4055=CARTESIAN_POINT('',(-0.0531245130236437,-0.0320967270625768,0.00025));
#4056=CARTESIAN_POINT('',(-0.0515492123616448,-0.0271505816190966,0.00025));
#4057=CARTESIAN_POINT('',(-0.0499739116996458,-0.0271505816190966,0.00025));
#4058=CARTESIAN_POINT('',(-0.0499739116996458,-0.0271505816190966,0.00025));
#4059=CARTESIAN_POINT('',(-0.0515492123616448,-0.0271505816190966,0.00025));
#4060=CARTESIAN_POINT('',(-0.0499739116996458,-0.0287296152210529,0.00025));
#4061=CARTESIAN_POINT('',(-0.0499739116996458,-0.0303086488230093,0.00025));
#4062=CARTESIAN_POINT('',(-0.0499739116996458,-0.0303086488230093,0.00025));
#4063=CARTESIAN_POINT('',(-0.0499739116996458,-0.0287296152210529,0.00025));
#4064=CARTESIAN_POINT('',(-0.0368339630497964,-0.0303086488230093,0.00025));
#4065=CARTESIAN_POINT('',(-0.0236940143999471,-0.0303086488230093,0.00025));
#4066=CARTESIAN_POINT('',(-0.0236940143999471,-0.0303086488230093,0.00025));
#4067=CARTESIAN_POINT('',(-0.0368339630497964,-0.0303086488230093,0.00025));
#4068=CARTESIAN_POINT('',(-0.0236940143999471,-0.0287296152210529,0.00025));
#4069=CARTESIAN_POINT('',(-0.0236940143999471,-0.0271505816190966,0.00025));
#4070=CARTESIAN_POINT('',(-0.0236940143999471,-0.0271505816190966,0.00025));
#4071=CARTESIAN_POINT('',(-0.0236940143999471,-0.0287296152210529,0.00025));
#4072=CARTESIAN_POINT('',(-0.0221149807979908,-0.0271505816190966,0.00025));
#4073=CARTESIAN_POINT('',(-0.0205359471960345,-0.0271505816190966,0.00025));
#4074=CARTESIAN_POINT('',(-0.0205359471960345,-0.0271505816190966,0.00025));
#4075=CARTESIAN_POINT('',(-0.0221149807979908,-0.0271505816190966,0.00025));
#4076=CARTESIAN_POINT('',(-0.0205359471960345,-0.0320967270625768,0.00025));
#4077=CARTESIAN_POINT('',(-0.0205359471960345,-0.037042872506057,0.00025));
#4078=CARTESIAN_POINT('',(-0.0205359471960345,-0.037042872506057,0.00025));
#4079=CARTESIAN_POINT('',(-0.0205359471960345,-0.0320967270625768,0.00025));
#4080=CARTESIAN_POINT('',(-0.0221149807979908,-0.037042872506057,0.00025));
#4081=CARTESIAN_POINT('',(-0.0236940143999471,-0.037042872506057,0.00025));
#4082=CARTESIAN_POINT('',(-0.0236940143999471,-0.037042872506057,0.00025));
#4083=CARTESIAN_POINT('',(-0.0221149807979908,-0.037042872506057,0.00025));
#4084=CARTESIAN_POINT('',(-0.0236940143999471,-0.035467571844058,0.00025));
#4085=CARTESIAN_POINT('',(-0.0236940143999471,-0.033892271182059,0.00025));
#4086=CARTESIAN_POINT('',(-0.0236940143999471,-0.033892271182059,0.00025));
#4087=CARTESIAN_POINT('',(-0.0236940143999471,-0.035467571844058,0.00025));
#4088=CARTESIAN_POINT('',(-0.0368339630497964,-0.033892271182059,0.00025));
#4089=CARTESIAN_POINT('',(-0.0499739116996458,-0.033892271182059,0.00025));
#4090=CARTESIAN_POINT('',(-0.0499739116996458,-0.033892271182059,0.00025));
#4091=CARTESIAN_POINT('',(-0.0368339630497964,-0.033892271182059,0.00025));
#4092=CARTESIAN_POINT('',(-0.0499739116996458,-0.035467571844058,0.00025));
#4093=CARTESIAN_POINT('',(-0.0499739116996458,-0.035467571844058,0.00025));
#4094=CARTESIAN_POINT('',(-0.0411967819434487,-0.03285,0.00025));
#4095=CARTESIAN_POINT('',(-0.0357812739818256,-0.0566072108224946,0.00025));
#4096=CARTESIAN_POINT('',(-0.0357812739818256,-0.0566072108224946,0.));
#4097=CARTESIAN_POINT('',(-0.0357812739818256,-0.060022850883464,0.));
#4098=CARTESIAN_POINT('',(-0.0357812739818256,-0.0531915707615253,0.));
#4099=CARTESIAN_POINT('',(-0.0357812739818256,-0.060022850883464,0.00025));
#4100=CARTESIAN_POINT('',(-0.0357812739818256,-0.060022850883464,0.00025));
#4101=CARTESIAN_POINT('',(-0.0357812739818256,-0.0566072108224946,0.00025));
#4102=CARTESIAN_POINT('',(-0.0357812739818256,-0.0531915707615253,0.00025));
#4103=CARTESIAN_POINT('',(-0.0357812739818256,-0.0531915707615253,0.00025));
#4104=CARTESIAN_POINT('',(-0.0296405877519954,-0.060022850883464,0.00025));
#4105=CARTESIAN_POINT('',(-0.0296405877519954,-0.060022850883464,0.));
#4106=CARTESIAN_POINT('',(-0.0234999015221652,-0.060022850883464,0.));
#4107=CARTESIAN_POINT('',(-0.0234999015221652,-0.060022850883464,0.00025));
#4108=CARTESIAN_POINT('',(-0.0234999015221652,-0.060022850883464,0.00025));
#4109=CARTESIAN_POINT('',(-0.0296405877519954,-0.060022850883464,0.00025));
#4110=CARTESIAN_POINT('',(-0.0234999015221652,-0.0566072108224946,0.00025));
#4111=CARTESIAN_POINT('',(-0.0234999015221652,-0.0566072108224946,0.));
#4112=CARTESIAN_POINT('',(-0.0234999015221652,-0.0531915707615253,0.));
#4113=CARTESIAN_POINT('',(-0.0234999015221652,-0.0531915707615253,0.00025));
#4114=CARTESIAN_POINT('',(-0.0234999015221652,-0.0531915707615253,0.00025));
#4115=CARTESIAN_POINT('',(-0.0234999015221652,-0.0566072108224946,0.00025));
#4116=CARTESIAN_POINT('',(-0.0251946562627992,-0.048342481756936,0.00025));
#4117=CARTESIAN_POINT('',(-0.0251946562627992,-0.048342481756936,0.));
#4118=CARTESIAN_POINT('',(-0.0240648197690432,-0.0494748068773302,0.00025));
#4119=CARTESIAN_POINT('',(-0.0240648197690432,-0.0494748068773302,0.));
#4120=CARTESIAN_POINT('',(-0.0234999015221652,-0.05109116987886,0.00025));
#4121=CARTESIAN_POINT('',(-0.0234999015221652,-0.05109116987886,0.));
#4122=CARTESIAN_POINT('',(-0.0234999015221652,-0.0531915707615253,0.00025));
#4123=CARTESIAN_POINT('',(-0.0234999015221652,-0.0531915707615253,0.));
#4124=CARTESIAN_POINT('',(-0.0251946562627992,-0.048342481756936,0.));
#4125=CARTESIAN_POINT('',(-0.0234999015221652,-0.0500409694375273,0.));
#4126=CARTESIAN_POINT('',(-0.0234999015221652,-0.0531915707615253,0.));
#4127=CARTESIAN_POINT('',(-0.0251946562627992,-0.048342481756936,0.));
#4128=CARTESIAN_POINT('',(-0.0251946562627992,-0.048342481756936,0.00025));
#4129=CARTESIAN_POINT('',(-0.0251946562627992,-0.048342481756936,0.00025));
#4130=CARTESIAN_POINT('',(-0.0251946562627992,-0.048342481756936,0.00025));
#4131=CARTESIAN_POINT('',(-0.0234999015221652,-0.0500409694375273,0.00025));
#4132=CARTESIAN_POINT('',(-0.0234999015221652,-0.0531915707615253,0.00025));
#4133=CARTESIAN_POINT('',(-0.0296667183316968,-0.0466439940763447,0.00025));
#4134=CARTESIAN_POINT('',(-0.0296667183316968,-0.0466439940763447,0.));
#4135=CARTESIAN_POINT('',(-0.0278151801128544,-0.0466439940763447,0.00025));
#4136=CARTESIAN_POINT('',(-0.0278151801128544,-0.0466439940763447,0.));
#4137=CARTESIAN_POINT('',(-0.0263244927565552,-0.0472101566365418,0.00025));
#4138=CARTESIAN_POINT('',(-0.0263244927565552,-0.0472101566365418,0.));
#4139=CARTESIAN_POINT('',(-0.0251946562627992,-0.048342481756936,0.00025));
#4140=CARTESIAN_POINT('',(-0.0251946562627992,-0.048342481756936,0.));
#4141=CARTESIAN_POINT('',(-0.0296667183316968,-0.0466439940763447,0.));
#4142=CARTESIAN_POINT('',(-0.0268894110034332,-0.0466439940763447,0.));
#4143=CARTESIAN_POINT('',(-0.0251946562627992,-0.048342481756936,0.));
#4144=CARTESIAN_POINT('',(-0.0296667183316968,-0.0466439940763447,0.));
#4145=CARTESIAN_POINT('',(-0.0296667183316968,-0.0466439940763447,0.00025));
#4146=CARTESIAN_POINT('',(-0.0296667183316968,-0.0466439940763447,0.00025));
#4147=CARTESIAN_POINT('',(-0.0296667183316968,-0.0466439940763447,0.00025));
#4148=CARTESIAN_POINT('',(-0.0268894110034332,-0.0466439940763447,0.00025));
#4149=CARTESIAN_POINT('',(-0.0251946562627992,-0.048342481756936,0.00025));
#4150=CARTESIAN_POINT('',(-0.0341089168809356,-0.048342481756936,0.00025));
#4151=CARTESIAN_POINT('',(-0.0341089168809356,-0.048342481756936,0.));
#4152=CARTESIAN_POINT('',(-0.032994012147009,-0.0472101566365418,0.00025));
#4153=CARTESIAN_POINT('',(-0.032994012147009,-0.0472101566365418,0.));
#4154=CARTESIAN_POINT('',(-0.0315132792972628,-0.0466439940763447,0.00025));
#4155=CARTESIAN_POINT('',(-0.0315132792972628,-0.0466439940763447,0.));
#4156=CARTESIAN_POINT('',(-0.0296667183316968,-0.0466439940763447,0.00025));
#4157=CARTESIAN_POINT('',(-0.0296667183316968,-0.0466439940763447,0.));
#4158=CARTESIAN_POINT('',(-0.0341089168809356,-0.048342481756936,0.));
#4159=CARTESIAN_POINT('',(-0.0324365597800457,-0.0466439940763447,0.));
#4160=CARTESIAN_POINT('',(-0.0296667183316968,-0.0466439940763447,0.));
#4161=CARTESIAN_POINT('',(-0.0341089168809356,-0.048342481756936,0.));
#4162=CARTESIAN_POINT('',(-0.0341089168809356,-0.048342481756936,0.00025));
#4163=CARTESIAN_POINT('',(-0.0341089168809356,-0.048342481756936,0.00025));
#4164=CARTESIAN_POINT('',(-0.0341089168809356,-0.048342481756936,0.00025));
#4165=CARTESIAN_POINT('',(-0.0324365597800457,-0.0466439940763447,0.00025));
#4166=CARTESIAN_POINT('',(-0.0296667183316968,-0.0466439940763447,0.00025));
#4167=CARTESIAN_POINT('',(-0.0459348706658,-0.049439966104395,0.00025));
#4168=CARTESIAN_POINT('',(-0.0531245130236437,-0.0453076015716157,0.00025));
#4169=CARTESIAN_POINT('',(-0.0531245130236437,-0.0453076015716157,0.00025));
#4170=CARTESIAN_POINT('',(-0.0459348706658,-0.049439966104395,0.00025));
#4171=CARTESIAN_POINT('',(-0.0387452283079563,-0.0535723306371743,0.00025));
#4172=CARTESIAN_POINT('',(-0.0387452283079563,-0.0535723306371743,0.00025));
#4173=CARTESIAN_POINT('',(-0.0531245130236437,-0.0434224668931571,0.00025));
#4174=CARTESIAN_POINT('',(-0.0531245130236437,-0.0415373322146987,0.00025));
#4175=CARTESIAN_POINT('',(-0.0531245130236437,-0.0415373322146987,0.00025));
#4176=CARTESIAN_POINT('',(-0.0531245130236437,-0.0434224668931571,0.00025));
#4177=CARTESIAN_POINT('',(-0.0457407577880182,-0.045789150826113,0.00025));
#4178=CARTESIAN_POINT('',(-0.0383570025523926,-0.0500409694375273,0.00025));
#4179=CARTESIAN_POINT('',(-0.0383570025523926,-0.0500409694375273,0.00025));
#4180=CARTESIAN_POINT('',(-0.0457407577880182,-0.045789150826113,0.00025));
#4181=CARTESIAN_POINT('',(-0.0352325318080961,-0.044833518197033,0.00025));
#4182=CARTESIAN_POINT('',(-0.0352325318080961,-0.044833518197033,0.));
#4183=CARTESIAN_POINT('',(-0.0367779689504363,-0.0461400471821033,0.00025));
#4184=CARTESIAN_POINT('',(-0.0367779689504363,-0.0461400471821033,0.));
#4185=CARTESIAN_POINT('',(-0.0378194591985351,-0.047875864262268,0.00025));
#4186=CARTESIAN_POINT('',(-0.0378194591985351,-0.047875864262268,0.));
#4187=CARTESIAN_POINT('',(-0.0383570025523926,-0.0500409694375273,0.00025));
#4188=CARTESIAN_POINT('',(-0.0383570025523926,-0.0500409694375273,0.));
#4189=CARTESIAN_POINT('',(-0.0352325318080961,-0.044833518197033,0.00025));
#4190=CARTESIAN_POINT('',(-0.0352325318080961,-0.044833518197033,0.00025));
#4191=CARTESIAN_POINT('',(-0.0352325318080961,-0.044833518197033,0.00025));
#4192=CARTESIAN_POINT('',(-0.0375506875216064,-0.0467933116746384,0.00025));
#4193=CARTESIAN_POINT('',(-0.0383570025523926,-0.0500409694375273,0.00025));
#4194=CARTESIAN_POINT('',(-0.0296667183316968,-0.0428737247194276,0.00025));
#4195=CARTESIAN_POINT('',(-0.0296667183316968,-0.0428737247194276,0.));
#4196=CARTESIAN_POINT('',(-0.0318318235069561,-0.0428737247194277,0.00025));
#4197=CARTESIAN_POINT('',(-0.0318318235069561,-0.0428737247194277,0.));
#4198=CARTESIAN_POINT('',(-0.0336870946657558,-0.0435269892119628,0.00025));
#4199=CARTESIAN_POINT('',(-0.0336870946657558,-0.0435269892119628,0.));
#4200=CARTESIAN_POINT('',(-0.0352325318080961,-0.044833518197033,0.00025));
#4201=CARTESIAN_POINT('',(-0.0352325318080961,-0.044833518197033,0.));
#4202=CARTESIAN_POINT('',(-0.0296667183316968,-0.0428737247194276,0.00025));
#4203=CARTESIAN_POINT('',(-0.0296667183316968,-0.0428737247194276,0.00025));
#4204=CARTESIAN_POINT('',(-0.0296667183316968,-0.0428737247194276,0.00025));
#4205=CARTESIAN_POINT('',(-0.0329143760945857,-0.0428737247194276,0.00025));
#4206=CARTESIAN_POINT('',(-0.0352325318080961,-0.044833518197033,0.00025));
#4207=CARTESIAN_POINT('',(-0.0249072198860838,-0.0440682655057776,0.00025));
#4208=CARTESIAN_POINT('',(-0.0249072198860838,-0.0440682655057776,0.));
#4209=CARTESIAN_POINT('',(-0.0262933849235774,-0.0432719049815443,0.00025));
#4210=CARTESIAN_POINT('',(-0.0262933849235774,-0.0432719049815443,0.));
#4211=CARTESIAN_POINT('',(-0.0278798844054484,-0.0428737247194277,0.00025));
#4212=CARTESIAN_POINT('',(-0.0278798844054484,-0.0428737247194277,0.));
#4213=CARTESIAN_POINT('',(-0.0296667183316968,-0.0428737247194276,0.00025));
#4214=CARTESIAN_POINT('',(-0.0296667183316968,-0.0428737247194276,0.));
#4215=CARTESIAN_POINT('',(-0.0249072198860838,-0.0440682655057776,0.00025));
#4216=CARTESIAN_POINT('',(-0.0249072198860838,-0.0440682655057776,0.00025));
#4217=CARTESIAN_POINT('',(-0.0249072198860838,-0.0440682655057776,0.00025));
#4218=CARTESIAN_POINT('',(-0.0269864674423241,-0.0428737247194276,0.00025));
#4219=CARTESIAN_POINT('',(-0.0296667183316968,-0.0428737247194276,0.00025));
#4220=CARTESIAN_POINT('',(-0.0216819597629389,-0.047506303206491,0.00025));
#4221=CARTESIAN_POINT('',(-0.0216819597629389,-0.047506303206491,0.));
#4222=CARTESIAN_POINT('',(-0.0224459681408752,-0.0460106385969153,0.00025));
#4223=CARTESIAN_POINT('',(-0.0224459681408752,-0.0460106385969153,0.));
#4224=CARTESIAN_POINT('',(-0.0235210548485902,-0.0448646260300109,0.00025));
#4225=CARTESIAN_POINT('',(-0.0235210548485902,-0.0448646260300109,0.));
#4226=CARTESIAN_POINT('',(-0.0249072198860838,-0.0440682655057776,0.00025));
#4227=CARTESIAN_POINT('',(-0.0249072198860838,-0.0440682655057776,0.));
#4228=CARTESIAN_POINT('',(-0.0216819597629389,-0.047506303206491,0.00025));
#4229=CARTESIAN_POINT('',(-0.0216819597629389,-0.047506303206491,0.00025));
#4230=CARTESIAN_POINT('',(-0.0216819597629389,-0.047506303206491,0.00025));
#4231=CARTESIAN_POINT('',(-0.0228279723298434,-0.0452628062921275,0.00025));
#4232=CARTESIAN_POINT('',(-0.0249072198860838,-0.0440682655057776,0.00025));
#4233=CARTESIAN_POINT('',(-0.0205359471960345,-0.0527137544469853,0.00025));
#4234=CARTESIAN_POINT('',(-0.0205359471960345,-0.0527137544469853,0.));
#4235=CARTESIAN_POINT('',(-0.0205359471960345,-0.0507377848962314,0.00025));
#4236=CARTESIAN_POINT('',(-0.0205359471960345,-0.0507377848962314,0.));
#4237=CARTESIAN_POINT('',(-0.0209179513850026,-0.0490019678160667,0.00025));
#4238=CARTESIAN_POINT('',(-0.0209179513850026,-0.0490019678160667,0.));
#4239=CARTESIAN_POINT('',(-0.0216819597629389,-0.047506303206491,0.00025));
#4240=CARTESIAN_POINT('',(-0.0216819597629389,-0.047506303206491,0.));
#4241=CARTESIAN_POINT('',(-0.0205359471960345,-0.0527137544469853,0.00025));
#4242=CARTESIAN_POINT('',(-0.0205359471960345,-0.0527137544469853,0.00025));
#4243=CARTESIAN_POINT('',(-0.0205359471960345,-0.0527137544469853,0.00025));
#4244=CARTESIAN_POINT('',(-0.0205359471960345,-0.0497498001208545,0.00025));
#4245=CARTESIAN_POINT('',(-0.0216819597629389,-0.047506303206491,0.00025));
#4246=CARTESIAN_POINT('',(-0.0205359471960345,-0.0581601138447495,0.00025));
#4247=CARTESIAN_POINT('',(-0.0205359471960345,-0.0636064732425138,0.00025));
#4248=CARTESIAN_POINT('',(-0.0205359471960345,-0.0636064732425138,0.00025));
#4249=CARTESIAN_POINT('',(-0.0205359471960345,-0.0581601138447495,0.00025));
#4250=CARTESIAN_POINT('',(-0.0368302301098391,-0.0636064732425138,0.00025));
#4251=CARTESIAN_POINT('',(-0.0531245130236437,-0.0636064732425138,0.00025));
#4252=CARTESIAN_POINT('',(-0.0531245130236437,-0.0636064732425138,0.00025));
#4253=CARTESIAN_POINT('',(-0.0368302301098391,-0.0636064732425138,0.00025));
#4254=CARTESIAN_POINT('',(-0.0531245130236437,-0.0618146620629889,0.00025));
#4255=CARTESIAN_POINT('',(-0.0531245130236437,-0.060022850883464,0.00025));
#4256=CARTESIAN_POINT('',(-0.0531245130236437,-0.060022850883464,0.00025));
#4257=CARTESIAN_POINT('',(-0.0531245130236437,-0.0618146620629889,0.00025));
#4258=CARTESIAN_POINT('',(-0.0459348706658,-0.060022850883464,0.00025));
#4259=CARTESIAN_POINT('',(-0.0387452283079563,-0.060022850883464,0.00025));
#4260=CARTESIAN_POINT('',(-0.0387452283079563,-0.060022850883464,0.00025));
#4261=CARTESIAN_POINT('',(-0.0459348706658,-0.060022850883464,0.00025));
#4262=CARTESIAN_POINT('',(-0.0387452283079563,-0.0567975907603191,0.00025));
#4263=CARTESIAN_POINT('',(-0.0387452283079563,-0.0567975907603191,0.00025));
#4264=CARTESIAN_POINT('',(-0.0357812739818256,-0.0531915707615253,0.00025));
#4265=CARTESIAN_POINT('',(-0.0357812739818256,-0.0531915707615253,0.));
#4266=CARTESIAN_POINT('',(-0.0357812739818256,-0.05109116987886,0.00025));
#4267=CARTESIAN_POINT('',(-0.0357812739818256,-0.05109116987886,0.));
#4268=CARTESIAN_POINT('',(-0.0352238216148623,-0.0494748068773302,0.00025));
#4269=CARTESIAN_POINT('',(-0.0352238216148623,-0.0494748068773302,0.));
#4270=CARTESIAN_POINT('',(-0.0341089168809356,-0.048342481756936,0.00025));
#4271=CARTESIAN_POINT('',(-0.0341089168809356,-0.048342481756936,0.));
#4272=CARTESIAN_POINT('',(-0.0357812739818256,-0.0531915707615253,0.));
#4273=CARTESIAN_POINT('',(-0.0357812739818256,-0.0500409694375273,0.));
#4274=CARTESIAN_POINT('',(-0.0341089168809356,-0.048342481756936,0.));
#4275=CARTESIAN_POINT('',(-0.0357812739818256,-0.0531915707615253,0.00025));
#4276=CARTESIAN_POINT('',(-0.0357812739818256,-0.0500409694375273,0.00025));
#4277=CARTESIAN_POINT('',(-0.0341089168809356,-0.048342481756936,0.00025));
#4278=CARTESIAN_POINT('',(-0.0411967819434487,-0.03285,0.00025));
#4279=CARTESIAN_POINT('',(-0.0411967819434487,-0.0697,0.));
#4280=CARTESIAN_POINT('',(-0.0411967819434487,-0.0697,0.));
#4281=CARTESIAN_POINT('',(-0.0711441123166846,-0.0697,0.012361416593194));
#4282=CARTESIAN_POINT('',(-0.0718512190978711,-0.0689928932188135,0.012361416593194));
#4283=CARTESIAN_POINT('',(-0.0718512190978711,-0.0689928932188135,0.0244299399675745));
#4284=CARTESIAN_POINT('',(-0.0673569734522866,-0.073487138864398,0.01993569432199));
#4285=CARTESIAN_POINT('',(-0.0731441123166846,0.002,0.012361416593194));
#4286=CARTESIAN_POINT('',(-0.0686903067856199,0.00645380553106467,0.0212690276553234));
#4287=CARTESIAN_POINT('',(-0.0718512190978711,0.00329289321881346,0.0244299399675745));
#4288=CARTESIAN_POINT('',(-0.0718512190978711,0.00329289321881346,0.));
#4289=CARTESIAN_POINT('',(-0.0599245130236437,-0.0429591241227891,0.0049));
#4290=CARTESIAN_POINT('',(-0.0599245130236437,-0.024659124122789,0.0049));
#4291=CARTESIAN_POINT('',(-0.0674245130236437,-0.0176591241227891,0.0049));
#4292=CARTESIAN_POINT('',(-0.0674245130236437,-0.050959124122789,0.0049));
#4293=CARTESIAN_POINT('',(-0.0411967819434487,-0.0687,0.024722833186388));
#4294=CARTESIAN_POINT('',(-0.0492090029007015,-0.0783716062498649,0.0150512269365231));
#4295=CARTESIAN_POINT('',(-0.023896343074739,0.004,0.023722833186388));
#4296=CARTESIAN_POINT('',(-0.0357116843955396,0.0182623786303721,0.00946045455601581));
#4297=CARTESIAN_POINT('',(-0.0102494515702128,-0.0697,0.024722833186388));
#4298=CARTESIAN_POINT('',(-0.0102494515702128,-0.0697,0.024722833186388));
#4299=CARTESIAN_POINT('',(-0.0701441123166846,-0.0697,0.012361416593194));
#4300=CARTESIAN_POINT('',(-0.0701441123166846,0.004,0.012361416593194));
#4301=CARTESIAN_POINT('',(-0.0163434183852318,-0.0665353575252685,0.0238));
#4302=CARTESIAN_POINT('',(-0.0147269584418772,-0.00126365230498747,0.0238));
#4303=CARTESIAN_POINT('',(-0.0692493284948443,-0.0645353575252685,0.0238));
#4304=CARTESIAN_POINT('',(-0.0672493284948443,0.000736347695012518,0.0238));
#4305=CARTESIAN_POINT('',(-0.0408780165016651,0.0045,0.0132338115945458));
#4306=CARTESIAN_POINT('',(-0.0408780165016651,0.0045,0.0132338115945458));
#4307=CARTESIAN_POINT('',(-0.0408780165016651,0.0045,0.0202715200455475));
#4308=CARTESIAN_POINT('',(-0.0406967819434487,0.0045,0.011861416593194));
#4309=CARTESIAN_POINT('',(-0.0406967819434487,-0.0702,0.011861416593194));
#4310=CARTESIAN_POINT('',(-0.0408780165016651,-0.0702,0.0132338115945458));
#4311=CARTESIAN_POINT('',(-0.0408780165016651,-0.0702,0.0202715200455475));
#4312=CARTESIAN_POINT('',(-0.0408780165016651,-0.0702,0.0132338115945458));
#4313=CARTESIAN_POINT('',(-0.0169089138737256,0.0057970867709497,0.0191));
#4314=CARTESIAN_POINT('',(-0.0169089138737256,0.0057970867709497,0.0191));
#4315=CARTESIAN_POINT('',(-0.0225455381991964,0.00775877018147308,0.0191));
#4316=CARTESIAN_POINT('',(-0.0169089138737256,0.0057970867709497,0.002));
#4317=CARTESIAN_POINT('',(-0.0225455381991964,0.00775877018147308,0.002));
#4318=CARTESIAN_POINT('',(-0.0225455381991964,0.00775877018147308,0.0191));
#4319=CARTESIAN_POINT('',(-0.0218051845231111,0.00579708677094971,0.0191));
#4320=CARTESIAN_POINT('',(-0.0218051845231111,0.00579708677094971,0.002));
#4321=CARTESIAN_POINT('',(-0.0218051845231111,0.00579708677094971,0.0191));
#4322=CARTESIAN_POINT('',(-0.0413479476147463,-0.032899504915128,0.0191));
#4323=CARTESIAN_POINT('',(-0.0413479476147463,-0.032899504915128,0.002));
#4324=CARTESIAN_POINT('',(-0.0169089138737256,-0.0715960966012057,0.0191));
#4325=CARTESIAN_POINT('',(-0.0169089138737256,-0.0715960966012057,0.002));
#4326=CARTESIAN_POINT('',(-0.0225455381991964,-0.0735577800117291,0.002));
#4327=CARTESIAN_POINT('',(-0.0169089138737256,-0.0715960966012057,0.0191));
#4328=CARTESIAN_POINT('',(-0.0225455381991964,-0.0735577800117291,0.0191));
#4329=CARTESIAN_POINT('',(-0.0225455381991964,-0.0735577800117291,0.0191));
#4330=CARTESIAN_POINT('',(-0.0218051845231111,-0.0715960966012057,0.0191));
#4331=CARTESIAN_POINT('',(-0.0218051845231111,-0.0715960966012057,0.0191));
#4332=CARTESIAN_POINT('',(-0.0218051845231111,-0.0715960966012057,0.002));
#4333=CARTESIAN_POINT('',(-0.0413479476147463,-0.032899504915128,0.0191));
#4334=CARTESIAN_POINT('',(-0.0413479476147463,-0.032899504915128,0.002));
#4335=CARTESIAN_POINT('',(-0.0676133073866367,0.00566106957147548,0.0111));
#4336=CARTESIAN_POINT('',(-0.0676133073866367,0.00566106957147548,0.002));
#4337=CARTESIAN_POINT('',(-0.0690065622329712,0.00758280155013034,0.002));
#4338=CARTESIAN_POINT('',(-0.0676133073866367,0.00566106957147548,0.0111));
#4339=CARTESIAN_POINT('',(-0.0690065622329712,0.00758280155013034,0.0111));
#4340=CARTESIAN_POINT('',(-0.0690065622329712,0.00758280155013034,0.0111));
#4341=CARTESIAN_POINT('',(-0.0646106041967869,0.00566106957147548,0.0111));
#4342=CARTESIAN_POINT('',(-0.0646106041967869,0.00566106957147548,0.0111));
#4343=CARTESIAN_POINT('',(-0.0646106041967869,0.00566106957147548,0.002));
#4344=CARTESIAN_POINT('',(-0.0413479476147463,-0.032899504915128,0.0111));
#4345=CARTESIAN_POINT('',(-0.0413479476147463,-0.032899504915128,0.002));
#4346=CARTESIAN_POINT('',(-0.0646106041967869,-0.0714600794017315,0.0111));
#4347=CARTESIAN_POINT('',(-0.0646106041967869,-0.0714600794017315,0.002));
#4348=CARTESIAN_POINT('',(-0.0690065622329712,-0.0733818113803864,0.002));
#4349=CARTESIAN_POINT('',(-0.0646106041967869,-0.0714600794017315,0.0111));
#4350=CARTESIAN_POINT('',(-0.0690065622329712,-0.0733818113803864,0.0111));
#4351=CARTESIAN_POINT('',(-0.0690065622329712,-0.0733818113803864,0.0111));
#4352=CARTESIAN_POINT('',(-0.0676133073866367,-0.0714600794017315,0.0111));
#4353=CARTESIAN_POINT('',(-0.0676133073866367,-0.0714600794017315,0.0111));
#4354=CARTESIAN_POINT('',(-0.0676133073866367,-0.0714600794017315,0.002));
#4355=CARTESIAN_POINT('',(-0.0413479476147463,-0.032899504915128,0.0111));
#4356=CARTESIAN_POINT('',(-0.0413479476147463,-0.032899504915128,0.002));
#4357=MECHANICAL_DESIGN_GEOMETRIC_PRESENTATION_REPRESENTATION('',(#2670),
#4358);
#4358=(
GEOMETRIC_REPRESENTATION_CONTEXT(3)
GLOBAL_UNCERTAINTY_ASSIGNED_CONTEXT((#4359))
GLOBAL_UNIT_ASSIGNED_CONTEXT((#4362,#4361,#4360))
REPRESENTATION_CONTEXT('Part 1','TOP_LEVEL_ASSEMBLY_PART')
);
#4359=UNCERTAINTY_MEASURE_WITH_UNIT(LENGTH_MEASURE(2.E-5),#4362,
'DISTANCE_ACCURACY_VALUE','Maximum Tolerance applied to model');
#4360=(
NAMED_UNIT(*)
SI_UNIT($,.STERADIAN.)
SOLID_ANGLE_UNIT()
);
#4361=(
NAMED_UNIT(*)
PLANE_ANGLE_UNIT()
SI_UNIT($,.RADIAN.)
);
#4362=(
LENGTH_UNIT()
NAMED_UNIT(*)
SI_UNIT($,.METRE.)
);
#4363=PRODUCT_DEFINITION_SHAPE('','',#4364);
#4364=PRODUCT_DEFINITION('','',#4366,#4365);
#4365=PRODUCT_DEFINITION_CONTEXT('',#4372,'design');
#4366=PRODUCT_DEFINITION_FORMATION_WITH_SPECIFIED_SOURCE('','',#4368,
 .NOT_KNOWN.);
#4367=PRODUCT_RELATED_PRODUCT_CATEGORY('','',(#4368));
#4368=PRODUCT('Part 1','Part 1','Part 1',(#4370));
#4369=PRODUCT_CATEGORY('','');
#4370=PRODUCT_CONTEXT('',#4372,'mechanical');
#4371=APPLICATION_PROTOCOL_DEFINITION('international standard',
'ap242_managed_model_based_3d_engineering',2020,#4372);
#4372=APPLICATION_CONTEXT('managed model based 3d engineering');
ENDSEC;
END-ISO-10303-21;
