ISO-10303-21;
HEADER;
/* Generated by software containing ST-Developer
 * from STEP Tools, Inc. (www.steptools.com) 
 */
/* OPTION: using custom renumber hook */

FILE_DESCRIPTION(
/* description */ ('STEP AP242 Edition 2',
'CAx-IF Rec.Pracs.---Representation and Presentation of Product Manufa
cturing Information (PMI)---4.0---2014-10-13',
'CAx-IF Rec.Pracs.---3D Tessellated Geometry---0.4---2014-09-14','2;1',
'CAx-IF Rec.Pracs.---User Defined Attributes---1.5---2016-08-15'),
/* implementation_level */ '2;1');

FILE_NAME(
/* name */ 'wedge',
/* time_stamp */ '2026-09-01T19:46:39Z',
/* author */ (''),
/* organization */ (''),
/* preprocessor_version */ 'ST-DEVELOPER v20',
/* originating_system */ 'ONSHAPE BY PTC INC, 1.220',
/* authorisation */ '  ');

FILE_SCHEMA (('AP242_MANAGED_MODEL_BASED_3D_ENGINEERING_MIM_LF { 1 0 10303 442 3 1 4 }'));
ENDSEC;

DATA;
#10=SHAPE_REPRESENTATION_RELATIONSHIP('','',#3682,#11);
#11=ADVANCED_BREP_SHAPE_REPRESENTATION('',(#3680),#6590);
#12=CYLINDRICAL_SURFACE('',#3740,0.00149244062478543);
#13=CYLINDRICAL_SURFACE('',#3742,0.00152861957819887);
#14=CYLINDRICAL_SURFACE('',#3744,0.00154374217837316);
#15=CYLINDRICAL_SURFACE('',#3746,0.0016236490943895);
#16=CYLINDRICAL_SURFACE('',#3749,0.00120258520703105);
#17=CYLINDRICAL_SURFACE('',#3752,0.00243257933856725);
#18=CYLINDRICAL_SURFACE('',#3754,0.00171293390781353);
#19=CYLINDRICAL_SURFACE('',#3756,0.00152029004313456);
#20=CYLINDRICAL_SURFACE('',#3759,0.00104618627825304);
#21=CYLINDRICAL_SURFACE('',#3761,0.00110332632722955);
#22=CYLINDRICAL_SURFACE('',#3768,0.00100147680095034);
#23=CYLINDRICAL_SURFACE('',#3770,0.00073745595439058);
#24=CYLINDRICAL_SURFACE('',#3778,0.00123275041678962);
#25=CYLINDRICAL_SURFACE('',#3783,0.0014924406247854);
#26=CYLINDRICAL_SURFACE('',#3785,0.00152861957744248);
#27=CYLINDRICAL_SURFACE('',#3787,0.00154374217837301);
#28=CYLINDRICAL_SURFACE('',#3789,0.00162364909438945);
#29=CYLINDRICAL_SURFACE('',#3792,0.00120258520677498);
#30=CYLINDRICAL_SURFACE('',#3795,0.0024325793385716);
#31=CYLINDRICAL_SURFACE('',#3797,0.00171293390781322);
#32=CYLINDRICAL_SURFACE('',#3799,0.00152029004313453);
#33=CYLINDRICAL_SURFACE('',#3802,0.00142825071567637);
#34=CYLINDRICAL_SURFACE('',#3804,0.00124301276028283);
#35=CYLINDRICAL_SURFACE('',#3814,0.00108872273592824);
#36=CYLINDRICAL_SURFACE('',#3817,0.00142825071564281);
#37=CYLINDRICAL_SURFACE('',#3819,0.00124301276001729);
#38=CYLINDRICAL_SURFACE('',#3829,0.00108872273562383);
#39=CYLINDRICAL_SURFACE('',#3832,0.00107433614061882);
#40=CYLINDRICAL_SURFACE('',#3835,0.00104419306434087);
#41=CYLINDRICAL_SURFACE('',#3838,0.00113682062383694);
#42=CYLINDRICAL_SURFACE('',#3841,0.00149467826495576);
#43=CYLINDRICAL_SURFACE('',#3844,0.00113721042195752);
#44=CYLINDRICAL_SURFACE('',#3847,0.00104671208376538);
#45=CYLINDRICAL_SURFACE('',#3850,0.0010769562533851);
#46=CYLINDRICAL_SURFACE('',#3853,0.00112221787886419);
#47=CYLINDRICAL_SURFACE('',#3856,0.00151581103226778);
#48=CYLINDRICAL_SURFACE('',#3859,0.00151504904231923);
#49=CYLINDRICAL_SURFACE('',#3862,0.00152485004184725);
#50=CYLINDRICAL_SURFACE('',#3864,0.00154755936238441);
#51=CYLINDRICAL_SURFACE('',#3866,0.00153448075943372);
#52=CYLINDRICAL_SURFACE('',#3868,0.00153871671541794);
#53=CYLINDRICAL_SURFACE('',#3870,0.00112667156196502);
#54=CYLINDRICAL_SURFACE('',#3874,0.00104618627699363);
#55=CYLINDRICAL_SURFACE('',#3876,0.00110332632722956);
#56=CYLINDRICAL_SURFACE('',#3883,0.00100147680087513);
#57=CYLINDRICAL_SURFACE('',#3885,0.00073745595439056);
#58=CYLINDRICAL_SURFACE('',#3889,0.00142825071564544);
#59=CYLINDRICAL_SURFACE('',#3891,0.0012430127599935);
#60=CYLINDRICAL_SURFACE('',#3901,0.00108872273553519);
#61=CYLINDRICAL_SURFACE('',#3911,0.00458701);
#62=CYLINDRICAL_SURFACE('',#3912,0.00458701);
#63=CYLINDRICAL_SURFACE('',#3913,0.00458701);
#64=CYLINDRICAL_SURFACE('',#3914,0.00458701);
#65=B_SPLINE_SURFACE_WITH_KNOTS('',3,1,((#5163,#5164),(#5165,#5166),(#5167,
#5168),(#5169,#5170)),.SURF_OF_LINEAR_EXTRUSION.,.F.,.F.,.F.,(4,4),(2,2),
(0.,1.),(0.,1.),.PIECEWISE_BEZIER_KNOTS.);
#66=B_SPLINE_SURFACE_WITH_KNOTS('',3,1,((#5189,#5190),(#5191,#5192),(#5193,
#5194),(#5195,#5196)),.SURF_OF_LINEAR_EXTRUSION.,.F.,.F.,.F.,(4,4),(2,2),
(0.,1.),(0.,1.),.PIECEWISE_BEZIER_KNOTS.);
#67=B_SPLINE_SURFACE_WITH_KNOTS('',3,1,((#5206,#5207),(#5208,#5209),(#5210,
#5211),(#5212,#5213)),.SURF_OF_LINEAR_EXTRUSION.,.F.,.F.,.F.,(4,4),(2,2),
(0.,1.),(0.,1.),.PIECEWISE_BEZIER_KNOTS.);
#68=B_SPLINE_SURFACE_WITH_KNOTS('',3,1,((#5229,#5230),(#5231,#5232),(#5233,
#5234),(#5235,#5236)),.SURF_OF_LINEAR_EXTRUSION.,.F.,.F.,.F.,(4,4),(2,2),
(0.,1.),(0.,1.),.PIECEWISE_BEZIER_KNOTS.);
#69=B_SPLINE_SURFACE_WITH_KNOTS('',3,1,((#5246,#5247),(#5248,#5249),(#5250,
#5251),(#5252,#5253)),.SURF_OF_LINEAR_EXTRUSION.,.F.,.F.,.F.,(4,4),(2,2),
(0.,1.),(0.,1.),.PIECEWISE_BEZIER_KNOTS.);
#70=B_SPLINE_SURFACE_WITH_KNOTS('',3,1,((#5259,#5260),(#5261,#5262),(#5263,
#5264),(#5265,#5266)),.SURF_OF_LINEAR_EXTRUSION.,.F.,.F.,.F.,(4,4),(2,2),
(0.,1.),(0.,1.),.PIECEWISE_BEZIER_KNOTS.);
#71=B_SPLINE_SURFACE_WITH_KNOTS('',3,1,((#5276,#5277),(#5278,#5279),(#5280,
#5281),(#5282,#5283)),.SURF_OF_LINEAR_EXTRUSION.,.F.,.F.,.F.,(4,4),(2,2),
(0.,1.),(0.,1.),.PIECEWISE_BEZIER_KNOTS.);
#72=B_SPLINE_SURFACE_WITH_KNOTS('',3,1,((#5289,#5290),(#5291,#5292),(#5293,
#5294),(#5295,#5296)),.SURF_OF_LINEAR_EXTRUSION.,.F.,.F.,.F.,(4,4),(2,2),
(0.,1.),(0.,1.),.PIECEWISE_BEZIER_KNOTS.);
#73=B_SPLINE_SURFACE_WITH_KNOTS('',3,1,((#5314,#5315),(#5316,#5317),(#5318,
#5319),(#5320,#5321)),.SURF_OF_LINEAR_EXTRUSION.,.F.,.F.,.F.,(4,4),(2,2),
(0.,1.),(0.,1.),.PIECEWISE_BEZIER_KNOTS.);
#74=B_SPLINE_SURFACE_WITH_KNOTS('',3,1,((#5327,#5328),(#5329,#5330),(#5331,
#5332),(#5333,#5334)),.SURF_OF_LINEAR_EXTRUSION.,.F.,.F.,.F.,(4,4),(2,2),
(0.,1.),(0.,1.),.PIECEWISE_BEZIER_KNOTS.);
#75=B_SPLINE_SURFACE_WITH_KNOTS('',3,1,((#5340,#5341),(#5342,#5343),(#5344,
#5345),(#5346,#5347)),.SURF_OF_LINEAR_EXTRUSION.,.F.,.F.,.F.,(4,4),(2,2),
(0.,1.),(0.,1.),.PIECEWISE_BEZIER_KNOTS.);
#76=B_SPLINE_SURFACE_WITH_KNOTS('',3,1,((#5367,#5368),(#5369,#5370),(#5371,
#5372),(#5373,#5374)),.SURF_OF_LINEAR_EXTRUSION.,.F.,.F.,.F.,(4,4),(2,2),
(0.,1.),(0.,1.),.PIECEWISE_BEZIER_KNOTS.);
#77=B_SPLINE_SURFACE_WITH_KNOTS('',3,1,((#5392,#5393),(#5394,#5395),(#5396,
#5397),(#5398,#5399)),.SURF_OF_LINEAR_EXTRUSION.,.F.,.F.,.F.,(4,4),(2,2),
(0.,1.),(0.,1.),.PIECEWISE_BEZIER_KNOTS.);
#78=B_SPLINE_SURFACE_WITH_KNOTS('',3,1,((#5425,#5426),(#5427,#5428),(#5429,
#5430),(#5431,#5432)),.SURF_OF_LINEAR_EXTRUSION.,.F.,.F.,.F.,(4,4),(2,2),
(0.,1.),(0.,1.),.PIECEWISE_BEZIER_KNOTS.);
#79=B_SPLINE_SURFACE_WITH_KNOTS('',3,1,((#5438,#5439),(#5440,#5441),(#5442,
#5443),(#5444,#5445)),.SURF_OF_LINEAR_EXTRUSION.,.F.,.F.,.F.,(4,4),(2,2),
(0.,1.),(0.,1.),.PIECEWISE_BEZIER_KNOTS.);
#80=B_SPLINE_SURFACE_WITH_KNOTS('',3,1,((#5462,#5463),(#5464,#5465),(#5466,
#5467),(#5468,#5469)),.SURF_OF_LINEAR_EXTRUSION.,.F.,.F.,.F.,(4,4),(2,2),
(0.,1.),(0.,1.),.PIECEWISE_BEZIER_KNOTS.);
#81=B_SPLINE_SURFACE_WITH_KNOTS('',3,1,((#5477,#5478),(#5479,#5480),(#5481,
#5482),(#5483,#5484)),.SURF_OF_LINEAR_EXTRUSION.,.F.,.F.,.F.,(4,4),(2,2),
(0.,1.),(0.,1.),.PIECEWISE_BEZIER_KNOTS.);
#82=B_SPLINE_SURFACE_WITH_KNOTS('',3,1,((#5490,#5491),(#5492,#5493),(#5494,
#5495),(#5496,#5497)),.SURF_OF_LINEAR_EXTRUSION.,.F.,.F.,.F.,(4,4),(2,2),
(0.,1.),(0.,1.),.PIECEWISE_BEZIER_KNOTS.);
#83=B_SPLINE_SURFACE_WITH_KNOTS('',3,1,((#5503,#5504),(#5505,#5506),(#5507,
#5508),(#5509,#5510)),.SURF_OF_LINEAR_EXTRUSION.,.F.,.F.,.F.,(4,4),(2,2),
(0.,1.),(0.,1.),.PIECEWISE_BEZIER_KNOTS.);
#84=B_SPLINE_SURFACE_WITH_KNOTS('',3,1,((#5532,#5533),(#5534,#5535),(#5536,
#5537),(#5538,#5539)),.SURF_OF_LINEAR_EXTRUSION.,.F.,.F.,.F.,(4,4),(2,2),
(0.,1.),(0.,1.),.PIECEWISE_BEZIER_KNOTS.);
#85=B_SPLINE_SURFACE_WITH_KNOTS('',3,1,((#5545,#5546),(#5547,#5548),(#5549,
#5550),(#5551,#5552)),.SURF_OF_LINEAR_EXTRUSION.,.F.,.F.,.F.,(4,4),(2,2),
(0.,1.),(0.,1.),.PIECEWISE_BEZIER_KNOTS.);
#86=B_SPLINE_SURFACE_WITH_KNOTS('',3,1,((#5562,#5563),(#5564,#5565),(#5566,
#5567),(#5568,#5569)),.SURF_OF_LINEAR_EXTRUSION.,.F.,.F.,.F.,(4,4),(2,2),
(0.,1.),(0.,1.),.PIECEWISE_BEZIER_KNOTS.);
#87=B_SPLINE_SURFACE_WITH_KNOTS('',3,1,((#5575,#5576),(#5577,#5578),(#5579,
#5580),(#5581,#5582)),.SURF_OF_LINEAR_EXTRUSION.,.F.,.F.,.F.,(4,4),(2,2),
(0.,1.),(0.,1.),.PIECEWISE_BEZIER_KNOTS.);
#88=B_SPLINE_SURFACE_WITH_KNOTS('',3,1,((#5588,#5589),(#5590,#5591),(#5592,
#5593),(#5594,#5595)),.SURF_OF_LINEAR_EXTRUSION.,.F.,.F.,.F.,(4,4),(2,2),
(0.,1.),(0.,1.),.PIECEWISE_BEZIER_KNOTS.);
#89=B_SPLINE_SURFACE_WITH_KNOTS('',3,1,((#5601,#5602),(#5603,#5604),(#5605,
#5606),(#5607,#5608)),.SURF_OF_LINEAR_EXTRUSION.,.F.,.F.,.F.,(4,4),(2,2),
(0.,1.),(0.,1.),.PIECEWISE_BEZIER_KNOTS.);
#90=B_SPLINE_SURFACE_WITH_KNOTS('',3,1,((#5614,#5615),(#5616,#5617),(#5618,
#5619),(#5620,#5621)),.SURF_OF_LINEAR_EXTRUSION.,.F.,.F.,.F.,(4,4),(2,2),
(0.,1.),(0.,1.),.PIECEWISE_BEZIER_KNOTS.);
#91=B_SPLINE_SURFACE_WITH_KNOTS('',3,1,((#5631,#5632),(#5633,#5634),(#5635,
#5636),(#5637,#5638)),.SURF_OF_LINEAR_EXTRUSION.,.F.,.F.,.F.,(4,4),(2,2),
(0.,1.),(0.,1.),.PIECEWISE_BEZIER_KNOTS.);
#92=B_SPLINE_SURFACE_WITH_KNOTS('',3,1,((#5644,#5645),(#5646,#5647),(#5648,
#5649),(#5650,#5651)),.SURF_OF_LINEAR_EXTRUSION.,.F.,.F.,.F.,(4,4),(2,2),
(0.,1.),(0.,1.),.PIECEWISE_BEZIER_KNOTS.);
#93=B_SPLINE_SURFACE_WITH_KNOTS('',3,1,((#5657,#5658),(#5659,#5660),(#5661,
#5662),(#5663,#5664)),.SURF_OF_LINEAR_EXTRUSION.,.F.,.F.,.F.,(4,4),(2,2),
(0.,1.),(0.,1.),.PIECEWISE_BEZIER_KNOTS.);
#94=B_SPLINE_SURFACE_WITH_KNOTS('',3,1,((#5670,#5671),(#5672,#5673),(#5674,
#5675),(#5676,#5677)),.SURF_OF_LINEAR_EXTRUSION.,.F.,.F.,.F.,(4,4),(2,2),
(0.,1.),(0.,1.),.PIECEWISE_BEZIER_KNOTS.);
#95=B_SPLINE_SURFACE_WITH_KNOTS('',3,1,((#5683,#5684),(#5685,#5686),(#5687,
#5688),(#5689,#5690)),.SURF_OF_LINEAR_EXTRUSION.,.F.,.F.,.F.,(4,4),(2,2),
(0.,1.),(0.,1.),.PIECEWISE_BEZIER_KNOTS.);
#96=B_SPLINE_SURFACE_WITH_KNOTS('',3,1,((#5696,#5697),(#5698,#5699),(#5700,
#5701),(#5702,#5703)),.SURF_OF_LINEAR_EXTRUSION.,.F.,.F.,.F.,(4,4),(2,2),
(0.,1.),(0.,1.),.PIECEWISE_BEZIER_KNOTS.);
#97=B_SPLINE_SURFACE_WITH_KNOTS('',3,1,((#5709,#5710),(#5711,#5712),(#5713,
#5714),(#5715,#5716)),.SURF_OF_LINEAR_EXTRUSION.,.F.,.F.,.F.,(4,4),(2,2),
(0.,1.),(0.,1.),.PIECEWISE_BEZIER_KNOTS.);
#98=B_SPLINE_SURFACE_WITH_KNOTS('',3,1,((#5721,#5722),(#5723,#5724),(#5725,
#5726),(#5727,#5728)),.SURF_OF_LINEAR_EXTRUSION.,.F.,.F.,.F.,(4,4),(2,2),
(0.,1.),(0.,1.),.PIECEWISE_BEZIER_KNOTS.);
#99=B_SPLINE_SURFACE_WITH_KNOTS('',3,1,((#5747,#5748),(#5749,#5750),(#5751,
#5752),(#5753,#5754)),.SURF_OF_LINEAR_EXTRUSION.,.F.,.F.,.F.,(4,4),(2,2),
(0.,1.),(0.,1.),.PIECEWISE_BEZIER_KNOTS.);
#100=B_SPLINE_SURFACE_WITH_KNOTS('',3,1,((#5764,#5765),(#5766,#5767),(#5768,
#5769),(#5770,#5771)),.SURF_OF_LINEAR_EXTRUSION.,.F.,.F.,.F.,(4,4),(2,2),
(0.,1.),(0.,1.),.PIECEWISE_BEZIER_KNOTS.);
#101=B_SPLINE_SURFACE_WITH_KNOTS('',3,1,((#5787,#5788),(#5789,#5790),(#5791,
#5792),(#5793,#5794)),.SURF_OF_LINEAR_EXTRUSION.,.F.,.F.,.F.,(4,4),(2,2),
(0.,1.),(0.,1.),.PIECEWISE_BEZIER_KNOTS.);
#102=B_SPLINE_SURFACE_WITH_KNOTS('',3,1,((#5804,#5805),(#5806,#5807),(#5808,
#5809),(#5810,#5811)),.SURF_OF_LINEAR_EXTRUSION.,.F.,.F.,.F.,(4,4),(2,2),
(0.,1.),(0.,1.),.PIECEWISE_BEZIER_KNOTS.);
#103=B_SPLINE_SURFACE_WITH_KNOTS('',3,1,((#5817,#5818),(#5819,#5820),(#5821,
#5822),(#5823,#5824)),.SURF_OF_LINEAR_EXTRUSION.,.F.,.F.,.F.,(4,4),(2,2),
(0.,1.),(0.,1.),.PIECEWISE_BEZIER_KNOTS.);
#104=B_SPLINE_SURFACE_WITH_KNOTS('',3,1,((#5834,#5835),(#5836,#5837),(#5838,
#5839),(#5840,#5841)),.SURF_OF_LINEAR_EXTRUSION.,.F.,.F.,.F.,(4,4),(2,2),
(0.,1.),(0.,1.),.PIECEWISE_BEZIER_KNOTS.);
#105=B_SPLINE_SURFACE_WITH_KNOTS('',3,1,((#5847,#5848),(#5849,#5850),(#5851,
#5852),(#5853,#5854)),.SURF_OF_LINEAR_EXTRUSION.,.F.,.F.,.F.,(4,4),(2,2),
(0.,1.),(0.,1.),.PIECEWISE_BEZIER_KNOTS.);
#106=B_SPLINE_SURFACE_WITH_KNOTS('',3,1,((#5872,#5873),(#5874,#5875),(#5876,
#5877),(#5878,#5879)),.SURF_OF_LINEAR_EXTRUSION.,.F.,.F.,.F.,(4,4),(2,2),
(0.,1.),(0.,1.),.PIECEWISE_BEZIER_KNOTS.);
#107=B_SPLINE_SURFACE_WITH_KNOTS('',3,1,((#5885,#5886),(#5887,#5888),(#5889,
#5890),(#5891,#5892)),.SURF_OF_LINEAR_EXTRUSION.,.F.,.F.,.F.,(4,4),(2,2),
(0.,1.),(0.,1.),.PIECEWISE_BEZIER_KNOTS.);
#108=B_SPLINE_SURFACE_WITH_KNOTS('',3,1,((#5898,#5899),(#5900,#5901),(#5902,
#5903),(#5904,#5905)),.SURF_OF_LINEAR_EXTRUSION.,.F.,.F.,.F.,(4,4),(2,2),
(0.,1.),(0.,1.),.PIECEWISE_BEZIER_KNOTS.);
#109=B_SPLINE_SURFACE_WITH_KNOTS('',3,1,((#5925,#5926),(#5927,#5928),(#5929,
#5930),(#5931,#5932)),.SURF_OF_LINEAR_EXTRUSION.,.F.,.F.,.F.,(4,4),(2,2),
(0.,1.),(0.,1.),.PIECEWISE_BEZIER_KNOTS.);
#110=B_SPLINE_SURFACE_WITH_KNOTS('',3,1,((#5946,#5947),(#5948,#5949),(#5950,
#5951),(#5952,#5953)),.SURF_OF_LINEAR_EXTRUSION.,.F.,.F.,.F.,(4,4),(2,2),
(0.,1.),(0.,1.),.PIECEWISE_BEZIER_KNOTS.);
#111=B_SPLINE_SURFACE_WITH_KNOTS('',3,1,((#5983,#5984),(#5985,#5986),(#5987,
#5988),(#5989,#5990)),.SURF_OF_LINEAR_EXTRUSION.,.F.,.F.,.F.,(4,4),(2,2),
(0.,1.),(0.,1.),.PIECEWISE_BEZIER_KNOTS.);
#112=B_SPLINE_SURFACE_WITH_KNOTS('',3,1,((#5996,#5997),(#5998,#5999),(#6000,
#6001),(#6002,#6003)),.SURF_OF_LINEAR_EXTRUSION.,.F.,.F.,.F.,(4,4),(2,2),
(0.,1.),(0.,1.),.PIECEWISE_BEZIER_KNOTS.);
#113=B_SPLINE_SURFACE_WITH_KNOTS('',3,1,((#6009,#6010),(#6011,#6012),(#6013,
#6014),(#6015,#6016)),.SURF_OF_LINEAR_EXTRUSION.,.F.,.F.,.F.,(4,4),(2,2),
(0.,1.),(0.,1.),.PIECEWISE_BEZIER_KNOTS.);
#114=B_SPLINE_SURFACE_WITH_KNOTS('',3,1,((#6034,#6035),(#6036,#6037),(#6038,
#6039),(#6040,#6041)),.SURF_OF_LINEAR_EXTRUSION.,.F.,.F.,.F.,(4,4),(2,2),
(0.,1.),(0.,1.),.PIECEWISE_BEZIER_KNOTS.);
#115=B_SPLINE_SURFACE_WITH_KNOTS('',3,1,((#6056,#6057),(#6058,#6059),(#6060,
#6061),(#6062,#6063)),.SURF_OF_LINEAR_EXTRUSION.,.F.,.F.,.F.,(4,4),(2,2),
(0.,1.),(0.,1.),.PIECEWISE_BEZIER_KNOTS.);
#116=B_SPLINE_SURFACE_WITH_KNOTS('',3,1,((#6093,#6094),(#6095,#6096),(#6097,
#6098),(#6099,#6100)),.SURF_OF_LINEAR_EXTRUSION.,.F.,.F.,.F.,(4,4),(2,2),
(0.,1.),(0.,1.),.PIECEWISE_BEZIER_KNOTS.);
#117=B_SPLINE_SURFACE_WITH_KNOTS('',3,1,((#6106,#6107),(#6108,#6109),(#6110,
#6111),(#6112,#6113)),.SURF_OF_LINEAR_EXTRUSION.,.F.,.F.,.F.,(4,4),(2,2),
(0.,1.),(0.,1.),.PIECEWISE_BEZIER_KNOTS.);
#118=B_SPLINE_SURFACE_WITH_KNOTS('',3,1,((#6119,#6120),(#6121,#6122),(#6123,
#6124),(#6125,#6126)),.SURF_OF_LINEAR_EXTRUSION.,.F.,.F.,.F.,(4,4),(2,2),
(0.,1.),(0.,1.),.PIECEWISE_BEZIER_KNOTS.);
#119=B_SPLINE_SURFACE_WITH_KNOTS('',3,1,((#6144,#6145),(#6146,#6147),(#6148,
#6149),(#6150,#6151)),.SURF_OF_LINEAR_EXTRUSION.,.F.,.F.,.F.,(4,4),(2,2),
(0.,1.),(0.,1.),.PIECEWISE_BEZIER_KNOTS.);
#120=B_SPLINE_SURFACE_WITH_KNOTS('',3,1,((#6181,#6182),(#6183,#6184),(#6185,
#6186),(#6187,#6188)),.SURF_OF_LINEAR_EXTRUSION.,.F.,.F.,.F.,(4,4),(2,2),
(0.,1.),(0.,1.),.PIECEWISE_BEZIER_KNOTS.);
#121=B_SPLINE_SURFACE_WITH_KNOTS('',3,1,((#6240,#6241),(#6242,#6243),(#6244,
#6245),(#6246,#6247)),.SURF_OF_LINEAR_EXTRUSION.,.F.,.F.,.F.,(4,4),(2,2),
(0.,1.),(0.,1.),.PIECEWISE_BEZIER_KNOTS.);
#122=B_SPLINE_SURFACE_WITH_KNOTS('',3,1,((#6255,#6256),(#6257,#6258),(#6259,
#6260),(#6261,#6262)),.SURF_OF_LINEAR_EXTRUSION.,.F.,.F.,.F.,(4,4),(2,2),
(0.,1.),(0.,1.),.PIECEWISE_BEZIER_KNOTS.);
#123=B_SPLINE_SURFACE_WITH_KNOTS('',3,1,((#6272,#6273),(#6274,#6275),(#6276,
#6277),(#6278,#6279)),.SURF_OF_LINEAR_EXTRUSION.,.F.,.F.,.F.,(4,4),(2,2),
(0.,1.),(0.,1.),.PIECEWISE_BEZIER_KNOTS.);
#124=B_SPLINE_SURFACE_WITH_KNOTS('',3,1,((#6285,#6286),(#6287,#6288),(#6289,
#6290),(#6291,#6292)),.SURF_OF_LINEAR_EXTRUSION.,.F.,.F.,.F.,(4,4),(2,2),
(0.,1.),(0.,1.),.PIECEWISE_BEZIER_KNOTS.);
#125=B_SPLINE_SURFACE_WITH_KNOTS('',3,1,((#6302,#6303),(#6304,#6305),(#6306,
#6307),(#6308,#6309)),.SURF_OF_LINEAR_EXTRUSION.,.F.,.F.,.F.,(4,4),(2,2),
(0.,1.),(0.,1.),.PIECEWISE_BEZIER_KNOTS.);
#126=B_SPLINE_SURFACE_WITH_KNOTS('',3,1,((#6315,#6316),(#6317,#6318),(#6319,
#6320),(#6321,#6322)),.SURF_OF_LINEAR_EXTRUSION.,.F.,.F.,.F.,(4,4),(2,2),
(0.,1.),(0.,1.),.PIECEWISE_BEZIER_KNOTS.);
#127=B_SPLINE_SURFACE_WITH_KNOTS('',3,1,((#6332,#6333),(#6334,#6335),(#6336,
#6337),(#6338,#6339)),.SURF_OF_LINEAR_EXTRUSION.,.F.,.F.,.F.,(4,4),(2,2),
(0.,1.),(0.,1.),.PIECEWISE_BEZIER_KNOTS.);
#128=B_SPLINE_SURFACE_WITH_KNOTS('',3,1,((#6345,#6346),(#6347,#6348),(#6349,
#6350),(#6351,#6352)),.SURF_OF_LINEAR_EXTRUSION.,.F.,.F.,.F.,(4,4),(2,2),
(0.,1.),(0.,1.),.PIECEWISE_BEZIER_KNOTS.);
#129=B_SPLINE_SURFACE_WITH_KNOTS('',3,1,((#6374,#6375),(#6376,#6377),(#6378,
#6379),(#6380,#6381)),.SURF_OF_LINEAR_EXTRUSION.,.F.,.F.,.F.,(4,4),(2,2),
(0.,1.),(0.,1.),.PIECEWISE_BEZIER_KNOTS.);
#130=B_SPLINE_SURFACE_WITH_KNOTS('',3,1,((#6407,#6408),(#6409,#6410),(#6411,
#6412),(#6413,#6414)),.SURF_OF_LINEAR_EXTRUSION.,.F.,.F.,.F.,(4,4),(2,2),
(0.,1.),(0.,1.),.PIECEWISE_BEZIER_KNOTS.);
#131=B_SPLINE_SURFACE_WITH_KNOTS('',3,1,((#6420,#6421),(#6422,#6423),(#6424,
#6425),(#6426,#6427)),.SURF_OF_LINEAR_EXTRUSION.,.F.,.F.,.F.,(4,4),(2,2),
(0.,1.),(0.,1.),.PIECEWISE_BEZIER_KNOTS.);
#132=B_SPLINE_SURFACE_WITH_KNOTS('',3,1,((#6450,#6451),(#6452,#6453),(#6454,
#6455),(#6456,#6457)),.SURF_OF_LINEAR_EXTRUSION.,.F.,.F.,.F.,(4,4),(2,2),
(0.,1.),(0.,1.),.PIECEWISE_BEZIER_KNOTS.);
#133=B_SPLINE_SURFACE_WITH_KNOTS('',3,1,((#6487,#6488),(#6489,#6490),(#6491,
#6492),(#6493,#6494)),.SURF_OF_LINEAR_EXTRUSION.,.F.,.F.,.F.,(4,4),(2,2),
(0.,1.),(0.,1.),.PIECEWISE_BEZIER_KNOTS.);
#134=B_SPLINE_SURFACE_WITH_KNOTS('',3,1,((#6500,#6501),(#6502,#6503),(#6504,
#6505),(#6506,#6507)),.SURF_OF_LINEAR_EXTRUSION.,.F.,.F.,.F.,(4,4),(2,2),
(0.,1.),(0.,1.),.PIECEWISE_BEZIER_KNOTS.);
#135=B_SPLINE_SURFACE_WITH_KNOTS('',3,1,((#6513,#6514),(#6515,#6516),(#6517,
#6518),(#6519,#6520)),.SURF_OF_LINEAR_EXTRUSION.,.F.,.F.,.F.,(4,4),(2,2),
(0.,1.),(0.,1.),.PIECEWISE_BEZIER_KNOTS.);
#136=B_SPLINE_SURFACE_WITH_KNOTS('',3,1,((#6538,#6539),(#6540,#6541),(#6542,
#6543),(#6544,#6545)),.SURF_OF_LINEAR_EXTRUSION.,.F.,.F.,.F.,(4,4),(2,2),
(0.,1.),(0.,1.),.PIECEWISE_BEZIER_KNOTS.);
#137=ELLIPSE('',#3724,0.012108644154283,0.00458701);
#138=ELLIPSE('',#3725,0.012108644154283,0.00458701);
#139=ELLIPSE('',#3726,0.0126137587784223,0.00458701);
#140=ELLIPSE('',#3727,0.0126137587784223,0.00458701);
#141=ELLIPSE('',#3729,0.00547300319564448,0.00458701);
#142=ELLIPSE('',#3730,0.00547300319564448,0.00458701);
#143=ELLIPSE('',#3732,0.0163732124461369,0.00458701);
#144=ELLIPSE('',#3908,0.0163732124461369,0.00458701);
#145=LINE('',#4689,#440);
#146=LINE('',#4691,#441);
#147=LINE('',#4693,#442);
#148=LINE('',#4707,#443);
#149=LINE('',#4709,#444);
#150=LINE('',#4711,#445);
#151=LINE('',#4713,#446);
#152=LINE('',#4715,#447);
#153=LINE('',#4731,#448);
#154=LINE('',#4733,#449);
#155=LINE('',#4735,#450);
#156=LINE('',#4749,#451);
#157=LINE('',#4751,#452);
#158=LINE('',#4753,#453);
#159=LINE('',#4755,#454);
#160=LINE('',#4757,#455);
#161=LINE('',#4773,#456);
#162=LINE('',#4789,#457);
#163=LINE('',#4825,#458);
#164=LINE('',#4841,#459);
#165=LINE('',#4869,#460);
#166=LINE('',#4883,#461);
#167=LINE('',#4885,#462);
#168=LINE('',#4887,#463);
#169=LINE('',#4889,#464);
#170=LINE('',#4891,#465);
#171=LINE('',#4933,#466);
#172=LINE('',#4965,#467);
#173=LINE('',#4967,#468);
#174=LINE('',#4969,#469);
#175=LINE('',#4971,#470);
#176=LINE('',#5025,#471);
#177=LINE('',#5039,#472);
#178=LINE('',#5041,#473);
#179=LINE('',#5043,#474);
#180=LINE('',#5045,#475);
#181=LINE('',#5047,#476);
#182=LINE('',#5065,#477);
#183=LINE('',#5067,#478);
#184=LINE('',#5069,#479);
#185=LINE('',#5083,#480);
#186=LINE('',#5085,#481);
#187=LINE('',#5087,#482);
#188=LINE('',#5089,#483);
#189=LINE('',#5091,#484);
#190=LINE('',#5094,#485);
#191=LINE('',#5097,#486);
#192=LINE('',#5099,#487);
#193=LINE('',#5101,#488);
#194=LINE('',#5103,#489);
#195=LINE('',#5105,#490);
#196=LINE('',#5107,#491);
#197=LINE('',#5112,#492);
#198=LINE('',#5114,#493);
#199=LINE('',#5116,#494);
#200=LINE('',#5120,#495);
#201=LINE('',#5125,#496);
#202=LINE('',#5128,#497);
#203=LINE('',#5130,#498);
#204=LINE('',#5132,#499);
#205=LINE('',#5135,#500);
#206=LINE('',#5139,#501);
#207=LINE('',#5141,#502);
#208=LINE('',#5143,#503);
#209=LINE('',#5145,#504);
#210=LINE('',#5147,#505);
#211=LINE('',#5149,#506);
#212=LINE('',#5151,#507);
#213=LINE('',#5153,#508);
#214=LINE('',#5155,#509);
#215=LINE('',#5157,#510);
#216=LINE('',#5159,#511);
#217=LINE('',#5160,#512);
#218=LINE('',#5176,#513);
#219=LINE('',#5182,#514);
#220=LINE('',#5184,#515);
#221=LINE('',#5186,#516);
#222=LINE('',#5188,#517);
#223=LINE('',#5201,#518);
#224=LINE('',#5218,#519);
#225=LINE('',#5224,#520);
#226=LINE('',#5228,#521);
#227=LINE('',#5237,#522);
#228=LINE('',#5243,#523);
#229=LINE('',#5254,#524);
#230=LINE('',#5267,#525);
#231=LINE('',#5273,#526);
#232=LINE('',#5284,#527);
#233=LINE('',#5297,#528);
#234=LINE('',#5303,#529);
#235=LINE('',#5307,#530);
#236=LINE('',#5309,#531);
#237=LINE('',#5311,#532);
#238=LINE('',#5322,#533);
#239=LINE('',#5335,#534);
#240=LINE('',#5348,#535);
#241=LINE('',#5354,#536);
#242=LINE('',#5356,#537);
#243=LINE('',#5358,#538);
#244=LINE('',#5362,#539);
#245=LINE('',#5383,#540);
#246=LINE('',#5387,#541);
#247=LINE('',#5389,#542);
#248=LINE('',#5400,#543);
#249=LINE('',#5406,#544);
#250=LINE('',#5408,#545);
#251=LINE('',#5410,#546);
#252=LINE('',#5412,#547);
#253=LINE('',#5414,#548);
#254=LINE('',#5416,#549);
#255=LINE('',#5418,#550);
#256=LINE('',#5420,#551);
#257=LINE('',#5422,#552);
#258=LINE('',#5424,#553);
#259=LINE('',#5433,#554);
#260=LINE('',#5446,#555);
#261=LINE('',#5452,#556);
#262=LINE('',#5456,#557);
#263=LINE('',#5460,#558);
#264=LINE('',#5470,#559);
#265=LINE('',#5476,#560);
#266=LINE('',#5485,#561);
#267=LINE('',#5498,#562);
#268=LINE('',#5511,#563);
#269=LINE('',#5517,#564);
#270=LINE('',#5519,#565);
#271=LINE('',#5521,#566);
#272=LINE('',#5523,#567);
#273=LINE('',#5525,#568);
#274=LINE('',#5527,#569);
#275=LINE('',#5529,#570);
#276=LINE('',#5531,#571);
#277=LINE('',#5540,#572);
#278=LINE('',#5553,#573);
#279=LINE('',#5559,#574);
#280=LINE('',#5570,#575);
#281=LINE('',#5583,#576);
#282=LINE('',#5596,#577);
#283=LINE('',#5609,#578);
#284=LINE('',#5622,#579);
#285=LINE('',#5628,#580);
#286=LINE('',#5630,#581);
#287=LINE('',#5639,#582);
#288=LINE('',#5652,#583);
#289=LINE('',#5665,#584);
#290=LINE('',#5678,#585);
#291=LINE('',#5691,#586);
#292=LINE('',#5704,#587);
#293=LINE('',#5734,#588);
#294=LINE('',#5740,#589);
#295=LINE('',#5742,#590);
#296=LINE('',#5744,#591);
#297=LINE('',#5746,#592);
#298=LINE('',#5759,#593);
#299=LINE('',#5776,#594);
#300=LINE('',#5782,#595);
#301=LINE('',#5786,#596);
#302=LINE('',#5795,#597);
#303=LINE('',#5801,#598);
#304=LINE('',#5812,#599);
#305=LINE('',#5825,#600);
#306=LINE('',#5831,#601);
#307=LINE('',#5842,#602);
#308=LINE('',#5855,#603);
#309=LINE('',#5861,#604);
#310=LINE('',#5865,#605);
#311=LINE('',#5867,#606);
#312=LINE('',#5869,#607);
#313=LINE('',#5880,#608);
#314=LINE('',#5893,#609);
#315=LINE('',#5906,#610);
#316=LINE('',#5912,#611);
#317=LINE('',#5914,#612);
#318=LINE('',#5916,#613);
#319=LINE('',#5920,#614);
#320=LINE('',#5941,#615);
#321=LINE('',#5945,#616);
#322=LINE('',#5954,#617);
#323=LINE('',#5960,#618);
#324=LINE('',#5964,#619);
#325=LINE('',#5966,#620);
#326=LINE('',#5968,#621);
#327=LINE('',#5970,#622);
#328=LINE('',#5972,#623);
#329=LINE('',#5974,#624);
#330=LINE('',#5976,#625);
#331=LINE('',#5978,#626);
#332=LINE('',#5980,#627);
#333=LINE('',#5982,#628);
#334=LINE('',#5991,#629);
#335=LINE('',#6004,#630);
#336=LINE('',#6017,#631);
#337=LINE('',#6023,#632);
#338=LINE('',#6025,#633);
#339=LINE('',#6027,#634);
#340=LINE('',#6029,#635);
#341=LINE('',#6031,#636);
#342=LINE('',#6033,#637);
#343=LINE('',#6042,#638);
#344=LINE('',#6051,#639);
#345=LINE('',#6055,#640);
#346=LINE('',#6064,#641);
#347=LINE('',#6070,#642);
#348=LINE('',#6074,#643);
#349=LINE('',#6076,#644);
#350=LINE('',#6078,#645);
#351=LINE('',#6080,#646);
#352=LINE('',#6082,#647);
#353=LINE('',#6084,#648);
#354=LINE('',#6086,#649);
#355=LINE('',#6088,#650);
#356=LINE('',#6090,#651);
#357=LINE('',#6092,#652);
#358=LINE('',#6101,#653);
#359=LINE('',#6114,#654);
#360=LINE('',#6127,#655);
#361=LINE('',#6133,#656);
#362=LINE('',#6135,#657);
#363=LINE('',#6137,#658);
#364=LINE('',#6139,#659);
#365=LINE('',#6141,#660);
#366=LINE('',#6143,#661);
#367=LINE('',#6152,#662);
#368=LINE('',#6164,#663);
#369=LINE('',#6168,#664);
#370=LINE('',#6172,#665);
#371=LINE('',#6178,#666);
#372=LINE('',#6193,#667);
#373=LINE('',#6201,#668);
#374=LINE('',#6207,#669);
#375=LINE('',#6213,#670);
#376=LINE('',#6219,#671);
#377=LINE('',#6225,#672);
#378=LINE('',#6231,#673);
#379=LINE('',#6237,#674);
#380=LINE('',#6248,#675);
#381=LINE('',#6254,#676);
#382=LINE('',#6263,#677);
#383=LINE('',#6269,#678);
#384=LINE('',#6280,#679);
#385=LINE('',#6293,#680);
#386=LINE('',#6299,#681);
#387=LINE('',#6310,#682);
#388=LINE('',#6323,#683);
#389=LINE('',#6329,#684);
#390=LINE('',#6340,#685);
#391=LINE('',#6353,#686);
#392=LINE('',#6365,#687);
#393=LINE('',#6369,#688);
#394=LINE('',#6371,#689);
#395=LINE('',#6382,#690);
#396=LINE('',#6388,#691);
#397=LINE('',#6390,#692);
#398=LINE('',#6392,#693);
#399=LINE('',#6394,#694);
#400=LINE('',#6396,#695);
#401=LINE('',#6398,#696);
#402=LINE('',#6400,#697);
#403=LINE('',#6402,#698);
#404=LINE('',#6404,#699);
#405=LINE('',#6406,#700);
#406=LINE('',#6415,#701);
#407=LINE('',#6428,#702);
#408=LINE('',#6434,#703);
#409=LINE('',#6438,#704);
#410=LINE('',#6442,#705);
#411=LINE('',#6445,#706);
#412=LINE('',#6449,#707);
#413=LINE('',#6458,#708);
#414=LINE('',#6464,#709);
#415=LINE('',#6468,#710);
#416=LINE('',#6470,#711);
#417=LINE('',#6472,#712);
#418=LINE('',#6474,#713);
#419=LINE('',#6476,#714);
#420=LINE('',#6478,#715);
#421=LINE('',#6480,#716);
#422=LINE('',#6482,#717);
#423=LINE('',#6484,#718);
#424=LINE('',#6486,#719);
#425=LINE('',#6495,#720);
#426=LINE('',#6508,#721);
#427=LINE('',#6521,#722);
#428=LINE('',#6527,#723);
#429=LINE('',#6529,#724);
#430=LINE('',#6531,#725);
#431=LINE('',#6533,#726);
#432=LINE('',#6535,#727);
#433=LINE('',#6537,#728);
#434=LINE('',#6546,#729);
#435=LINE('',#6558,#730);
#436=LINE('',#6562,#731);
#437=LINE('',#6564,#732);
#438=LINE('',#6566,#733);
#439=LINE('',#6568,#734);
#440=VECTOR('',#3923,1.);
#441=VECTOR('',#3924,1.);
#442=VECTOR('',#3925,1.);
#443=VECTOR('',#3926,1.);
#444=VECTOR('',#3927,1.);
#445=VECTOR('',#3928,1.);
#446=VECTOR('',#3929,1.);
#447=VECTOR('',#3930,1.);
#448=VECTOR('',#3937,1.);
#449=VECTOR('',#3938,1.);
#450=VECTOR('',#3939,1.);
#451=VECTOR('',#3940,1.);
#452=VECTOR('',#3941,1.);
#453=VECTOR('',#3942,1.);
#454=VECTOR('',#3943,1.);
#455=VECTOR('',#3944,1.);
#456=VECTOR('',#3955,1.);
#457=VECTOR('',#3958,1.);
#458=VECTOR('',#3973,1.);
#459=VECTOR('',#3976,1.);
#460=VECTOR('',#3987,1.);
#461=VECTOR('',#3992,1.);
#462=VECTOR('',#3993,1.);
#463=VECTOR('',#3994,1.);
#464=VECTOR('',#3995,1.);
#465=VECTOR('',#3996,1.);
#466=VECTOR('',#3997,1.);
#467=VECTOR('',#4000,1.);
#468=VECTOR('',#4001,1.);
#469=VECTOR('',#4002,1.);
#470=VECTOR('',#4003,1.);
#471=VECTOR('',#4016,1.);
#472=VECTOR('',#4021,1.);
#473=VECTOR('',#4022,1.);
#474=VECTOR('',#4023,1.);
#475=VECTOR('',#4024,1.);
#476=VECTOR('',#4025,1.);
#477=VECTOR('',#4030,1.);
#478=VECTOR('',#4031,1.);
#479=VECTOR('',#4032,1.);
#480=VECTOR('',#4033,1.);
#481=VECTOR('',#4034,1.);
#482=VECTOR('',#4035,1.);
#483=VECTOR('',#4036,1.);
#484=VECTOR('',#4037,1.);
#485=VECTOR('',#4040,1.);
#486=VECTOR('',#4041,1.);
#487=VECTOR('',#4042,1.);
#488=VECTOR('',#4043,1.);
#489=VECTOR('',#4044,1.);
#490=VECTOR('',#4045,1.);
#491=VECTOR('',#4048,1.);
#492=VECTOR('',#4051,1.);
#493=VECTOR('',#4052,1.);
#494=VECTOR('',#4053,1.);
#495=VECTOR('',#4056,1.);
#496=VECTOR('',#4063,1.);
#497=VECTOR('',#4066,1.);
#498=VECTOR('',#4067,1.);
#499=VECTOR('',#4068,1.);
#500=VECTOR('',#4071,1.);
#501=VECTOR('',#4076,1.);
#502=VECTOR('',#4079,1.);
#503=VECTOR('',#4080,1.);
#504=VECTOR('',#4081,1.);
#505=VECTOR('',#4084,1.);
#506=VECTOR('',#4085,1.);
#507=VECTOR('',#4086,1.);
#508=VECTOR('',#4089,1.);
#509=VECTOR('',#4090,1.);
#510=VECTOR('',#4091,1.);
#511=VECTOR('',#4094,1.);
#512=VECTOR('',#4095,1.);
#513=VECTOR('',#4100,1.);
#514=VECTOR('',#4101,1.);
#515=VECTOR('',#4104,1.);
#516=VECTOR('',#4105,1.);
#517=VECTOR('',#4106,1.);
#518=VECTOR('',#4107,1.);
#519=VECTOR('',#4108,1.);
#520=VECTOR('',#4111,1.);
#521=VECTOR('',#4114,1.);
#522=VECTOR('',#4115,1.);
#523=VECTOR('',#4118,1.);
#524=VECTOR('',#4121,1.);
#525=VECTOR('',#4122,1.);
#526=VECTOR('',#4125,1.);
#527=VECTOR('',#4128,1.);
#528=VECTOR('',#4129,1.);
#529=VECTOR('',#4132,1.);
#530=VECTOR('',#4137,1.);
#531=VECTOR('',#4138,1.);
#532=VECTOR('',#4141,1.);
#533=VECTOR('',#4144,1.);
#534=VECTOR('',#4145,1.);
#535=VECTOR('',#4146,1.);
#536=VECTOR('',#4149,1.);
#537=VECTOR('',#4150,1.);
#538=VECTOR('',#4153,1.);
#539=VECTOR('',#4158,1.);
#540=VECTOR('',#4169,1.);
#541=VECTOR('',#4172,1.);
#542=VECTOR('',#4175,1.);
#543=VECTOR('',#4178,1.);
#544=VECTOR('',#4181,1.);
#545=VECTOR('',#4182,1.);
#546=VECTOR('',#4185,1.);
#547=VECTOR('',#4186,1.);
#548=VECTOR('',#4189,1.);
#549=VECTOR('',#4190,1.);
#550=VECTOR('',#4193,1.);
#551=VECTOR('',#4194,1.);
#552=VECTOR('',#4197,1.);
#553=VECTOR('',#4198,1.);
#554=VECTOR('',#4199,1.);
#555=VECTOR('',#4200,1.);
#556=VECTOR('',#4203,1.);
#557=VECTOR('',#4208,1.);
#558=VECTOR('',#4213,1.);
#559=VECTOR('',#4216,1.);
#560=VECTOR('',#4217,1.);
#561=VECTOR('',#4218,1.);
#562=VECTOR('',#4219,1.);
#563=VECTOR('',#4220,1.);
#564=VECTOR('',#4223,1.);
#565=VECTOR('',#4224,1.);
#566=VECTOR('',#4227,1.);
#567=VECTOR('',#4228,1.);
#568=VECTOR('',#4231,1.);
#569=VECTOR('',#4232,1.);
#570=VECTOR('',#4235,1.);
#571=VECTOR('',#4236,1.);
#572=VECTOR('',#4237,1.);
#573=VECTOR('',#4238,1.);
#574=VECTOR('',#4241,1.);
#575=VECTOR('',#4244,1.);
#576=VECTOR('',#4245,1.);
#577=VECTOR('',#4246,1.);
#578=VECTOR('',#4247,1.);
#579=VECTOR('',#4248,1.);
#580=VECTOR('',#4251,1.);
#581=VECTOR('',#4252,1.);
#582=VECTOR('',#4253,1.);
#583=VECTOR('',#4254,1.);
#584=VECTOR('',#4255,1.);
#585=VECTOR('',#4256,1.);
#586=VECTOR('',#4257,1.);
#587=VECTOR('',#4258,1.);
#588=VECTOR('',#4261,1.);
#589=VECTOR('',#4262,1.);
#590=VECTOR('',#4265,1.);
#591=VECTOR('',#4266,1.);
#592=VECTOR('',#4267,1.);
#593=VECTOR('',#4268,1.);
#594=VECTOR('',#4269,1.);
#595=VECTOR('',#4272,1.);
#596=VECTOR('',#4275,1.);
#597=VECTOR('',#4276,1.);
#598=VECTOR('',#4279,1.);
#599=VECTOR('',#4282,1.);
#600=VECTOR('',#4283,1.);
#601=VECTOR('',#4286,1.);
#602=VECTOR('',#4289,1.);
#603=VECTOR('',#4290,1.);
#604=VECTOR('',#4293,1.);
#605=VECTOR('',#4298,1.);
#606=VECTOR('',#4299,1.);
#607=VECTOR('',#4302,1.);
#608=VECTOR('',#4305,1.);
#609=VECTOR('',#4306,1.);
#610=VECTOR('',#4307,1.);
#611=VECTOR('',#4310,1.);
#612=VECTOR('',#4311,1.);
#613=VECTOR('',#4314,1.);
#614=VECTOR('',#4319,1.);
#615=VECTOR('',#4330,1.);
#616=VECTOR('',#4333,1.);
#617=VECTOR('',#4334,1.);
#618=VECTOR('',#4337,1.);
#619=VECTOR('',#4342,1.);
#620=VECTOR('',#4343,1.);
#621=VECTOR('',#4346,1.);
#622=VECTOR('',#4347,1.);
#623=VECTOR('',#4350,1.);
#624=VECTOR('',#4351,1.);
#625=VECTOR('',#4354,1.);
#626=VECTOR('',#4355,1.);
#627=VECTOR('',#4358,1.);
#628=VECTOR('',#4359,1.);
#629=VECTOR('',#4360,1.);
#630=VECTOR('',#4361,1.);
#631=VECTOR('',#4362,1.);
#632=VECTOR('',#4365,1.);
#633=VECTOR('',#4366,1.);
#634=VECTOR('',#4369,1.);
#635=VECTOR('',#4370,1.);
#636=VECTOR('',#4373,1.);
#637=VECTOR('',#4374,1.);
#638=VECTOR('',#4375,1.);
#639=VECTOR('',#4384,1.);
#640=VECTOR('',#4387,1.);
#641=VECTOR('',#4388,1.);
#642=VECTOR('',#4391,1.);
#643=VECTOR('',#4396,1.);
#644=VECTOR('',#4397,1.);
#645=VECTOR('',#4400,1.);
#646=VECTOR('',#4401,1.);
#647=VECTOR('',#4404,1.);
#648=VECTOR('',#4405,1.);
#649=VECTOR('',#4408,1.);
#650=VECTOR('',#4409,1.);
#651=VECTOR('',#4412,1.);
#652=VECTOR('',#4413,1.);
#653=VECTOR('',#4414,1.);
#654=VECTOR('',#4415,1.);
#655=VECTOR('',#4416,1.);
#656=VECTOR('',#4419,1.);
#657=VECTOR('',#4420,1.);
#658=VECTOR('',#4423,1.);
#659=VECTOR('',#4424,1.);
#660=VECTOR('',#4427,1.);
#661=VECTOR('',#4428,1.);
#662=VECTOR('',#4429,1.);
#663=VECTOR('',#4440,1.);
#664=VECTOR('',#4443,1.);
#665=VECTOR('',#4448,1.);
#666=VECTOR('',#4455,1.);
#667=VECTOR('',#4458,1.);
#668=VECTOR('',#4463,1.);
#669=VECTOR('',#4470,1.);
#670=VECTOR('',#4477,1.);
#671=VECTOR('',#4484,1.);
#672=VECTOR('',#4491,1.);
#673=VECTOR('',#4498,1.);
#674=VECTOR('',#4505,1.);
#675=VECTOR('',#4508,1.);
#676=VECTOR('',#4509,1.);
#677=VECTOR('',#4510,1.);
#678=VECTOR('',#4513,1.);
#679=VECTOR('',#4516,1.);
#680=VECTOR('',#4517,1.);
#681=VECTOR('',#4520,1.);
#682=VECTOR('',#4523,1.);
#683=VECTOR('',#4524,1.);
#684=VECTOR('',#4527,1.);
#685=VECTOR('',#4530,1.);
#686=VECTOR('',#4531,1.);
#687=VECTOR('',#4546,1.);
#688=VECTOR('',#4549,1.);
#689=VECTOR('',#4552,1.);
#690=VECTOR('',#4555,1.);
#691=VECTOR('',#4558,1.);
#692=VECTOR('',#4559,1.);
#693=VECTOR('',#4562,1.);
#694=VECTOR('',#4563,1.);
#695=VECTOR('',#4566,1.);
#696=VECTOR('',#4567,1.);
#697=VECTOR('',#4570,1.);
#698=VECTOR('',#4571,1.);
#699=VECTOR('',#4574,1.);
#700=VECTOR('',#4575,1.);
#701=VECTOR('',#4576,1.);
#702=VECTOR('',#4577,1.);
#703=VECTOR('',#4580,1.);
#704=VECTOR('',#4585,1.);
#705=VECTOR('',#4590,1.);
#706=VECTOR('',#4595,1.);
#707=VECTOR('',#4598,1.);
#708=VECTOR('',#4599,1.);
#709=VECTOR('',#4602,1.);
#710=VECTOR('',#4607,1.);
#711=VECTOR('',#4608,1.);
#712=VECTOR('',#4611,1.);
#713=VECTOR('',#4612,1.);
#714=VECTOR('',#4615,1.);
#715=VECTOR('',#4616,1.);
#716=VECTOR('',#4619,1.);
#717=VECTOR('',#4620,1.);
#718=VECTOR('',#4623,1.);
#719=VECTOR('',#4624,1.);
#720=VECTOR('',#4625,1.);
#721=VECTOR('',#4626,1.);
#722=VECTOR('',#4627,1.);
#723=VECTOR('',#4630,1.);
#724=VECTOR('',#4631,1.);
#725=VECTOR('',#4634,1.);
#726=VECTOR('',#4635,1.);
#727=VECTOR('',#4638,1.);
#728=VECTOR('',#4639,1.);
#729=VECTOR('',#4640,1.);
#730=VECTOR('',#4655,1.);
#731=VECTOR('',#4660,1.);
#732=VECTOR('',#4661,1.);
#733=VECTOR('',#4664,1.);
#734=VECTOR('',#4665,1.);
#735=CIRCLE('',#3685,0.00142825071564281);
#736=CIRCLE('',#3686,0.00108872273562383);
#737=CIRCLE('',#3687,0.00124301276001729);
#738=CIRCLE('',#3688,0.00142825071567637);
#739=CIRCLE('',#3689,0.00108872273592824);
#740=CIRCLE('',#3690,0.00124301276028283);
#741=CIRCLE('',#3691,0.0014924406247854);
#742=CIRCLE('',#3692,0.00152029004313453);
#743=CIRCLE('',#3693,0.00171293390781322);
#744=CIRCLE('',#3694,0.0024325793385716);
#745=CIRCLE('',#3695,0.00120258520677498);
#746=CIRCLE('',#3696,0.00162364909438945);
#747=CIRCLE('',#3697,0.00154374217837301);
#748=CIRCLE('',#3698,0.00152861957744248);
#749=CIRCLE('',#3699,0.00149244062478543);
#750=CIRCLE('',#3700,0.00152029004313456);
#751=CIRCLE('',#3701,0.00171293390781353);
#752=CIRCLE('',#3702,0.00243257933856725);
#753=CIRCLE('',#3703,0.00120258520703105);
#754=CIRCLE('',#3704,0.0016236490943895);
#755=CIRCLE('',#3705,0.00154374217837316);
#756=CIRCLE('',#3706,0.00152861957819887);
#757=CIRCLE('',#3707,0.00110332632722955);
#758=CIRCLE('',#3708,0.00104618627825304);
#759=CIRCLE('',#3709,0.00073745595439058);
#760=CIRCLE('',#3710,0.00100147680095034);
#761=CIRCLE('',#3711,0.00123275041678962);
#762=CIRCLE('',#3712,0.00153871671541794);
#763=CIRCLE('',#3713,0.00153448075943372);
#764=CIRCLE('',#3714,0.00154755936238441);
#765=CIRCLE('',#3715,0.00152485004184725);
#766=CIRCLE('',#3716,0.00110332632722956);
#767=CIRCLE('',#3717,0.00104618627699363);
#768=CIRCLE('',#3718,0.00073745595439056);
#769=CIRCLE('',#3719,0.00100147680087513);
#770=CIRCLE('',#3720,0.00142825071564544);
#771=CIRCLE('',#3721,0.00108872273553519);
#772=CIRCLE('',#3722,0.0012430127599935);
#773=CIRCLE('',#3741,0.00149244062478543);
#774=CIRCLE('',#3743,0.00152861957819887);
#775=CIRCLE('',#3745,0.00154374217837316);
#776=CIRCLE('',#3747,0.0016236490943895);
#777=CIRCLE('',#3750,0.00120258520703105);
#778=CIRCLE('',#3753,0.00243257933856725);
#779=CIRCLE('',#3755,0.00171293390781353);
#780=CIRCLE('',#3757,0.00152029004313456);
#781=CIRCLE('',#3760,0.00104618627825304);
#782=CIRCLE('',#3762,0.00110332632722955);
#783=CIRCLE('',#3769,0.00100147680095034);
#784=CIRCLE('',#3771,0.00073745595439058);
#785=CIRCLE('',#3779,0.00123275041678962);
#786=CIRCLE('',#3784,0.0014924406247854);
#787=CIRCLE('',#3786,0.00152861957744248);
#788=CIRCLE('',#3788,0.00154374217837301);
#789=CIRCLE('',#3790,0.00162364909438945);
#790=CIRCLE('',#3793,0.00120258520677498);
#791=CIRCLE('',#3796,0.0024325793385716);
#792=CIRCLE('',#3798,0.00171293390781322);
#793=CIRCLE('',#3800,0.00152029004313453);
#794=CIRCLE('',#3803,0.00142825071567637);
#795=CIRCLE('',#3805,0.00124301276028283);
#796=CIRCLE('',#3815,0.00108872273592824);
#797=CIRCLE('',#3818,0.00142825071564281);
#798=CIRCLE('',#3820,0.00124301276001729);
#799=CIRCLE('',#3830,0.00108872273562383);
#800=CIRCLE('',#3833,0.00107433614061882);
#801=CIRCLE('',#3834,0.00107433614061882);
#802=CIRCLE('',#3836,0.00104419306434087);
#803=CIRCLE('',#3837,0.00104419306434087);
#804=CIRCLE('',#3839,0.00113682062383694);
#805=CIRCLE('',#3840,0.00113682062383694);
#806=CIRCLE('',#3842,0.00149467826495576);
#807=CIRCLE('',#3843,0.00149467826495576);
#808=CIRCLE('',#3845,0.00113721042195752);
#809=CIRCLE('',#3846,0.00113721042195752);
#810=CIRCLE('',#3848,0.00104671208376538);
#811=CIRCLE('',#3849,0.00104671208376538);
#812=CIRCLE('',#3851,0.0010769562533851);
#813=CIRCLE('',#3852,0.0010769562533851);
#814=CIRCLE('',#3854,0.00112221787886419);
#815=CIRCLE('',#3855,0.00112221787886419);
#816=CIRCLE('',#3857,0.00151581103226778);
#817=CIRCLE('',#3858,0.00151581103226778);
#818=CIRCLE('',#3860,0.00151504904231923);
#819=CIRCLE('',#3861,0.00151504904231923);
#820=CIRCLE('',#3863,0.00152485004184725);
#821=CIRCLE('',#3865,0.00154755936238441);
#822=CIRCLE('',#3867,0.00153448075943372);
#823=CIRCLE('',#3869,0.00153871671541794);
#824=CIRCLE('',#3871,0.00112667156196502);
#825=CIRCLE('',#3872,0.00112667156196502);
#826=CIRCLE('',#3875,0.00104618627699363);
#827=CIRCLE('',#3877,0.00110332632722956);
#828=CIRCLE('',#3884,0.00100147680087513);
#829=CIRCLE('',#3886,0.00073745595439056);
#830=CIRCLE('',#3890,0.00142825071564544);
#831=CIRCLE('',#3892,0.0012430127599935);
#832=CIRCLE('',#3902,0.00108872273553519);
#833=ORIENTED_EDGE('',*,*,#1927,.T.);
#834=ORIENTED_EDGE('',*,*,#1928,.T.);
#835=ORIENTED_EDGE('',*,*,#1929,.T.);
#836=ORIENTED_EDGE('',*,*,#1930,.T.);
#837=ORIENTED_EDGE('',*,*,#1931,.T.);
#838=ORIENTED_EDGE('',*,*,#1932,.T.);
#839=ORIENTED_EDGE('',*,*,#1933,.T.);
#840=ORIENTED_EDGE('',*,*,#1934,.T.);
#841=ORIENTED_EDGE('',*,*,#1935,.T.);
#842=ORIENTED_EDGE('',*,*,#1936,.T.);
#843=ORIENTED_EDGE('',*,*,#1937,.T.);
#844=ORIENTED_EDGE('',*,*,#1938,.T.);
#845=ORIENTED_EDGE('',*,*,#1939,.T.);
#846=ORIENTED_EDGE('',*,*,#1940,.T.);
#847=ORIENTED_EDGE('',*,*,#1941,.T.);
#848=ORIENTED_EDGE('',*,*,#1942,.T.);
#849=ORIENTED_EDGE('',*,*,#1943,.T.);
#850=ORIENTED_EDGE('',*,*,#1944,.T.);
#851=ORIENTED_EDGE('',*,*,#1945,.T.);
#852=ORIENTED_EDGE('',*,*,#1946,.T.);
#853=ORIENTED_EDGE('',*,*,#1947,.T.);
#854=ORIENTED_EDGE('',*,*,#1948,.T.);
#855=ORIENTED_EDGE('',*,*,#1949,.T.);
#856=ORIENTED_EDGE('',*,*,#1950,.T.);
#857=ORIENTED_EDGE('',*,*,#1951,.T.);
#858=ORIENTED_EDGE('',*,*,#1952,.T.);
#859=ORIENTED_EDGE('',*,*,#1953,.T.);
#860=ORIENTED_EDGE('',*,*,#1954,.T.);
#861=ORIENTED_EDGE('',*,*,#1955,.T.);
#862=ORIENTED_EDGE('',*,*,#1956,.T.);
#863=ORIENTED_EDGE('',*,*,#1957,.T.);
#864=ORIENTED_EDGE('',*,*,#1958,.T.);
#865=ORIENTED_EDGE('',*,*,#1959,.T.);
#866=ORIENTED_EDGE('',*,*,#1960,.T.);
#867=ORIENTED_EDGE('',*,*,#1961,.T.);
#868=ORIENTED_EDGE('',*,*,#1962,.T.);
#869=ORIENTED_EDGE('',*,*,#1963,.T.);
#870=ORIENTED_EDGE('',*,*,#1964,.T.);
#871=ORIENTED_EDGE('',*,*,#1965,.T.);
#872=ORIENTED_EDGE('',*,*,#1966,.T.);
#873=ORIENTED_EDGE('',*,*,#1967,.T.);
#874=ORIENTED_EDGE('',*,*,#1968,.T.);
#875=ORIENTED_EDGE('',*,*,#1969,.T.);
#876=ORIENTED_EDGE('',*,*,#1970,.T.);
#877=ORIENTED_EDGE('',*,*,#1971,.T.);
#878=ORIENTED_EDGE('',*,*,#1972,.T.);
#879=ORIENTED_EDGE('',*,*,#1973,.T.);
#880=ORIENTED_EDGE('',*,*,#1974,.T.);
#881=ORIENTED_EDGE('',*,*,#1975,.T.);
#882=ORIENTED_EDGE('',*,*,#1976,.T.);
#883=ORIENTED_EDGE('',*,*,#1977,.T.);
#884=ORIENTED_EDGE('',*,*,#1978,.T.);
#885=ORIENTED_EDGE('',*,*,#1979,.T.);
#886=ORIENTED_EDGE('',*,*,#1980,.T.);
#887=ORIENTED_EDGE('',*,*,#1981,.T.);
#888=ORIENTED_EDGE('',*,*,#1982,.T.);
#889=ORIENTED_EDGE('',*,*,#1983,.T.);
#890=ORIENTED_EDGE('',*,*,#1984,.T.);
#891=ORIENTED_EDGE('',*,*,#1985,.T.);
#892=ORIENTED_EDGE('',*,*,#1986,.T.);
#893=ORIENTED_EDGE('',*,*,#1987,.T.);
#894=ORIENTED_EDGE('',*,*,#1988,.T.);
#895=ORIENTED_EDGE('',*,*,#1989,.T.);
#896=ORIENTED_EDGE('',*,*,#1990,.T.);
#897=ORIENTED_EDGE('',*,*,#1991,.T.);
#898=ORIENTED_EDGE('',*,*,#1992,.T.);
#899=ORIENTED_EDGE('',*,*,#1993,.T.);
#900=ORIENTED_EDGE('',*,*,#1994,.T.);
#901=ORIENTED_EDGE('',*,*,#1995,.T.);
#902=ORIENTED_EDGE('',*,*,#1996,.T.);
#903=ORIENTED_EDGE('',*,*,#1997,.T.);
#904=ORIENTED_EDGE('',*,*,#1998,.T.);
#905=ORIENTED_EDGE('',*,*,#1999,.T.);
#906=ORIENTED_EDGE('',*,*,#2000,.T.);
#907=ORIENTED_EDGE('',*,*,#2001,.T.);
#908=ORIENTED_EDGE('',*,*,#2002,.T.);
#909=ORIENTED_EDGE('',*,*,#2003,.T.);
#910=ORIENTED_EDGE('',*,*,#2004,.T.);
#911=ORIENTED_EDGE('',*,*,#2005,.T.);
#912=ORIENTED_EDGE('',*,*,#2006,.T.);
#913=ORIENTED_EDGE('',*,*,#2007,.T.);
#914=ORIENTED_EDGE('',*,*,#2008,.T.);
#915=ORIENTED_EDGE('',*,*,#2009,.T.);
#916=ORIENTED_EDGE('',*,*,#2010,.T.);
#917=ORIENTED_EDGE('',*,*,#2011,.T.);
#918=ORIENTED_EDGE('',*,*,#2012,.T.);
#919=ORIENTED_EDGE('',*,*,#2013,.T.);
#920=ORIENTED_EDGE('',*,*,#2014,.T.);
#921=ORIENTED_EDGE('',*,*,#2015,.T.);
#922=ORIENTED_EDGE('',*,*,#2016,.T.);
#923=ORIENTED_EDGE('',*,*,#2017,.T.);
#924=ORIENTED_EDGE('',*,*,#2018,.T.);
#925=ORIENTED_EDGE('',*,*,#2019,.T.);
#926=ORIENTED_EDGE('',*,*,#2020,.T.);
#927=ORIENTED_EDGE('',*,*,#2021,.T.);
#928=ORIENTED_EDGE('',*,*,#2022,.T.);
#929=ORIENTED_EDGE('',*,*,#2023,.T.);
#930=ORIENTED_EDGE('',*,*,#2024,.T.);
#931=ORIENTED_EDGE('',*,*,#2025,.T.);
#932=ORIENTED_EDGE('',*,*,#2026,.T.);
#933=ORIENTED_EDGE('',*,*,#2027,.T.);
#934=ORIENTED_EDGE('',*,*,#2028,.T.);
#935=ORIENTED_EDGE('',*,*,#2029,.T.);
#936=ORIENTED_EDGE('',*,*,#2030,.T.);
#937=ORIENTED_EDGE('',*,*,#2031,.T.);
#938=ORIENTED_EDGE('',*,*,#2032,.T.);
#939=ORIENTED_EDGE('',*,*,#2033,.T.);
#940=ORIENTED_EDGE('',*,*,#2034,.T.);
#941=ORIENTED_EDGE('',*,*,#2035,.T.);
#942=ORIENTED_EDGE('',*,*,#2036,.T.);
#943=ORIENTED_EDGE('',*,*,#2037,.T.);
#944=ORIENTED_EDGE('',*,*,#2038,.T.);
#945=ORIENTED_EDGE('',*,*,#2039,.T.);
#946=ORIENTED_EDGE('',*,*,#2040,.T.);
#947=ORIENTED_EDGE('',*,*,#2041,.T.);
#948=ORIENTED_EDGE('',*,*,#2042,.T.);
#949=ORIENTED_EDGE('',*,*,#2043,.T.);
#950=ORIENTED_EDGE('',*,*,#2044,.T.);
#951=ORIENTED_EDGE('',*,*,#2045,.T.);
#952=ORIENTED_EDGE('',*,*,#2046,.T.);
#953=ORIENTED_EDGE('',*,*,#2047,.T.);
#954=ORIENTED_EDGE('',*,*,#2048,.T.);
#955=ORIENTED_EDGE('',*,*,#2049,.T.);
#956=ORIENTED_EDGE('',*,*,#2050,.T.);
#957=ORIENTED_EDGE('',*,*,#2051,.T.);
#958=ORIENTED_EDGE('',*,*,#2052,.T.);
#959=ORIENTED_EDGE('',*,*,#2053,.T.);
#960=ORIENTED_EDGE('',*,*,#2054,.T.);
#961=ORIENTED_EDGE('',*,*,#2055,.T.);
#962=ORIENTED_EDGE('',*,*,#2056,.T.);
#963=ORIENTED_EDGE('',*,*,#2057,.T.);
#964=ORIENTED_EDGE('',*,*,#2058,.T.);
#965=ORIENTED_EDGE('',*,*,#2059,.T.);
#966=ORIENTED_EDGE('',*,*,#2060,.T.);
#967=ORIENTED_EDGE('',*,*,#2061,.T.);
#968=ORIENTED_EDGE('',*,*,#2062,.T.);
#969=ORIENTED_EDGE('',*,*,#2063,.T.);
#970=ORIENTED_EDGE('',*,*,#2064,.T.);
#971=ORIENTED_EDGE('',*,*,#2065,.T.);
#972=ORIENTED_EDGE('',*,*,#2066,.T.);
#973=ORIENTED_EDGE('',*,*,#2067,.T.);
#974=ORIENTED_EDGE('',*,*,#2068,.T.);
#975=ORIENTED_EDGE('',*,*,#2069,.T.);
#976=ORIENTED_EDGE('',*,*,#2070,.T.);
#977=ORIENTED_EDGE('',*,*,#2071,.T.);
#978=ORIENTED_EDGE('',*,*,#2072,.T.);
#979=ORIENTED_EDGE('',*,*,#2073,.F.);
#980=ORIENTED_EDGE('',*,*,#2074,.T.);
#981=ORIENTED_EDGE('',*,*,#2075,.T.);
#982=ORIENTED_EDGE('',*,*,#2076,.T.);
#983=ORIENTED_EDGE('',*,*,#2077,.F.);
#984=ORIENTED_EDGE('',*,*,#2078,.F.);
#985=ORIENTED_EDGE('',*,*,#2079,.T.);
#986=ORIENTED_EDGE('',*,*,#2080,.T.);
#987=ORIENTED_EDGE('',*,*,#2081,.F.);
#988=ORIENTED_EDGE('',*,*,#2082,.T.);
#989=ORIENTED_EDGE('',*,*,#2083,.F.);
#990=ORIENTED_EDGE('',*,*,#2084,.T.);
#991=ORIENTED_EDGE('',*,*,#2085,.T.);
#992=ORIENTED_EDGE('',*,*,#2086,.T.);
#993=ORIENTED_EDGE('',*,*,#2075,.F.);
#994=ORIENTED_EDGE('',*,*,#2087,.T.);
#995=ORIENTED_EDGE('',*,*,#2088,.T.);
#996=ORIENTED_EDGE('',*,*,#2089,.T.);
#997=ORIENTED_EDGE('',*,*,#2073,.T.);
#998=ORIENTED_EDGE('',*,*,#2090,.T.);
#999=ORIENTED_EDGE('',*,*,#2091,.T.);
#1000=ORIENTED_EDGE('',*,*,#2092,.F.);
#1001=ORIENTED_EDGE('',*,*,#2077,.T.);
#1002=ORIENTED_EDGE('',*,*,#2093,.T.);
#1003=ORIENTED_EDGE('',*,*,#2094,.T.);
#1004=ORIENTED_EDGE('',*,*,#2082,.F.);
#1005=ORIENTED_EDGE('',*,*,#2095,.T.);
#1006=ORIENTED_EDGE('',*,*,#2096,.T.);
#1007=ORIENTED_EDGE('',*,*,#2083,.T.);
#1008=ORIENTED_EDGE('',*,*,#2094,.F.);
#1009=ORIENTED_EDGE('',*,*,#2097,.T.);
#1010=ORIENTED_EDGE('',*,*,#2078,.T.);
#1011=ORIENTED_EDGE('',*,*,#2098,.F.);
#1012=ORIENTED_EDGE('',*,*,#2099,.F.);
#1013=ORIENTED_EDGE('',*,*,#2100,.T.);
#1014=ORIENTED_EDGE('',*,*,#2101,.F.);
#1015=ORIENTED_EDGE('',*,*,#2102,.F.);
#1016=ORIENTED_EDGE('',*,*,#2098,.T.);
#1017=ORIENTED_EDGE('',*,*,#2092,.T.);
#1018=ORIENTED_EDGE('',*,*,#2103,.T.);
#1019=ORIENTED_EDGE('',*,*,#2104,.F.);
#1020=ORIENTED_EDGE('',*,*,#2105,.F.);
#1021=ORIENTED_EDGE('',*,*,#2101,.T.);
#1022=ORIENTED_EDGE('',*,*,#2106,.T.);
#1023=ORIENTED_EDGE('',*,*,#2090,.F.);
#1024=ORIENTED_EDGE('',*,*,#2097,.F.);
#1025=ORIENTED_EDGE('',*,*,#2107,.F.);
#1026=ORIENTED_EDGE('',*,*,#2104,.T.);
#1027=ORIENTED_EDGE('',*,*,#2099,.T.);
#1028=ORIENTED_EDGE('',*,*,#2102,.T.);
#1029=ORIENTED_EDGE('',*,*,#2105,.T.);
#1030=ORIENTED_EDGE('',*,*,#2107,.T.);
#1031=ORIENTED_EDGE('',*,*,#2091,.F.);
#1032=ORIENTED_EDGE('',*,*,#2106,.F.);
#1033=ORIENTED_EDGE('',*,*,#2103,.F.);
#1034=ORIENTED_EDGE('',*,*,#2100,.F.);
#1035=ORIENTED_EDGE('',*,*,#2108,.F.);
#1036=ORIENTED_EDGE('',*,*,#2109,.F.);
#1037=ORIENTED_EDGE('',*,*,#2110,.T.);
#1038=ORIENTED_EDGE('',*,*,#2111,.T.);
#1039=ORIENTED_EDGE('',*,*,#2112,.F.);
#1040=ORIENTED_EDGE('',*,*,#2113,.F.);
#1041=ORIENTED_EDGE('',*,*,#2114,.T.);
#1042=ORIENTED_EDGE('',*,*,#2109,.T.);
#1043=ORIENTED_EDGE('',*,*,#2115,.F.);
#1044=ORIENTED_EDGE('',*,*,#2116,.F.);
#1045=ORIENTED_EDGE('',*,*,#2117,.T.);
#1046=ORIENTED_EDGE('',*,*,#2113,.T.);
#1047=ORIENTED_EDGE('',*,*,#2118,.F.);
#1048=ORIENTED_EDGE('',*,*,#2119,.F.);
#1049=ORIENTED_EDGE('',*,*,#2120,.T.);
#1050=ORIENTED_EDGE('',*,*,#2116,.T.);
#1051=ORIENTED_EDGE('',*,*,#1978,.F.);
#1052=ORIENTED_EDGE('',*,*,#2121,.F.);
#1053=ORIENTED_EDGE('',*,*,#2122,.T.);
#1054=ORIENTED_EDGE('',*,*,#2123,.T.);
#1055=ORIENTED_EDGE('',*,*,#1977,.F.);
#1056=ORIENTED_EDGE('',*,*,#2124,.F.);
#1057=ORIENTED_EDGE('',*,*,#2125,.T.);
#1058=ORIENTED_EDGE('',*,*,#2121,.T.);
#1059=ORIENTED_EDGE('',*,*,#1994,.F.);
#1060=ORIENTED_EDGE('',*,*,#2126,.F.);
#1061=ORIENTED_EDGE('',*,*,#2127,.T.);
#1062=ORIENTED_EDGE('',*,*,#2124,.T.);
#1063=ORIENTED_EDGE('',*,*,#1993,.F.);
#1064=ORIENTED_EDGE('',*,*,#2128,.F.);
#1065=ORIENTED_EDGE('',*,*,#2129,.T.);
#1066=ORIENTED_EDGE('',*,*,#2126,.T.);
#1067=ORIENTED_EDGE('',*,*,#1992,.F.);
#1068=ORIENTED_EDGE('',*,*,#2130,.F.);
#1069=ORIENTED_EDGE('',*,*,#2131,.T.);
#1070=ORIENTED_EDGE('',*,*,#2128,.T.);
#1071=ORIENTED_EDGE('',*,*,#1991,.F.);
#1072=ORIENTED_EDGE('',*,*,#2132,.F.);
#1073=ORIENTED_EDGE('',*,*,#2133,.T.);
#1074=ORIENTED_EDGE('',*,*,#2130,.T.);
#1075=ORIENTED_EDGE('',*,*,#1990,.F.);
#1076=ORIENTED_EDGE('',*,*,#2134,.F.);
#1077=ORIENTED_EDGE('',*,*,#2135,.T.);
#1078=ORIENTED_EDGE('',*,*,#2132,.T.);
#1079=ORIENTED_EDGE('',*,*,#1989,.F.);
#1080=ORIENTED_EDGE('',*,*,#2136,.F.);
#1081=ORIENTED_EDGE('',*,*,#2137,.T.);
#1082=ORIENTED_EDGE('',*,*,#2134,.T.);
#1083=ORIENTED_EDGE('',*,*,#1988,.F.);
#1084=ORIENTED_EDGE('',*,*,#2138,.F.);
#1085=ORIENTED_EDGE('',*,*,#2139,.T.);
#1086=ORIENTED_EDGE('',*,*,#2136,.T.);
#1087=ORIENTED_EDGE('',*,*,#1987,.F.);
#1088=ORIENTED_EDGE('',*,*,#2140,.F.);
#1089=ORIENTED_EDGE('',*,*,#2141,.T.);
#1090=ORIENTED_EDGE('',*,*,#2138,.T.);
#1091=ORIENTED_EDGE('',*,*,#1986,.F.);
#1092=ORIENTED_EDGE('',*,*,#2142,.F.);
#1093=ORIENTED_EDGE('',*,*,#2143,.T.);
#1094=ORIENTED_EDGE('',*,*,#2140,.T.);
#1095=ORIENTED_EDGE('',*,*,#1985,.F.);
#1096=ORIENTED_EDGE('',*,*,#2144,.F.);
#1097=ORIENTED_EDGE('',*,*,#2145,.T.);
#1098=ORIENTED_EDGE('',*,*,#2142,.T.);
#1099=ORIENTED_EDGE('',*,*,#1984,.F.);
#1100=ORIENTED_EDGE('',*,*,#2146,.F.);
#1101=ORIENTED_EDGE('',*,*,#2147,.T.);
#1102=ORIENTED_EDGE('',*,*,#2144,.T.);
#1103=ORIENTED_EDGE('',*,*,#1983,.F.);
#1104=ORIENTED_EDGE('',*,*,#2148,.F.);
#1105=ORIENTED_EDGE('',*,*,#2149,.T.);
#1106=ORIENTED_EDGE('',*,*,#2146,.T.);
#1107=ORIENTED_EDGE('',*,*,#1982,.F.);
#1108=ORIENTED_EDGE('',*,*,#2150,.F.);
#1109=ORIENTED_EDGE('',*,*,#2151,.T.);
#1110=ORIENTED_EDGE('',*,*,#2148,.T.);
#1111=ORIENTED_EDGE('',*,*,#1981,.F.);
#1112=ORIENTED_EDGE('',*,*,#2152,.F.);
#1113=ORIENTED_EDGE('',*,*,#2153,.T.);
#1114=ORIENTED_EDGE('',*,*,#2150,.T.);
#1115=ORIENTED_EDGE('',*,*,#1980,.F.);
#1116=ORIENTED_EDGE('',*,*,#2154,.F.);
#1117=ORIENTED_EDGE('',*,*,#2155,.T.);
#1118=ORIENTED_EDGE('',*,*,#2152,.T.);
#1119=ORIENTED_EDGE('',*,*,#1979,.F.);
#1120=ORIENTED_EDGE('',*,*,#2123,.F.);
#1121=ORIENTED_EDGE('',*,*,#2156,.T.);
#1122=ORIENTED_EDGE('',*,*,#2154,.T.);
#1123=ORIENTED_EDGE('',*,*,#2157,.F.);
#1124=ORIENTED_EDGE('',*,*,#2111,.F.);
#1125=ORIENTED_EDGE('',*,*,#2158,.T.);
#1126=ORIENTED_EDGE('',*,*,#2119,.T.);
#1127=ORIENTED_EDGE('',*,*,#2122,.F.);
#1128=ORIENTED_EDGE('',*,*,#2125,.F.);
#1129=ORIENTED_EDGE('',*,*,#2127,.F.);
#1130=ORIENTED_EDGE('',*,*,#2129,.F.);
#1131=ORIENTED_EDGE('',*,*,#2131,.F.);
#1132=ORIENTED_EDGE('',*,*,#2133,.F.);
#1133=ORIENTED_EDGE('',*,*,#2135,.F.);
#1134=ORIENTED_EDGE('',*,*,#2137,.F.);
#1135=ORIENTED_EDGE('',*,*,#2139,.F.);
#1136=ORIENTED_EDGE('',*,*,#2141,.F.);
#1137=ORIENTED_EDGE('',*,*,#2143,.F.);
#1138=ORIENTED_EDGE('',*,*,#2145,.F.);
#1139=ORIENTED_EDGE('',*,*,#2147,.F.);
#1140=ORIENTED_EDGE('',*,*,#2149,.F.);
#1141=ORIENTED_EDGE('',*,*,#2151,.F.);
#1142=ORIENTED_EDGE('',*,*,#2153,.F.);
#1143=ORIENTED_EDGE('',*,*,#2155,.F.);
#1144=ORIENTED_EDGE('',*,*,#2156,.F.);
#1145=ORIENTED_EDGE('',*,*,#2110,.F.);
#1146=ORIENTED_EDGE('',*,*,#2114,.F.);
#1147=ORIENTED_EDGE('',*,*,#2117,.F.);
#1148=ORIENTED_EDGE('',*,*,#2120,.F.);
#1149=ORIENTED_EDGE('',*,*,#2158,.F.);
#1150=ORIENTED_EDGE('',*,*,#1996,.F.);
#1151=ORIENTED_EDGE('',*,*,#2159,.F.);
#1152=ORIENTED_EDGE('',*,*,#2160,.T.);
#1153=ORIENTED_EDGE('',*,*,#2161,.T.);
#1154=ORIENTED_EDGE('',*,*,#1995,.F.);
#1155=ORIENTED_EDGE('',*,*,#2162,.F.);
#1156=ORIENTED_EDGE('',*,*,#2163,.T.);
#1157=ORIENTED_EDGE('',*,*,#2159,.T.);
#1158=ORIENTED_EDGE('',*,*,#2007,.F.);
#1159=ORIENTED_EDGE('',*,*,#2164,.F.);
#1160=ORIENTED_EDGE('',*,*,#2165,.T.);
#1161=ORIENTED_EDGE('',*,*,#2162,.T.);
#1162=ORIENTED_EDGE('',*,*,#2006,.F.);
#1163=ORIENTED_EDGE('',*,*,#2166,.F.);
#1164=ORIENTED_EDGE('',*,*,#2167,.T.);
#1165=ORIENTED_EDGE('',*,*,#2164,.T.);
#1166=ORIENTED_EDGE('',*,*,#2005,.F.);
#1167=ORIENTED_EDGE('',*,*,#2168,.F.);
#1168=ORIENTED_EDGE('',*,*,#2169,.T.);
#1169=ORIENTED_EDGE('',*,*,#2166,.T.);
#1170=ORIENTED_EDGE('',*,*,#2004,.F.);
#1171=ORIENTED_EDGE('',*,*,#2170,.F.);
#1172=ORIENTED_EDGE('',*,*,#2171,.T.);
#1173=ORIENTED_EDGE('',*,*,#2168,.T.);
#1174=ORIENTED_EDGE('',*,*,#2003,.F.);
#1175=ORIENTED_EDGE('',*,*,#2172,.F.);
#1176=ORIENTED_EDGE('',*,*,#2173,.T.);
#1177=ORIENTED_EDGE('',*,*,#2170,.T.);
#1178=ORIENTED_EDGE('',*,*,#2002,.F.);
#1179=ORIENTED_EDGE('',*,*,#2174,.F.);
#1180=ORIENTED_EDGE('',*,*,#2175,.T.);
#1181=ORIENTED_EDGE('',*,*,#2172,.T.);
#1182=ORIENTED_EDGE('',*,*,#2001,.F.);
#1183=ORIENTED_EDGE('',*,*,#2176,.F.);
#1184=ORIENTED_EDGE('',*,*,#2177,.T.);
#1185=ORIENTED_EDGE('',*,*,#2174,.T.);
#1186=ORIENTED_EDGE('',*,*,#2000,.F.);
#1187=ORIENTED_EDGE('',*,*,#2178,.F.);
#1188=ORIENTED_EDGE('',*,*,#2179,.T.);
#1189=ORIENTED_EDGE('',*,*,#2176,.T.);
#1190=ORIENTED_EDGE('',*,*,#1999,.F.);
#1191=ORIENTED_EDGE('',*,*,#2180,.F.);
#1192=ORIENTED_EDGE('',*,*,#2181,.T.);
#1193=ORIENTED_EDGE('',*,*,#2178,.T.);
#1194=ORIENTED_EDGE('',*,*,#1998,.F.);
#1195=ORIENTED_EDGE('',*,*,#2182,.F.);
#1196=ORIENTED_EDGE('',*,*,#2183,.T.);
#1197=ORIENTED_EDGE('',*,*,#2180,.T.);
#1198=ORIENTED_EDGE('',*,*,#1997,.F.);
#1199=ORIENTED_EDGE('',*,*,#2161,.F.);
#1200=ORIENTED_EDGE('',*,*,#2184,.T.);
#1201=ORIENTED_EDGE('',*,*,#2182,.T.);
#1202=ORIENTED_EDGE('',*,*,#2160,.F.);
#1203=ORIENTED_EDGE('',*,*,#2163,.F.);
#1204=ORIENTED_EDGE('',*,*,#2165,.F.);
#1205=ORIENTED_EDGE('',*,*,#2167,.F.);
#1206=ORIENTED_EDGE('',*,*,#2169,.F.);
#1207=ORIENTED_EDGE('',*,*,#2171,.F.);
#1208=ORIENTED_EDGE('',*,*,#2173,.F.);
#1209=ORIENTED_EDGE('',*,*,#2175,.F.);
#1210=ORIENTED_EDGE('',*,*,#2177,.F.);
#1211=ORIENTED_EDGE('',*,*,#2179,.F.);
#1212=ORIENTED_EDGE('',*,*,#2181,.F.);
#1213=ORIENTED_EDGE('',*,*,#2183,.F.);
#1214=ORIENTED_EDGE('',*,*,#2184,.F.);
#1215=ORIENTED_EDGE('',*,*,#2009,.F.);
#1216=ORIENTED_EDGE('',*,*,#2185,.F.);
#1217=ORIENTED_EDGE('',*,*,#2186,.T.);
#1218=ORIENTED_EDGE('',*,*,#2187,.T.);
#1219=ORIENTED_EDGE('',*,*,#2008,.F.);
#1220=ORIENTED_EDGE('',*,*,#2188,.F.);
#1221=ORIENTED_EDGE('',*,*,#2189,.T.);
#1222=ORIENTED_EDGE('',*,*,#2185,.T.);
#1223=ORIENTED_EDGE('',*,*,#2031,.F.);
#1224=ORIENTED_EDGE('',*,*,#2190,.F.);
#1225=ORIENTED_EDGE('',*,*,#2191,.T.);
#1226=ORIENTED_EDGE('',*,*,#2188,.T.);
#1227=ORIENTED_EDGE('',*,*,#2030,.F.);
#1228=ORIENTED_EDGE('',*,*,#2192,.F.);
#1229=ORIENTED_EDGE('',*,*,#2193,.T.);
#1230=ORIENTED_EDGE('',*,*,#2190,.T.);
#1231=ORIENTED_EDGE('',*,*,#2029,.F.);
#1232=ORIENTED_EDGE('',*,*,#2194,.F.);
#1233=ORIENTED_EDGE('',*,*,#2195,.T.);
#1234=ORIENTED_EDGE('',*,*,#2192,.T.);
#1235=ORIENTED_EDGE('',*,*,#2028,.F.);
#1236=ORIENTED_EDGE('',*,*,#2196,.F.);
#1237=ORIENTED_EDGE('',*,*,#2197,.T.);
#1238=ORIENTED_EDGE('',*,*,#2194,.T.);
#1239=ORIENTED_EDGE('',*,*,#2027,.F.);
#1240=ORIENTED_EDGE('',*,*,#2198,.F.);
#1241=ORIENTED_EDGE('',*,*,#2199,.T.);
#1242=ORIENTED_EDGE('',*,*,#2196,.T.);
#1243=ORIENTED_EDGE('',*,*,#2026,.F.);
#1244=ORIENTED_EDGE('',*,*,#2200,.F.);
#1245=ORIENTED_EDGE('',*,*,#2201,.T.);
#1246=ORIENTED_EDGE('',*,*,#2198,.T.);
#1247=ORIENTED_EDGE('',*,*,#2025,.F.);
#1248=ORIENTED_EDGE('',*,*,#2202,.F.);
#1249=ORIENTED_EDGE('',*,*,#2203,.T.);
#1250=ORIENTED_EDGE('',*,*,#2200,.T.);
#1251=ORIENTED_EDGE('',*,*,#2024,.F.);
#1252=ORIENTED_EDGE('',*,*,#2204,.F.);
#1253=ORIENTED_EDGE('',*,*,#2205,.T.);
#1254=ORIENTED_EDGE('',*,*,#2202,.T.);
#1255=ORIENTED_EDGE('',*,*,#2023,.F.);
#1256=ORIENTED_EDGE('',*,*,#2206,.F.);
#1257=ORIENTED_EDGE('',*,*,#2207,.T.);
#1258=ORIENTED_EDGE('',*,*,#2204,.T.);
#1259=ORIENTED_EDGE('',*,*,#2022,.F.);
#1260=ORIENTED_EDGE('',*,*,#2208,.F.);
#1261=ORIENTED_EDGE('',*,*,#2209,.T.);
#1262=ORIENTED_EDGE('',*,*,#2206,.T.);
#1263=ORIENTED_EDGE('',*,*,#2021,.F.);
#1264=ORIENTED_EDGE('',*,*,#2210,.F.);
#1265=ORIENTED_EDGE('',*,*,#2211,.T.);
#1266=ORIENTED_EDGE('',*,*,#2208,.T.);
#1267=ORIENTED_EDGE('',*,*,#2020,.F.);
#1268=ORIENTED_EDGE('',*,*,#2212,.F.);
#1269=ORIENTED_EDGE('',*,*,#2213,.T.);
#1270=ORIENTED_EDGE('',*,*,#2210,.T.);
#1271=ORIENTED_EDGE('',*,*,#2019,.F.);
#1272=ORIENTED_EDGE('',*,*,#2214,.F.);
#1273=ORIENTED_EDGE('',*,*,#2215,.T.);
#1274=ORIENTED_EDGE('',*,*,#2212,.T.);
#1275=ORIENTED_EDGE('',*,*,#2018,.F.);
#1276=ORIENTED_EDGE('',*,*,#2216,.F.);
#1277=ORIENTED_EDGE('',*,*,#2217,.T.);
#1278=ORIENTED_EDGE('',*,*,#2214,.T.);
#1279=ORIENTED_EDGE('',*,*,#2017,.F.);
#1280=ORIENTED_EDGE('',*,*,#2218,.F.);
#1281=ORIENTED_EDGE('',*,*,#2219,.T.);
#1282=ORIENTED_EDGE('',*,*,#2216,.T.);
#1283=ORIENTED_EDGE('',*,*,#2016,.F.);
#1284=ORIENTED_EDGE('',*,*,#2220,.F.);
#1285=ORIENTED_EDGE('',*,*,#2221,.T.);
#1286=ORIENTED_EDGE('',*,*,#2218,.T.);
#1287=ORIENTED_EDGE('',*,*,#2015,.F.);
#1288=ORIENTED_EDGE('',*,*,#2222,.F.);
#1289=ORIENTED_EDGE('',*,*,#2223,.T.);
#1290=ORIENTED_EDGE('',*,*,#2220,.T.);
#1291=ORIENTED_EDGE('',*,*,#2014,.F.);
#1292=ORIENTED_EDGE('',*,*,#2224,.F.);
#1293=ORIENTED_EDGE('',*,*,#2225,.T.);
#1294=ORIENTED_EDGE('',*,*,#2222,.T.);
#1295=ORIENTED_EDGE('',*,*,#2013,.F.);
#1296=ORIENTED_EDGE('',*,*,#2226,.F.);
#1297=ORIENTED_EDGE('',*,*,#2227,.T.);
#1298=ORIENTED_EDGE('',*,*,#2224,.T.);
#1299=ORIENTED_EDGE('',*,*,#2012,.F.);
#1300=ORIENTED_EDGE('',*,*,#2228,.F.);
#1301=ORIENTED_EDGE('',*,*,#2229,.T.);
#1302=ORIENTED_EDGE('',*,*,#2226,.T.);
#1303=ORIENTED_EDGE('',*,*,#2011,.F.);
#1304=ORIENTED_EDGE('',*,*,#2230,.F.);
#1305=ORIENTED_EDGE('',*,*,#2231,.T.);
#1306=ORIENTED_EDGE('',*,*,#2228,.T.);
#1307=ORIENTED_EDGE('',*,*,#2010,.F.);
#1308=ORIENTED_EDGE('',*,*,#2187,.F.);
#1309=ORIENTED_EDGE('',*,*,#2232,.T.);
#1310=ORIENTED_EDGE('',*,*,#2230,.T.);
#1311=ORIENTED_EDGE('',*,*,#2186,.F.);
#1312=ORIENTED_EDGE('',*,*,#2189,.F.);
#1313=ORIENTED_EDGE('',*,*,#2191,.F.);
#1314=ORIENTED_EDGE('',*,*,#2193,.F.);
#1315=ORIENTED_EDGE('',*,*,#2195,.F.);
#1316=ORIENTED_EDGE('',*,*,#2197,.F.);
#1317=ORIENTED_EDGE('',*,*,#2199,.F.);
#1318=ORIENTED_EDGE('',*,*,#2201,.F.);
#1319=ORIENTED_EDGE('',*,*,#2203,.F.);
#1320=ORIENTED_EDGE('',*,*,#2205,.F.);
#1321=ORIENTED_EDGE('',*,*,#2207,.F.);
#1322=ORIENTED_EDGE('',*,*,#2209,.F.);
#1323=ORIENTED_EDGE('',*,*,#2211,.F.);
#1324=ORIENTED_EDGE('',*,*,#2213,.F.);
#1325=ORIENTED_EDGE('',*,*,#2215,.F.);
#1326=ORIENTED_EDGE('',*,*,#2217,.F.);
#1327=ORIENTED_EDGE('',*,*,#2219,.F.);
#1328=ORIENTED_EDGE('',*,*,#2221,.F.);
#1329=ORIENTED_EDGE('',*,*,#2223,.F.);
#1330=ORIENTED_EDGE('',*,*,#2225,.F.);
#1331=ORIENTED_EDGE('',*,*,#2227,.F.);
#1332=ORIENTED_EDGE('',*,*,#2229,.F.);
#1333=ORIENTED_EDGE('',*,*,#2231,.F.);
#1334=ORIENTED_EDGE('',*,*,#2232,.F.);
#1335=ORIENTED_EDGE('',*,*,#2233,.F.);
#1336=ORIENTED_EDGE('',*,*,#2234,.F.);
#1337=ORIENTED_EDGE('',*,*,#2235,.T.);
#1338=ORIENTED_EDGE('',*,*,#2236,.T.);
#1339=ORIENTED_EDGE('',*,*,#2237,.F.);
#1340=ORIENTED_EDGE('',*,*,#2238,.F.);
#1341=ORIENTED_EDGE('',*,*,#2239,.T.);
#1342=ORIENTED_EDGE('',*,*,#2234,.T.);
#1343=ORIENTED_EDGE('',*,*,#2240,.F.);
#1344=ORIENTED_EDGE('',*,*,#2241,.F.);
#1345=ORIENTED_EDGE('',*,*,#2242,.T.);
#1346=ORIENTED_EDGE('',*,*,#2238,.T.);
#1347=ORIENTED_EDGE('',*,*,#2243,.F.);
#1348=ORIENTED_EDGE('',*,*,#2244,.F.);
#1349=ORIENTED_EDGE('',*,*,#2245,.T.);
#1350=ORIENTED_EDGE('',*,*,#2241,.T.);
#1351=ORIENTED_EDGE('',*,*,#1960,.F.);
#1352=ORIENTED_EDGE('',*,*,#2246,.F.);
#1353=ORIENTED_EDGE('',*,*,#2247,.T.);
#1354=ORIENTED_EDGE('',*,*,#2248,.T.);
#1355=ORIENTED_EDGE('',*,*,#1959,.F.);
#1356=ORIENTED_EDGE('',*,*,#2249,.F.);
#1357=ORIENTED_EDGE('',*,*,#2250,.T.);
#1358=ORIENTED_EDGE('',*,*,#2246,.T.);
#1359=ORIENTED_EDGE('',*,*,#1976,.F.);
#1360=ORIENTED_EDGE('',*,*,#2251,.F.);
#1361=ORIENTED_EDGE('',*,*,#2252,.T.);
#1362=ORIENTED_EDGE('',*,*,#2249,.T.);
#1363=ORIENTED_EDGE('',*,*,#1975,.F.);
#1364=ORIENTED_EDGE('',*,*,#2253,.F.);
#1365=ORIENTED_EDGE('',*,*,#2254,.T.);
#1366=ORIENTED_EDGE('',*,*,#2251,.T.);
#1367=ORIENTED_EDGE('',*,*,#1974,.F.);
#1368=ORIENTED_EDGE('',*,*,#2255,.F.);
#1369=ORIENTED_EDGE('',*,*,#2256,.T.);
#1370=ORIENTED_EDGE('',*,*,#2253,.T.);
#1371=ORIENTED_EDGE('',*,*,#1973,.F.);
#1372=ORIENTED_EDGE('',*,*,#2257,.F.);
#1373=ORIENTED_EDGE('',*,*,#2258,.T.);
#1374=ORIENTED_EDGE('',*,*,#2255,.T.);
#1375=ORIENTED_EDGE('',*,*,#1972,.F.);
#1376=ORIENTED_EDGE('',*,*,#2259,.F.);
#1377=ORIENTED_EDGE('',*,*,#2260,.T.);
#1378=ORIENTED_EDGE('',*,*,#2257,.T.);
#1379=ORIENTED_EDGE('',*,*,#1971,.F.);
#1380=ORIENTED_EDGE('',*,*,#2261,.F.);
#1381=ORIENTED_EDGE('',*,*,#2262,.T.);
#1382=ORIENTED_EDGE('',*,*,#2259,.T.);
#1383=ORIENTED_EDGE('',*,*,#1970,.F.);
#1384=ORIENTED_EDGE('',*,*,#2263,.F.);
#1385=ORIENTED_EDGE('',*,*,#2264,.T.);
#1386=ORIENTED_EDGE('',*,*,#2261,.T.);
#1387=ORIENTED_EDGE('',*,*,#1969,.F.);
#1388=ORIENTED_EDGE('',*,*,#2265,.F.);
#1389=ORIENTED_EDGE('',*,*,#2266,.T.);
#1390=ORIENTED_EDGE('',*,*,#2263,.T.);
#1391=ORIENTED_EDGE('',*,*,#1968,.F.);
#1392=ORIENTED_EDGE('',*,*,#2267,.F.);
#1393=ORIENTED_EDGE('',*,*,#2268,.T.);
#1394=ORIENTED_EDGE('',*,*,#2265,.T.);
#1395=ORIENTED_EDGE('',*,*,#1967,.F.);
#1396=ORIENTED_EDGE('',*,*,#2269,.F.);
#1397=ORIENTED_EDGE('',*,*,#2270,.T.);
#1398=ORIENTED_EDGE('',*,*,#2267,.T.);
#1399=ORIENTED_EDGE('',*,*,#1966,.F.);
#1400=ORIENTED_EDGE('',*,*,#2271,.F.);
#1401=ORIENTED_EDGE('',*,*,#2272,.T.);
#1402=ORIENTED_EDGE('',*,*,#2269,.T.);
#1403=ORIENTED_EDGE('',*,*,#1965,.F.);
#1404=ORIENTED_EDGE('',*,*,#2273,.F.);
#1405=ORIENTED_EDGE('',*,*,#2274,.T.);
#1406=ORIENTED_EDGE('',*,*,#2271,.T.);
#1407=ORIENTED_EDGE('',*,*,#1964,.F.);
#1408=ORIENTED_EDGE('',*,*,#2275,.F.);
#1409=ORIENTED_EDGE('',*,*,#2276,.T.);
#1410=ORIENTED_EDGE('',*,*,#2273,.T.);
#1411=ORIENTED_EDGE('',*,*,#1963,.F.);
#1412=ORIENTED_EDGE('',*,*,#2277,.F.);
#1413=ORIENTED_EDGE('',*,*,#2278,.T.);
#1414=ORIENTED_EDGE('',*,*,#2275,.T.);
#1415=ORIENTED_EDGE('',*,*,#1962,.F.);
#1416=ORIENTED_EDGE('',*,*,#2279,.F.);
#1417=ORIENTED_EDGE('',*,*,#2280,.T.);
#1418=ORIENTED_EDGE('',*,*,#2277,.T.);
#1419=ORIENTED_EDGE('',*,*,#1961,.F.);
#1420=ORIENTED_EDGE('',*,*,#2248,.F.);
#1421=ORIENTED_EDGE('',*,*,#2281,.T.);
#1422=ORIENTED_EDGE('',*,*,#2279,.T.);
#1423=ORIENTED_EDGE('',*,*,#2282,.F.);
#1424=ORIENTED_EDGE('',*,*,#2236,.F.);
#1425=ORIENTED_EDGE('',*,*,#2283,.T.);
#1426=ORIENTED_EDGE('',*,*,#2244,.T.);
#1427=ORIENTED_EDGE('',*,*,#2247,.F.);
#1428=ORIENTED_EDGE('',*,*,#2250,.F.);
#1429=ORIENTED_EDGE('',*,*,#2252,.F.);
#1430=ORIENTED_EDGE('',*,*,#2254,.F.);
#1431=ORIENTED_EDGE('',*,*,#2256,.F.);
#1432=ORIENTED_EDGE('',*,*,#2258,.F.);
#1433=ORIENTED_EDGE('',*,*,#2260,.F.);
#1434=ORIENTED_EDGE('',*,*,#2262,.F.);
#1435=ORIENTED_EDGE('',*,*,#2264,.F.);
#1436=ORIENTED_EDGE('',*,*,#2266,.F.);
#1437=ORIENTED_EDGE('',*,*,#2268,.F.);
#1438=ORIENTED_EDGE('',*,*,#2270,.F.);
#1439=ORIENTED_EDGE('',*,*,#2272,.F.);
#1440=ORIENTED_EDGE('',*,*,#2274,.F.);
#1441=ORIENTED_EDGE('',*,*,#2276,.F.);
#1442=ORIENTED_EDGE('',*,*,#2278,.F.);
#1443=ORIENTED_EDGE('',*,*,#2280,.F.);
#1444=ORIENTED_EDGE('',*,*,#2281,.F.);
#1445=ORIENTED_EDGE('',*,*,#2235,.F.);
#1446=ORIENTED_EDGE('',*,*,#2239,.F.);
#1447=ORIENTED_EDGE('',*,*,#2242,.F.);
#1448=ORIENTED_EDGE('',*,*,#2245,.F.);
#1449=ORIENTED_EDGE('',*,*,#2283,.F.);
#1450=ORIENTED_EDGE('',*,*,#1944,.F.);
#1451=ORIENTED_EDGE('',*,*,#2284,.F.);
#1452=ORIENTED_EDGE('',*,*,#2285,.T.);
#1453=ORIENTED_EDGE('',*,*,#2286,.T.);
#1454=ORIENTED_EDGE('',*,*,#1943,.F.);
#1455=ORIENTED_EDGE('',*,*,#2287,.F.);
#1456=ORIENTED_EDGE('',*,*,#2288,.T.);
#1457=ORIENTED_EDGE('',*,*,#2284,.T.);
#1458=ORIENTED_EDGE('',*,*,#1958,.F.);
#1459=ORIENTED_EDGE('',*,*,#2289,.F.);
#1460=ORIENTED_EDGE('',*,*,#2290,.T.);
#1461=ORIENTED_EDGE('',*,*,#2287,.T.);
#1462=ORIENTED_EDGE('',*,*,#1957,.F.);
#1463=ORIENTED_EDGE('',*,*,#2291,.F.);
#1464=ORIENTED_EDGE('',*,*,#2292,.T.);
#1465=ORIENTED_EDGE('',*,*,#2289,.T.);
#1466=ORIENTED_EDGE('',*,*,#1956,.F.);
#1467=ORIENTED_EDGE('',*,*,#2293,.F.);
#1468=ORIENTED_EDGE('',*,*,#2294,.T.);
#1469=ORIENTED_EDGE('',*,*,#2291,.T.);
#1470=ORIENTED_EDGE('',*,*,#1955,.F.);
#1471=ORIENTED_EDGE('',*,*,#2295,.F.);
#1472=ORIENTED_EDGE('',*,*,#2296,.T.);
#1473=ORIENTED_EDGE('',*,*,#2293,.T.);
#1474=ORIENTED_EDGE('',*,*,#1954,.F.);
#1475=ORIENTED_EDGE('',*,*,#2297,.F.);
#1476=ORIENTED_EDGE('',*,*,#2298,.T.);
#1477=ORIENTED_EDGE('',*,*,#2295,.T.);
#1478=ORIENTED_EDGE('',*,*,#1953,.F.);
#1479=ORIENTED_EDGE('',*,*,#2299,.F.);
#1480=ORIENTED_EDGE('',*,*,#2300,.T.);
#1481=ORIENTED_EDGE('',*,*,#2297,.T.);
#1482=ORIENTED_EDGE('',*,*,#1952,.F.);
#1483=ORIENTED_EDGE('',*,*,#2301,.F.);
#1484=ORIENTED_EDGE('',*,*,#2302,.T.);
#1485=ORIENTED_EDGE('',*,*,#2299,.T.);
#1486=ORIENTED_EDGE('',*,*,#1951,.F.);
#1487=ORIENTED_EDGE('',*,*,#2303,.F.);
#1488=ORIENTED_EDGE('',*,*,#2304,.T.);
#1489=ORIENTED_EDGE('',*,*,#2301,.T.);
#1490=ORIENTED_EDGE('',*,*,#1950,.F.);
#1491=ORIENTED_EDGE('',*,*,#2305,.F.);
#1492=ORIENTED_EDGE('',*,*,#2306,.T.);
#1493=ORIENTED_EDGE('',*,*,#2303,.T.);
#1494=ORIENTED_EDGE('',*,*,#1949,.F.);
#1495=ORIENTED_EDGE('',*,*,#2307,.F.);
#1496=ORIENTED_EDGE('',*,*,#2308,.T.);
#1497=ORIENTED_EDGE('',*,*,#2305,.T.);
#1498=ORIENTED_EDGE('',*,*,#1948,.F.);
#1499=ORIENTED_EDGE('',*,*,#2309,.F.);
#1500=ORIENTED_EDGE('',*,*,#2310,.T.);
#1501=ORIENTED_EDGE('',*,*,#2307,.T.);
#1502=ORIENTED_EDGE('',*,*,#1947,.F.);
#1503=ORIENTED_EDGE('',*,*,#2311,.F.);
#1504=ORIENTED_EDGE('',*,*,#2312,.T.);
#1505=ORIENTED_EDGE('',*,*,#2309,.T.);
#1506=ORIENTED_EDGE('',*,*,#1946,.F.);
#1507=ORIENTED_EDGE('',*,*,#2313,.F.);
#1508=ORIENTED_EDGE('',*,*,#2314,.T.);
#1509=ORIENTED_EDGE('',*,*,#2311,.T.);
#1510=ORIENTED_EDGE('',*,*,#1945,.F.);
#1511=ORIENTED_EDGE('',*,*,#2286,.F.);
#1512=ORIENTED_EDGE('',*,*,#2315,.T.);
#1513=ORIENTED_EDGE('',*,*,#2313,.T.);
#1514=ORIENTED_EDGE('',*,*,#2285,.F.);
#1515=ORIENTED_EDGE('',*,*,#2288,.F.);
#1516=ORIENTED_EDGE('',*,*,#2290,.F.);
#1517=ORIENTED_EDGE('',*,*,#2292,.F.);
#1518=ORIENTED_EDGE('',*,*,#2294,.F.);
#1519=ORIENTED_EDGE('',*,*,#2296,.F.);
#1520=ORIENTED_EDGE('',*,*,#2298,.F.);
#1521=ORIENTED_EDGE('',*,*,#2300,.F.);
#1522=ORIENTED_EDGE('',*,*,#2302,.F.);
#1523=ORIENTED_EDGE('',*,*,#2304,.F.);
#1524=ORIENTED_EDGE('',*,*,#2306,.F.);
#1525=ORIENTED_EDGE('',*,*,#2308,.F.);
#1526=ORIENTED_EDGE('',*,*,#2310,.F.);
#1527=ORIENTED_EDGE('',*,*,#2312,.F.);
#1528=ORIENTED_EDGE('',*,*,#2314,.F.);
#1529=ORIENTED_EDGE('',*,*,#2315,.F.);
#1530=ORIENTED_EDGE('',*,*,#1928,.F.);
#1531=ORIENTED_EDGE('',*,*,#2316,.F.);
#1532=ORIENTED_EDGE('',*,*,#2317,.T.);
#1533=ORIENTED_EDGE('',*,*,#2318,.T.);
#1534=ORIENTED_EDGE('',*,*,#1927,.F.);
#1535=ORIENTED_EDGE('',*,*,#2319,.F.);
#1536=ORIENTED_EDGE('',*,*,#2320,.T.);
#1537=ORIENTED_EDGE('',*,*,#2316,.T.);
#1538=ORIENTED_EDGE('',*,*,#1942,.F.);
#1539=ORIENTED_EDGE('',*,*,#2321,.F.);
#1540=ORIENTED_EDGE('',*,*,#2322,.T.);
#1541=ORIENTED_EDGE('',*,*,#2319,.T.);
#1542=ORIENTED_EDGE('',*,*,#1941,.F.);
#1543=ORIENTED_EDGE('',*,*,#2323,.F.);
#1544=ORIENTED_EDGE('',*,*,#2324,.T.);
#1545=ORIENTED_EDGE('',*,*,#2321,.T.);
#1546=ORIENTED_EDGE('',*,*,#1940,.F.);
#1547=ORIENTED_EDGE('',*,*,#2325,.F.);
#1548=ORIENTED_EDGE('',*,*,#2326,.T.);
#1549=ORIENTED_EDGE('',*,*,#2323,.T.);
#1550=ORIENTED_EDGE('',*,*,#1939,.F.);
#1551=ORIENTED_EDGE('',*,*,#2327,.F.);
#1552=ORIENTED_EDGE('',*,*,#2328,.T.);
#1553=ORIENTED_EDGE('',*,*,#2325,.T.);
#1554=ORIENTED_EDGE('',*,*,#1938,.F.);
#1555=ORIENTED_EDGE('',*,*,#2329,.F.);
#1556=ORIENTED_EDGE('',*,*,#2330,.T.);
#1557=ORIENTED_EDGE('',*,*,#2327,.T.);
#1558=ORIENTED_EDGE('',*,*,#1937,.F.);
#1559=ORIENTED_EDGE('',*,*,#2331,.F.);
#1560=ORIENTED_EDGE('',*,*,#2332,.T.);
#1561=ORIENTED_EDGE('',*,*,#2329,.T.);
#1562=ORIENTED_EDGE('',*,*,#1936,.F.);
#1563=ORIENTED_EDGE('',*,*,#2333,.F.);
#1564=ORIENTED_EDGE('',*,*,#2334,.T.);
#1565=ORIENTED_EDGE('',*,*,#2331,.T.);
#1566=ORIENTED_EDGE('',*,*,#1935,.F.);
#1567=ORIENTED_EDGE('',*,*,#2335,.F.);
#1568=ORIENTED_EDGE('',*,*,#2336,.T.);
#1569=ORIENTED_EDGE('',*,*,#2333,.T.);
#1570=ORIENTED_EDGE('',*,*,#1934,.F.);
#1571=ORIENTED_EDGE('',*,*,#2337,.F.);
#1572=ORIENTED_EDGE('',*,*,#2338,.T.);
#1573=ORIENTED_EDGE('',*,*,#2335,.T.);
#1574=ORIENTED_EDGE('',*,*,#1933,.F.);
#1575=ORIENTED_EDGE('',*,*,#2339,.F.);
#1576=ORIENTED_EDGE('',*,*,#2340,.T.);
#1577=ORIENTED_EDGE('',*,*,#2337,.T.);
#1578=ORIENTED_EDGE('',*,*,#1932,.F.);
#1579=ORIENTED_EDGE('',*,*,#2341,.F.);
#1580=ORIENTED_EDGE('',*,*,#2342,.T.);
#1581=ORIENTED_EDGE('',*,*,#2339,.T.);
#1582=ORIENTED_EDGE('',*,*,#1931,.F.);
#1583=ORIENTED_EDGE('',*,*,#2343,.F.);
#1584=ORIENTED_EDGE('',*,*,#2344,.T.);
#1585=ORIENTED_EDGE('',*,*,#2341,.T.);
#1586=ORIENTED_EDGE('',*,*,#1930,.F.);
#1587=ORIENTED_EDGE('',*,*,#2345,.F.);
#1588=ORIENTED_EDGE('',*,*,#2346,.T.);
#1589=ORIENTED_EDGE('',*,*,#2343,.T.);
#1590=ORIENTED_EDGE('',*,*,#1929,.F.);
#1591=ORIENTED_EDGE('',*,*,#2318,.F.);
#1592=ORIENTED_EDGE('',*,*,#2347,.T.);
#1593=ORIENTED_EDGE('',*,*,#2345,.T.);
#1594=ORIENTED_EDGE('',*,*,#2317,.F.);
#1595=ORIENTED_EDGE('',*,*,#2320,.F.);
#1596=ORIENTED_EDGE('',*,*,#2322,.F.);
#1597=ORIENTED_EDGE('',*,*,#2324,.F.);
#1598=ORIENTED_EDGE('',*,*,#2326,.F.);
#1599=ORIENTED_EDGE('',*,*,#2328,.F.);
#1600=ORIENTED_EDGE('',*,*,#2330,.F.);
#1601=ORIENTED_EDGE('',*,*,#2332,.F.);
#1602=ORIENTED_EDGE('',*,*,#2334,.F.);
#1603=ORIENTED_EDGE('',*,*,#2336,.F.);
#1604=ORIENTED_EDGE('',*,*,#2338,.F.);
#1605=ORIENTED_EDGE('',*,*,#2340,.F.);
#1606=ORIENTED_EDGE('',*,*,#2342,.F.);
#1607=ORIENTED_EDGE('',*,*,#2344,.F.);
#1608=ORIENTED_EDGE('',*,*,#2346,.F.);
#1609=ORIENTED_EDGE('',*,*,#2347,.F.);
#1610=ORIENTED_EDGE('',*,*,#2348,.F.);
#1611=ORIENTED_EDGE('',*,*,#2349,.F.);
#1612=ORIENTED_EDGE('',*,*,#2350,.T.);
#1613=ORIENTED_EDGE('',*,*,#2351,.T.);
#1614=ORIENTED_EDGE('',*,*,#2352,.F.);
#1615=ORIENTED_EDGE('',*,*,#2353,.F.);
#1616=ORIENTED_EDGE('',*,*,#2354,.T.);
#1617=ORIENTED_EDGE('',*,*,#2349,.T.);
#1618=ORIENTED_EDGE('',*,*,#2355,.F.);
#1619=ORIENTED_EDGE('',*,*,#2356,.F.);
#1620=ORIENTED_EDGE('',*,*,#2357,.T.);
#1621=ORIENTED_EDGE('',*,*,#2353,.T.);
#1622=ORIENTED_EDGE('',*,*,#2358,.F.);
#1623=ORIENTED_EDGE('',*,*,#2359,.F.);
#1624=ORIENTED_EDGE('',*,*,#2360,.T.);
#1625=ORIENTED_EDGE('',*,*,#2356,.T.);
#1626=ORIENTED_EDGE('',*,*,#2361,.F.);
#1627=ORIENTED_EDGE('',*,*,#2362,.F.);
#1628=ORIENTED_EDGE('',*,*,#2363,.T.);
#1629=ORIENTED_EDGE('',*,*,#2359,.T.);
#1630=ORIENTED_EDGE('',*,*,#2364,.F.);
#1631=ORIENTED_EDGE('',*,*,#2365,.F.);
#1632=ORIENTED_EDGE('',*,*,#2366,.T.);
#1633=ORIENTED_EDGE('',*,*,#2362,.T.);
#1634=ORIENTED_EDGE('',*,*,#2367,.F.);
#1635=ORIENTED_EDGE('',*,*,#2368,.F.);
#1636=ORIENTED_EDGE('',*,*,#2369,.T.);
#1637=ORIENTED_EDGE('',*,*,#2365,.T.);
#1638=ORIENTED_EDGE('',*,*,#2370,.F.);
#1639=ORIENTED_EDGE('',*,*,#2371,.F.);
#1640=ORIENTED_EDGE('',*,*,#2372,.T.);
#1641=ORIENTED_EDGE('',*,*,#2368,.T.);
#1642=ORIENTED_EDGE('',*,*,#2373,.F.);
#1643=ORIENTED_EDGE('',*,*,#2374,.F.);
#1644=ORIENTED_EDGE('',*,*,#2375,.T.);
#1645=ORIENTED_EDGE('',*,*,#2371,.T.);
#1646=ORIENTED_EDGE('',*,*,#2376,.F.);
#1647=ORIENTED_EDGE('',*,*,#2377,.F.);
#1648=ORIENTED_EDGE('',*,*,#2378,.T.);
#1649=ORIENTED_EDGE('',*,*,#2374,.T.);
#1650=ORIENTED_EDGE('',*,*,#2379,.F.);
#1651=ORIENTED_EDGE('',*,*,#2380,.F.);
#1652=ORIENTED_EDGE('',*,*,#2381,.T.);
#1653=ORIENTED_EDGE('',*,*,#2377,.T.);
#1654=ORIENTED_EDGE('',*,*,#2033,.F.);
#1655=ORIENTED_EDGE('',*,*,#2382,.F.);
#1656=ORIENTED_EDGE('',*,*,#2383,.T.);
#1657=ORIENTED_EDGE('',*,*,#2384,.T.);
#1658=ORIENTED_EDGE('',*,*,#2032,.F.);
#1659=ORIENTED_EDGE('',*,*,#2385,.F.);
#1660=ORIENTED_EDGE('',*,*,#2386,.T.);
#1661=ORIENTED_EDGE('',*,*,#2382,.T.);
#1662=ORIENTED_EDGE('',*,*,#2043,.F.);
#1663=ORIENTED_EDGE('',*,*,#2387,.F.);
#1664=ORIENTED_EDGE('',*,*,#2388,.T.);
#1665=ORIENTED_EDGE('',*,*,#2385,.T.);
#1666=ORIENTED_EDGE('',*,*,#2042,.F.);
#1667=ORIENTED_EDGE('',*,*,#2389,.F.);
#1668=ORIENTED_EDGE('',*,*,#2390,.T.);
#1669=ORIENTED_EDGE('',*,*,#2387,.T.);
#1670=ORIENTED_EDGE('',*,*,#2041,.F.);
#1671=ORIENTED_EDGE('',*,*,#2391,.F.);
#1672=ORIENTED_EDGE('',*,*,#2392,.T.);
#1673=ORIENTED_EDGE('',*,*,#2389,.T.);
#1674=ORIENTED_EDGE('',*,*,#2040,.F.);
#1675=ORIENTED_EDGE('',*,*,#2393,.F.);
#1676=ORIENTED_EDGE('',*,*,#2394,.T.);
#1677=ORIENTED_EDGE('',*,*,#2391,.T.);
#1678=ORIENTED_EDGE('',*,*,#2039,.F.);
#1679=ORIENTED_EDGE('',*,*,#2395,.F.);
#1680=ORIENTED_EDGE('',*,*,#2396,.T.);
#1681=ORIENTED_EDGE('',*,*,#2393,.T.);
#1682=ORIENTED_EDGE('',*,*,#2038,.F.);
#1683=ORIENTED_EDGE('',*,*,#2397,.F.);
#1684=ORIENTED_EDGE('',*,*,#2398,.T.);
#1685=ORIENTED_EDGE('',*,*,#2395,.T.);
#1686=ORIENTED_EDGE('',*,*,#2037,.F.);
#1687=ORIENTED_EDGE('',*,*,#2399,.F.);
#1688=ORIENTED_EDGE('',*,*,#2400,.T.);
#1689=ORIENTED_EDGE('',*,*,#2397,.T.);
#1690=ORIENTED_EDGE('',*,*,#2036,.F.);
#1691=ORIENTED_EDGE('',*,*,#2401,.F.);
#1692=ORIENTED_EDGE('',*,*,#2402,.T.);
#1693=ORIENTED_EDGE('',*,*,#2399,.T.);
#1694=ORIENTED_EDGE('',*,*,#2035,.F.);
#1695=ORIENTED_EDGE('',*,*,#2403,.F.);
#1696=ORIENTED_EDGE('',*,*,#2404,.T.);
#1697=ORIENTED_EDGE('',*,*,#2401,.T.);
#1698=ORIENTED_EDGE('',*,*,#2034,.F.);
#1699=ORIENTED_EDGE('',*,*,#2384,.F.);
#1700=ORIENTED_EDGE('',*,*,#2405,.T.);
#1701=ORIENTED_EDGE('',*,*,#2403,.T.);
#1702=ORIENTED_EDGE('',*,*,#2406,.F.);
#1703=ORIENTED_EDGE('',*,*,#2351,.F.);
#1704=ORIENTED_EDGE('',*,*,#2407,.T.);
#1705=ORIENTED_EDGE('',*,*,#2380,.T.);
#1706=ORIENTED_EDGE('',*,*,#2383,.F.);
#1707=ORIENTED_EDGE('',*,*,#2386,.F.);
#1708=ORIENTED_EDGE('',*,*,#2388,.F.);
#1709=ORIENTED_EDGE('',*,*,#2390,.F.);
#1710=ORIENTED_EDGE('',*,*,#2392,.F.);
#1711=ORIENTED_EDGE('',*,*,#2394,.F.);
#1712=ORIENTED_EDGE('',*,*,#2396,.F.);
#1713=ORIENTED_EDGE('',*,*,#2398,.F.);
#1714=ORIENTED_EDGE('',*,*,#2400,.F.);
#1715=ORIENTED_EDGE('',*,*,#2402,.F.);
#1716=ORIENTED_EDGE('',*,*,#2404,.F.);
#1717=ORIENTED_EDGE('',*,*,#2405,.F.);
#1718=ORIENTED_EDGE('',*,*,#2350,.F.);
#1719=ORIENTED_EDGE('',*,*,#2354,.F.);
#1720=ORIENTED_EDGE('',*,*,#2357,.F.);
#1721=ORIENTED_EDGE('',*,*,#2360,.F.);
#1722=ORIENTED_EDGE('',*,*,#2363,.F.);
#1723=ORIENTED_EDGE('',*,*,#2366,.F.);
#1724=ORIENTED_EDGE('',*,*,#2369,.F.);
#1725=ORIENTED_EDGE('',*,*,#2372,.F.);
#1726=ORIENTED_EDGE('',*,*,#2375,.F.);
#1727=ORIENTED_EDGE('',*,*,#2378,.F.);
#1728=ORIENTED_EDGE('',*,*,#2381,.F.);
#1729=ORIENTED_EDGE('',*,*,#2407,.F.);
#1730=ORIENTED_EDGE('',*,*,#2045,.F.);
#1731=ORIENTED_EDGE('',*,*,#2408,.F.);
#1732=ORIENTED_EDGE('',*,*,#2409,.T.);
#1733=ORIENTED_EDGE('',*,*,#2410,.T.);
#1734=ORIENTED_EDGE('',*,*,#2044,.F.);
#1735=ORIENTED_EDGE('',*,*,#2411,.F.);
#1736=ORIENTED_EDGE('',*,*,#2412,.T.);
#1737=ORIENTED_EDGE('',*,*,#2408,.T.);
#1738=ORIENTED_EDGE('',*,*,#2056,.F.);
#1739=ORIENTED_EDGE('',*,*,#2413,.F.);
#1740=ORIENTED_EDGE('',*,*,#2414,.T.);
#1741=ORIENTED_EDGE('',*,*,#2411,.T.);
#1742=ORIENTED_EDGE('',*,*,#2055,.F.);
#1743=ORIENTED_EDGE('',*,*,#2415,.F.);
#1744=ORIENTED_EDGE('',*,*,#2416,.T.);
#1745=ORIENTED_EDGE('',*,*,#2413,.T.);
#1746=ORIENTED_EDGE('',*,*,#2054,.F.);
#1747=ORIENTED_EDGE('',*,*,#2417,.F.);
#1748=ORIENTED_EDGE('',*,*,#2418,.T.);
#1749=ORIENTED_EDGE('',*,*,#2415,.T.);
#1750=ORIENTED_EDGE('',*,*,#2053,.F.);
#1751=ORIENTED_EDGE('',*,*,#2419,.F.);
#1752=ORIENTED_EDGE('',*,*,#2420,.T.);
#1753=ORIENTED_EDGE('',*,*,#2417,.T.);
#1754=ORIENTED_EDGE('',*,*,#2052,.F.);
#1755=ORIENTED_EDGE('',*,*,#2421,.F.);
#1756=ORIENTED_EDGE('',*,*,#2422,.T.);
#1757=ORIENTED_EDGE('',*,*,#2419,.T.);
#1758=ORIENTED_EDGE('',*,*,#2051,.F.);
#1759=ORIENTED_EDGE('',*,*,#2423,.F.);
#1760=ORIENTED_EDGE('',*,*,#2424,.T.);
#1761=ORIENTED_EDGE('',*,*,#2421,.T.);
#1762=ORIENTED_EDGE('',*,*,#2050,.F.);
#1763=ORIENTED_EDGE('',*,*,#2425,.F.);
#1764=ORIENTED_EDGE('',*,*,#2426,.T.);
#1765=ORIENTED_EDGE('',*,*,#2423,.T.);
#1766=ORIENTED_EDGE('',*,*,#2049,.F.);
#1767=ORIENTED_EDGE('',*,*,#2427,.F.);
#1768=ORIENTED_EDGE('',*,*,#2428,.T.);
#1769=ORIENTED_EDGE('',*,*,#2425,.T.);
#1770=ORIENTED_EDGE('',*,*,#2048,.F.);
#1771=ORIENTED_EDGE('',*,*,#2429,.F.);
#1772=ORIENTED_EDGE('',*,*,#2430,.T.);
#1773=ORIENTED_EDGE('',*,*,#2427,.T.);
#1774=ORIENTED_EDGE('',*,*,#2047,.F.);
#1775=ORIENTED_EDGE('',*,*,#2431,.F.);
#1776=ORIENTED_EDGE('',*,*,#2432,.T.);
#1777=ORIENTED_EDGE('',*,*,#2429,.T.);
#1778=ORIENTED_EDGE('',*,*,#2046,.F.);
#1779=ORIENTED_EDGE('',*,*,#2410,.F.);
#1780=ORIENTED_EDGE('',*,*,#2433,.T.);
#1781=ORIENTED_EDGE('',*,*,#2431,.T.);
#1782=ORIENTED_EDGE('',*,*,#2409,.F.);
#1783=ORIENTED_EDGE('',*,*,#2412,.F.);
#1784=ORIENTED_EDGE('',*,*,#2414,.F.);
#1785=ORIENTED_EDGE('',*,*,#2416,.F.);
#1786=ORIENTED_EDGE('',*,*,#2418,.F.);
#1787=ORIENTED_EDGE('',*,*,#2420,.F.);
#1788=ORIENTED_EDGE('',*,*,#2422,.F.);
#1789=ORIENTED_EDGE('',*,*,#2424,.F.);
#1790=ORIENTED_EDGE('',*,*,#2426,.F.);
#1791=ORIENTED_EDGE('',*,*,#2428,.F.);
#1792=ORIENTED_EDGE('',*,*,#2430,.F.);
#1793=ORIENTED_EDGE('',*,*,#2432,.F.);
#1794=ORIENTED_EDGE('',*,*,#2433,.F.);
#1795=ORIENTED_EDGE('',*,*,#2058,.F.);
#1796=ORIENTED_EDGE('',*,*,#2434,.F.);
#1797=ORIENTED_EDGE('',*,*,#2435,.T.);
#1798=ORIENTED_EDGE('',*,*,#2436,.T.);
#1799=ORIENTED_EDGE('',*,*,#2057,.F.);
#1800=ORIENTED_EDGE('',*,*,#2437,.F.);
#1801=ORIENTED_EDGE('',*,*,#2438,.T.);
#1802=ORIENTED_EDGE('',*,*,#2434,.T.);
#1803=ORIENTED_EDGE('',*,*,#2072,.F.);
#1804=ORIENTED_EDGE('',*,*,#2439,.F.);
#1805=ORIENTED_EDGE('',*,*,#2440,.T.);
#1806=ORIENTED_EDGE('',*,*,#2437,.T.);
#1807=ORIENTED_EDGE('',*,*,#2071,.F.);
#1808=ORIENTED_EDGE('',*,*,#2441,.F.);
#1809=ORIENTED_EDGE('',*,*,#2442,.T.);
#1810=ORIENTED_EDGE('',*,*,#2439,.T.);
#1811=ORIENTED_EDGE('',*,*,#2070,.F.);
#1812=ORIENTED_EDGE('',*,*,#2443,.F.);
#1813=ORIENTED_EDGE('',*,*,#2444,.T.);
#1814=ORIENTED_EDGE('',*,*,#2441,.T.);
#1815=ORIENTED_EDGE('',*,*,#2069,.F.);
#1816=ORIENTED_EDGE('',*,*,#2445,.F.);
#1817=ORIENTED_EDGE('',*,*,#2446,.T.);
#1818=ORIENTED_EDGE('',*,*,#2443,.T.);
#1819=ORIENTED_EDGE('',*,*,#2068,.F.);
#1820=ORIENTED_EDGE('',*,*,#2447,.F.);
#1821=ORIENTED_EDGE('',*,*,#2448,.T.);
#1822=ORIENTED_EDGE('',*,*,#2445,.T.);
#1823=ORIENTED_EDGE('',*,*,#2067,.F.);
#1824=ORIENTED_EDGE('',*,*,#2449,.F.);
#1825=ORIENTED_EDGE('',*,*,#2450,.T.);
#1826=ORIENTED_EDGE('',*,*,#2447,.T.);
#1827=ORIENTED_EDGE('',*,*,#2066,.F.);
#1828=ORIENTED_EDGE('',*,*,#2451,.F.);
#1829=ORIENTED_EDGE('',*,*,#2452,.T.);
#1830=ORIENTED_EDGE('',*,*,#2449,.T.);
#1831=ORIENTED_EDGE('',*,*,#2065,.F.);
#1832=ORIENTED_EDGE('',*,*,#2453,.F.);
#1833=ORIENTED_EDGE('',*,*,#2454,.T.);
#1834=ORIENTED_EDGE('',*,*,#2451,.T.);
#1835=ORIENTED_EDGE('',*,*,#2064,.F.);
#1836=ORIENTED_EDGE('',*,*,#2455,.F.);
#1837=ORIENTED_EDGE('',*,*,#2456,.T.);
#1838=ORIENTED_EDGE('',*,*,#2453,.T.);
#1839=ORIENTED_EDGE('',*,*,#2063,.F.);
#1840=ORIENTED_EDGE('',*,*,#2457,.F.);
#1841=ORIENTED_EDGE('',*,*,#2458,.T.);
#1842=ORIENTED_EDGE('',*,*,#2455,.T.);
#1843=ORIENTED_EDGE('',*,*,#2062,.F.);
#1844=ORIENTED_EDGE('',*,*,#2459,.F.);
#1845=ORIENTED_EDGE('',*,*,#2460,.T.);
#1846=ORIENTED_EDGE('',*,*,#2457,.T.);
#1847=ORIENTED_EDGE('',*,*,#2061,.F.);
#1848=ORIENTED_EDGE('',*,*,#2461,.F.);
#1849=ORIENTED_EDGE('',*,*,#2462,.T.);
#1850=ORIENTED_EDGE('',*,*,#2459,.T.);
#1851=ORIENTED_EDGE('',*,*,#2060,.F.);
#1852=ORIENTED_EDGE('',*,*,#2463,.F.);
#1853=ORIENTED_EDGE('',*,*,#2464,.T.);
#1854=ORIENTED_EDGE('',*,*,#2461,.T.);
#1855=ORIENTED_EDGE('',*,*,#2059,.F.);
#1856=ORIENTED_EDGE('',*,*,#2436,.F.);
#1857=ORIENTED_EDGE('',*,*,#2465,.T.);
#1858=ORIENTED_EDGE('',*,*,#2463,.T.);
#1859=ORIENTED_EDGE('',*,*,#2435,.F.);
#1860=ORIENTED_EDGE('',*,*,#2438,.F.);
#1861=ORIENTED_EDGE('',*,*,#2440,.F.);
#1862=ORIENTED_EDGE('',*,*,#2442,.F.);
#1863=ORIENTED_EDGE('',*,*,#2444,.F.);
#1864=ORIENTED_EDGE('',*,*,#2446,.F.);
#1865=ORIENTED_EDGE('',*,*,#2448,.F.);
#1866=ORIENTED_EDGE('',*,*,#2450,.F.);
#1867=ORIENTED_EDGE('',*,*,#2452,.F.);
#1868=ORIENTED_EDGE('',*,*,#2454,.F.);
#1869=ORIENTED_EDGE('',*,*,#2456,.F.);
#1870=ORIENTED_EDGE('',*,*,#2458,.F.);
#1871=ORIENTED_EDGE('',*,*,#2460,.F.);
#1872=ORIENTED_EDGE('',*,*,#2462,.F.);
#1873=ORIENTED_EDGE('',*,*,#2464,.F.);
#1874=ORIENTED_EDGE('',*,*,#2465,.F.);
#1875=ORIENTED_EDGE('',*,*,#2112,.T.);
#1876=ORIENTED_EDGE('',*,*,#2108,.T.);
#1877=ORIENTED_EDGE('',*,*,#2157,.T.);
#1878=ORIENTED_EDGE('',*,*,#2118,.T.);
#1879=ORIENTED_EDGE('',*,*,#2115,.T.);
#1880=ORIENTED_EDGE('',*,*,#2237,.T.);
#1881=ORIENTED_EDGE('',*,*,#2233,.T.);
#1882=ORIENTED_EDGE('',*,*,#2282,.T.);
#1883=ORIENTED_EDGE('',*,*,#2243,.T.);
#1884=ORIENTED_EDGE('',*,*,#2240,.T.);
#1885=ORIENTED_EDGE('',*,*,#2352,.T.);
#1886=ORIENTED_EDGE('',*,*,#2348,.T.);
#1887=ORIENTED_EDGE('',*,*,#2406,.T.);
#1888=ORIENTED_EDGE('',*,*,#2379,.T.);
#1889=ORIENTED_EDGE('',*,*,#2376,.T.);
#1890=ORIENTED_EDGE('',*,*,#2373,.T.);
#1891=ORIENTED_EDGE('',*,*,#2370,.T.);
#1892=ORIENTED_EDGE('',*,*,#2367,.T.);
#1893=ORIENTED_EDGE('',*,*,#2364,.T.);
#1894=ORIENTED_EDGE('',*,*,#2361,.T.);
#1895=ORIENTED_EDGE('',*,*,#2358,.T.);
#1896=ORIENTED_EDGE('',*,*,#2355,.T.);
#1897=ORIENTED_EDGE('',*,*,#2081,.T.);
#1898=ORIENTED_EDGE('',*,*,#2466,.T.);
#1899=ORIENTED_EDGE('',*,*,#2467,.T.);
#1900=ORIENTED_EDGE('',*,*,#2088,.F.);
#1901=ORIENTED_EDGE('',*,*,#2085,.F.);
#1902=ORIENTED_EDGE('',*,*,#2468,.T.);
#1903=ORIENTED_EDGE('',*,*,#2469,.T.);
#1904=ORIENTED_EDGE('',*,*,#2470,.T.);
#1905=ORIENTED_EDGE('',*,*,#2471,.T.);
#1906=ORIENTED_EDGE('',*,*,#2079,.F.);
#1907=ORIENTED_EDGE('',*,*,#2467,.F.);
#1908=ORIENTED_EDGE('',*,*,#2472,.T.);
#1909=ORIENTED_EDGE('',*,*,#2470,.F.);
#1910=ORIENTED_EDGE('',*,*,#2087,.F.);
#1911=ORIENTED_EDGE('',*,*,#2074,.F.);
#1912=ORIENTED_EDGE('',*,*,#2089,.F.);
#1913=ORIENTED_EDGE('',*,*,#2093,.F.);
#1914=ORIENTED_EDGE('',*,*,#2076,.F.);
#1915=ORIENTED_EDGE('',*,*,#2086,.F.);
#1916=ORIENTED_EDGE('',*,*,#2469,.F.);
#1917=ORIENTED_EDGE('',*,*,#2473,.T.);
#1918=ORIENTED_EDGE('',*,*,#2095,.F.);
#1919=ORIENTED_EDGE('',*,*,#2080,.F.);
#1920=ORIENTED_EDGE('',*,*,#2471,.F.);
#1921=ORIENTED_EDGE('',*,*,#2472,.F.);
#1922=ORIENTED_EDGE('',*,*,#2466,.F.);
#1923=ORIENTED_EDGE('',*,*,#2473,.F.);
#1924=ORIENTED_EDGE('',*,*,#2468,.F.);
#1925=ORIENTED_EDGE('',*,*,#2084,.F.);
#1926=ORIENTED_EDGE('',*,*,#2096,.F.);
#1927=EDGE_CURVE('',#2474,#2475,#2838,.T.);
#1928=EDGE_CURVE('',#2475,#2476,#735,.F.);
#1929=EDGE_CURVE('',#2476,#2477,#736,.F.);
#1930=EDGE_CURVE('',#2477,#2478,#2839,.T.);
#1931=EDGE_CURVE('',#2478,#2479,#145,.T.);
#1932=EDGE_CURVE('',#2479,#2480,#146,.T.);
#1933=EDGE_CURVE('',#2480,#2481,#147,.T.);
#1934=EDGE_CURVE('',#2481,#2482,#2840,.T.);
#1935=EDGE_CURVE('',#2482,#2483,#2841,.T.);
#1936=EDGE_CURVE('',#2483,#2484,#2842,.T.);
#1937=EDGE_CURVE('',#2484,#2485,#148,.T.);
#1938=EDGE_CURVE('',#2485,#2486,#149,.T.);
#1939=EDGE_CURVE('',#2486,#2487,#150,.T.);
#1940=EDGE_CURVE('',#2487,#2488,#151,.T.);
#1941=EDGE_CURVE('',#2488,#2489,#152,.T.);
#1942=EDGE_CURVE('',#2489,#2474,#737,.F.);
#1943=EDGE_CURVE('',#2490,#2491,#2843,.T.);
#1944=EDGE_CURVE('',#2491,#2492,#738,.F.);
#1945=EDGE_CURVE('',#2492,#2493,#739,.F.);
#1946=EDGE_CURVE('',#2493,#2494,#2844,.T.);
#1947=EDGE_CURVE('',#2494,#2495,#153,.T.);
#1948=EDGE_CURVE('',#2495,#2496,#154,.T.);
#1949=EDGE_CURVE('',#2496,#2497,#155,.T.);
#1950=EDGE_CURVE('',#2497,#2498,#2845,.T.);
#1951=EDGE_CURVE('',#2498,#2499,#2846,.T.);
#1952=EDGE_CURVE('',#2499,#2500,#2847,.T.);
#1953=EDGE_CURVE('',#2500,#2501,#156,.T.);
#1954=EDGE_CURVE('',#2501,#2502,#157,.T.);
#1955=EDGE_CURVE('',#2502,#2503,#158,.T.);
#1956=EDGE_CURVE('',#2503,#2504,#159,.T.);
#1957=EDGE_CURVE('',#2504,#2505,#160,.T.);
#1958=EDGE_CURVE('',#2505,#2490,#740,.F.);
#1959=EDGE_CURVE('',#2506,#2507,#2848,.T.);
#1960=EDGE_CURVE('',#2507,#2508,#741,.F.);
#1961=EDGE_CURVE('',#2508,#2509,#742,.F.);
#1962=EDGE_CURVE('',#2509,#2510,#743,.F.);
#1963=EDGE_CURVE('',#2510,#2511,#744,.F.);
#1964=EDGE_CURVE('',#2511,#2512,#161,.T.);
#1965=EDGE_CURVE('',#2512,#2513,#2849,.T.);
#1966=EDGE_CURVE('',#2513,#2514,#2850,.T.);
#1967=EDGE_CURVE('',#2514,#2515,#2851,.T.);
#1968=EDGE_CURVE('',#2515,#2516,#745,.T.);
#1969=EDGE_CURVE('',#2516,#2517,#162,.T.);
#1970=EDGE_CURVE('',#2517,#2518,#746,.F.);
#1971=EDGE_CURVE('',#2518,#2519,#2852,.T.);
#1972=EDGE_CURVE('',#2519,#2520,#2853,.T.);
#1973=EDGE_CURVE('',#2520,#2521,#747,.F.);
#1974=EDGE_CURVE('',#2521,#2522,#2854,.T.);
#1975=EDGE_CURVE('',#2522,#2523,#2855,.T.);
#1976=EDGE_CURVE('',#2523,#2506,#748,.F.);
#1977=EDGE_CURVE('',#2524,#2525,#2856,.T.);
#1978=EDGE_CURVE('',#2525,#2526,#749,.F.);
#1979=EDGE_CURVE('',#2526,#2527,#750,.F.);
#1980=EDGE_CURVE('',#2527,#2528,#751,.F.);
#1981=EDGE_CURVE('',#2528,#2529,#752,.F.);
#1982=EDGE_CURVE('',#2529,#2530,#163,.T.);
#1983=EDGE_CURVE('',#2530,#2531,#2857,.T.);
#1984=EDGE_CURVE('',#2531,#2532,#2858,.T.);
#1985=EDGE_CURVE('',#2532,#2533,#2859,.T.);
#1986=EDGE_CURVE('',#2533,#2534,#753,.T.);
#1987=EDGE_CURVE('',#2534,#2535,#164,.T.);
#1988=EDGE_CURVE('',#2535,#2536,#754,.F.);
#1989=EDGE_CURVE('',#2536,#2537,#2860,.T.);
#1990=EDGE_CURVE('',#2537,#2538,#2861,.T.);
#1991=EDGE_CURVE('',#2538,#2539,#755,.F.);
#1992=EDGE_CURVE('',#2539,#2540,#2862,.T.);
#1993=EDGE_CURVE('',#2540,#2541,#2863,.T.);
#1994=EDGE_CURVE('',#2541,#2524,#756,.F.);
#1995=EDGE_CURVE('',#2542,#2543,#757,.F.);
#1996=EDGE_CURVE('',#2543,#2544,#758,.F.);
#1997=EDGE_CURVE('',#2544,#2545,#165,.T.);
#1998=EDGE_CURVE('',#2545,#2546,#759,.T.);
#1999=EDGE_CURVE('',#2546,#2547,#760,.T.);
#2000=EDGE_CURVE('',#2547,#2548,#2864,.T.);
#2001=EDGE_CURVE('',#2548,#2549,#2865,.T.);
#2002=EDGE_CURVE('',#2549,#2550,#166,.T.);
#2003=EDGE_CURVE('',#2550,#2551,#167,.T.);
#2004=EDGE_CURVE('',#2551,#2552,#168,.T.);
#2005=EDGE_CURVE('',#2552,#2553,#169,.T.);
#2006=EDGE_CURVE('',#2553,#2554,#170,.T.);
#2007=EDGE_CURVE('',#2554,#2542,#2866,.T.);
#2008=EDGE_CURVE('',#2555,#2556,#2867,.T.);
#2009=EDGE_CURVE('',#2556,#2557,#2868,.T.);
#2010=EDGE_CURVE('',#2557,#2558,#2869,.T.);
#2011=EDGE_CURVE('',#2558,#2559,#2870,.T.);
#2012=EDGE_CURVE('',#2559,#2560,#2871,.T.);
#2013=EDGE_CURVE('',#2560,#2561,#2872,.T.);
#2014=EDGE_CURVE('',#2561,#2562,#2873,.T.);
#2015=EDGE_CURVE('',#2562,#2563,#2874,.T.);
#2016=EDGE_CURVE('',#2563,#2564,#2875,.T.);
#2017=EDGE_CURVE('',#2564,#2565,#171,.T.);
#2018=EDGE_CURVE('',#2565,#2566,#2876,.T.);
#2019=EDGE_CURVE('',#2566,#2567,#2877,.T.);
#2020=EDGE_CURVE('',#2567,#2568,#2878,.T.);
#2021=EDGE_CURVE('',#2568,#2569,#2879,.T.);
#2022=EDGE_CURVE('',#2569,#2570,#2880,.T.);
#2023=EDGE_CURVE('',#2570,#2571,#761,.T.);
#2024=EDGE_CURVE('',#2571,#2572,#2881,.T.);
#2025=EDGE_CURVE('',#2572,#2573,#2882,.T.);
#2026=EDGE_CURVE('',#2573,#2574,#172,.T.);
#2027=EDGE_CURVE('',#2574,#2575,#173,.T.);
#2028=EDGE_CURVE('',#2575,#2576,#174,.T.);
#2029=EDGE_CURVE('',#2576,#2577,#175,.T.);
#2030=EDGE_CURVE('',#2577,#2578,#2883,.T.);
#2031=EDGE_CURVE('',#2578,#2555,#2884,.T.);
#2032=EDGE_CURVE('',#2579,#2580,#2885,.T.);
#2033=EDGE_CURVE('',#2580,#2581,#2886,.T.);
#2034=EDGE_CURVE('',#2581,#2582,#762,.F.);
#2035=EDGE_CURVE('',#2582,#2583,#2887,.T.);
#2036=EDGE_CURVE('',#2583,#2584,#2888,.T.);
#2037=EDGE_CURVE('',#2584,#2585,#763,.F.);
#2038=EDGE_CURVE('',#2585,#2586,#2889,.T.);
#2039=EDGE_CURVE('',#2586,#2587,#2890,.T.);
#2040=EDGE_CURVE('',#2587,#2588,#764,.F.);
#2041=EDGE_CURVE('',#2588,#2589,#2891,.T.);
#2042=EDGE_CURVE('',#2589,#2590,#2892,.T.);
#2043=EDGE_CURVE('',#2590,#2579,#765,.F.);
#2044=EDGE_CURVE('',#2591,#2592,#766,.F.);
#2045=EDGE_CURVE('',#2592,#2593,#767,.F.);
#2046=EDGE_CURVE('',#2593,#2594,#176,.T.);
#2047=EDGE_CURVE('',#2594,#2595,#768,.T.);
#2048=EDGE_CURVE('',#2595,#2596,#769,.T.);
#2049=EDGE_CURVE('',#2596,#2597,#2893,.T.);
#2050=EDGE_CURVE('',#2597,#2598,#2894,.T.);
#2051=EDGE_CURVE('',#2598,#2599,#177,.T.);
#2052=EDGE_CURVE('',#2599,#2600,#178,.T.);
#2053=EDGE_CURVE('',#2600,#2601,#179,.T.);
#2054=EDGE_CURVE('',#2601,#2602,#180,.T.);
#2055=EDGE_CURVE('',#2602,#2603,#181,.T.);
#2056=EDGE_CURVE('',#2603,#2591,#2895,.T.);
#2057=EDGE_CURVE('',#2604,#2605,#2896,.T.);
#2058=EDGE_CURVE('',#2605,#2606,#770,.F.);
#2059=EDGE_CURVE('',#2606,#2607,#771,.F.);
#2060=EDGE_CURVE('',#2607,#2608,#2897,.T.);
#2061=EDGE_CURVE('',#2608,#2609,#182,.T.);
#2062=EDGE_CURVE('',#2609,#2610,#183,.T.);
#2063=EDGE_CURVE('',#2610,#2611,#184,.T.);
#2064=EDGE_CURVE('',#2611,#2612,#2898,.T.);
#2065=EDGE_CURVE('',#2612,#2613,#2899,.T.);
#2066=EDGE_CURVE('',#2613,#2614,#2900,.T.);
#2067=EDGE_CURVE('',#2614,#2615,#185,.T.);
#2068=EDGE_CURVE('',#2615,#2616,#186,.T.);
#2069=EDGE_CURVE('',#2616,#2617,#187,.T.);
#2070=EDGE_CURVE('',#2617,#2618,#188,.T.);
#2071=EDGE_CURVE('',#2618,#2619,#189,.T.);
#2072=EDGE_CURVE('',#2619,#2604,#772,.F.);
#2073=EDGE_CURVE('',#2620,#2621,#190,.T.);
#2074=EDGE_CURVE('',#2620,#2622,#191,.T.);
#2075=EDGE_CURVE('',#2622,#2623,#192,.T.);
#2076=EDGE_CURVE('',#2623,#2624,#193,.F.);
#2077=EDGE_CURVE('',#2625,#2624,#194,.T.);
#2078=EDGE_CURVE('',#2621,#2625,#195,.T.);
#2079=EDGE_CURVE('',#2626,#2627,#196,.T.);
#2080=EDGE_CURVE('',#2627,#2628,#137,.T.);
#2081=EDGE_CURVE('',#2629,#2628,#197,.T.);
#2082=EDGE_CURVE('',#2629,#2630,#198,.T.);
#2083=EDGE_CURVE('',#2631,#2630,#199,.T.);
#2084=EDGE_CURVE('',#2631,#2632,#138,.T.);
#2085=EDGE_CURVE('',#2632,#2633,#200,.T.);
#2086=EDGE_CURVE('',#2633,#2623,#139,.T.);
#2087=EDGE_CURVE('',#2622,#2626,#140,.T.);
#2088=EDGE_CURVE('',#2629,#2634,#201,.T.);
#2089=EDGE_CURVE('',#2634,#2620,#141,.F.);
#2090=EDGE_CURVE('',#2621,#2635,#202,.T.);
#2091=EDGE_CURVE('',#2635,#2636,#203,.T.);
#2092=EDGE_CURVE('',#2625,#2636,#204,.T.);
#2093=EDGE_CURVE('',#2624,#2637,#142,.F.);
#2094=EDGE_CURVE('',#2637,#2630,#205,.T.);
#2095=EDGE_CURVE('',#2637,#2638,#143,.F.);
#2096=EDGE_CURVE('',#2638,#2631,#206,.T.);
#2097=EDGE_CURVE('',#2639,#2621,#207,.T.);
#2098=EDGE_CURVE('',#2640,#2625,#208,.T.);
#2099=EDGE_CURVE('',#2639,#2640,#209,.T.);
#2100=EDGE_CURVE('',#2636,#2641,#210,.T.);
#2101=EDGE_CURVE('',#2642,#2641,#211,.T.);
#2102=EDGE_CURVE('',#2640,#2642,#212,.T.);
#2103=EDGE_CURVE('',#2641,#2643,#213,.T.);
#2104=EDGE_CURVE('',#2644,#2643,#214,.T.);
#2105=EDGE_CURVE('',#2642,#2644,#215,.T.);
#2106=EDGE_CURVE('',#2643,#2635,#216,.T.);
#2107=EDGE_CURVE('',#2644,#2639,#217,.T.);
#2108=EDGE_CURVE('',#2645,#2646,#2901,.T.);
#2109=EDGE_CURVE('',#2647,#2645,#218,.T.);
#2110=EDGE_CURVE('',#2647,#2648,#2902,.T.);
#2111=EDGE_CURVE('',#2648,#2646,#219,.T.);
#2112=EDGE_CURVE('',#2649,#2645,#220,.T.);
#2113=EDGE_CURVE('',#2650,#2649,#221,.T.);
#2114=EDGE_CURVE('',#2650,#2647,#222,.T.);
#2115=EDGE_CURVE('',#2651,#2649,#2903,.T.);
#2116=EDGE_CURVE('',#2652,#2651,#223,.T.);
#2117=EDGE_CURVE('',#2652,#2650,#2904,.T.);
#2118=EDGE_CURVE('',#2653,#2651,#2905,.T.);
#2119=EDGE_CURVE('',#2654,#2653,#224,.T.);
#2120=EDGE_CURVE('',#2654,#2652,#2906,.T.);
#2121=EDGE_CURVE('',#2655,#2525,#225,.T.);
#2122=EDGE_CURVE('',#2655,#2656,#773,.F.);
#2123=EDGE_CURVE('',#2656,#2526,#226,.T.);
#2124=EDGE_CURVE('',#2657,#2524,#227,.T.);
#2125=EDGE_CURVE('',#2657,#2655,#2907,.T.);
#2126=EDGE_CURVE('',#2658,#2541,#228,.T.);
#2127=EDGE_CURVE('',#2658,#2657,#774,.F.);
#2128=EDGE_CURVE('',#2659,#2540,#229,.T.);
#2129=EDGE_CURVE('',#2659,#2658,#2908,.T.);
#2130=EDGE_CURVE('',#2660,#2539,#230,.T.);
#2131=EDGE_CURVE('',#2660,#2659,#2909,.T.);
#2132=EDGE_CURVE('',#2661,#2538,#231,.T.);
#2133=EDGE_CURVE('',#2661,#2660,#775,.F.);
#2134=EDGE_CURVE('',#2662,#2537,#232,.T.);
#2135=EDGE_CURVE('',#2662,#2661,#2910,.T.);
#2136=EDGE_CURVE('',#2663,#2536,#233,.T.);
#2137=EDGE_CURVE('',#2663,#2662,#2911,.T.);
#2138=EDGE_CURVE('',#2664,#2535,#234,.T.);
#2139=EDGE_CURVE('',#2664,#2663,#776,.F.);
#2140=EDGE_CURVE('',#2665,#2534,#235,.T.);
#2141=EDGE_CURVE('',#2665,#2664,#236,.T.);
#2142=EDGE_CURVE('',#2666,#2533,#237,.T.);
#2143=EDGE_CURVE('',#2666,#2665,#777,.T.);
#2144=EDGE_CURVE('',#2667,#2532,#238,.T.);
#2145=EDGE_CURVE('',#2667,#2666,#2912,.T.);
#2146=EDGE_CURVE('',#2668,#2531,#239,.T.);
#2147=EDGE_CURVE('',#2668,#2667,#2913,.T.);
#2148=EDGE_CURVE('',#2669,#2530,#240,.T.);
#2149=EDGE_CURVE('',#2669,#2668,#2914,.T.);
#2150=EDGE_CURVE('',#2670,#2529,#241,.T.);
#2151=EDGE_CURVE('',#2670,#2669,#242,.T.);
#2152=EDGE_CURVE('',#2671,#2528,#243,.T.);
#2153=EDGE_CURVE('',#2671,#2670,#778,.F.);
#2154=EDGE_CURVE('',#2672,#2527,#244,.T.);
#2155=EDGE_CURVE('',#2672,#2671,#779,.F.);
#2156=EDGE_CURVE('',#2656,#2672,#780,.F.);
#2157=EDGE_CURVE('',#2646,#2653,#2915,.T.);
#2158=EDGE_CURVE('',#2648,#2654,#2916,.T.);
#2159=EDGE_CURVE('',#2673,#2543,#245,.T.);
#2160=EDGE_CURVE('',#2673,#2674,#781,.F.);
#2161=EDGE_CURVE('',#2674,#2544,#246,.T.);
#2162=EDGE_CURVE('',#2675,#2542,#247,.T.);
#2163=EDGE_CURVE('',#2675,#2673,#782,.F.);
#2164=EDGE_CURVE('',#2676,#2554,#248,.T.);
#2165=EDGE_CURVE('',#2676,#2675,#2917,.T.);
#2166=EDGE_CURVE('',#2677,#2553,#249,.T.);
#2167=EDGE_CURVE('',#2677,#2676,#250,.T.);
#2168=EDGE_CURVE('',#2678,#2552,#251,.T.);
#2169=EDGE_CURVE('',#2678,#2677,#252,.T.);
#2170=EDGE_CURVE('',#2679,#2551,#253,.T.);
#2171=EDGE_CURVE('',#2679,#2678,#254,.T.);
#2172=EDGE_CURVE('',#2680,#2550,#255,.T.);
#2173=EDGE_CURVE('',#2680,#2679,#256,.T.);
#2174=EDGE_CURVE('',#2681,#2549,#257,.T.);
#2175=EDGE_CURVE('',#2681,#2680,#258,.T.);
#2176=EDGE_CURVE('',#2682,#2548,#259,.T.);
#2177=EDGE_CURVE('',#2682,#2681,#2918,.T.);
#2178=EDGE_CURVE('',#2683,#2547,#260,.T.);
#2179=EDGE_CURVE('',#2683,#2682,#2919,.T.);
#2180=EDGE_CURVE('',#2684,#2546,#261,.T.);
#2181=EDGE_CURVE('',#2684,#2683,#783,.T.);
#2182=EDGE_CURVE('',#2685,#2545,#262,.T.);
#2183=EDGE_CURVE('',#2685,#2684,#784,.T.);
#2184=EDGE_CURVE('',#2674,#2685,#263,.T.);
#2185=EDGE_CURVE('',#2686,#2556,#264,.T.);
#2186=EDGE_CURVE('',#2686,#2687,#2920,.T.);
#2187=EDGE_CURVE('',#2687,#2557,#265,.T.);
#2188=EDGE_CURVE('',#2688,#2555,#266,.T.);
#2189=EDGE_CURVE('',#2688,#2686,#2921,.T.);
#2190=EDGE_CURVE('',#2689,#2578,#267,.T.);
#2191=EDGE_CURVE('',#2689,#2688,#2922,.T.);
#2192=EDGE_CURVE('',#2690,#2577,#268,.T.);
#2193=EDGE_CURVE('',#2690,#2689,#2923,.T.);
#2194=EDGE_CURVE('',#2691,#2576,#269,.T.);
#2195=EDGE_CURVE('',#2691,#2690,#270,.T.);
#2196=EDGE_CURVE('',#2692,#2575,#271,.T.);
#2197=EDGE_CURVE('',#2692,#2691,#272,.T.);
#2198=EDGE_CURVE('',#2693,#2574,#273,.T.);
#2199=EDGE_CURVE('',#2693,#2692,#274,.T.);
#2200=EDGE_CURVE('',#2694,#2573,#275,.T.);
#2201=EDGE_CURVE('',#2694,#2693,#276,.T.);
#2202=EDGE_CURVE('',#2695,#2572,#277,.T.);
#2203=EDGE_CURVE('',#2695,#2694,#2924,.T.);
#2204=EDGE_CURVE('',#2696,#2571,#278,.T.);
#2205=EDGE_CURVE('',#2696,#2695,#2925,.T.);
#2206=EDGE_CURVE('',#2697,#2570,#279,.T.);
#2207=EDGE_CURVE('',#2697,#2696,#785,.T.);
#2208=EDGE_CURVE('',#2698,#2569,#280,.T.);
#2209=EDGE_CURVE('',#2698,#2697,#2926,.T.);
#2210=EDGE_CURVE('',#2699,#2568,#281,.T.);
#2211=EDGE_CURVE('',#2699,#2698,#2927,.T.);
#2212=EDGE_CURVE('',#2700,#2567,#282,.T.);
#2213=EDGE_CURVE('',#2700,#2699,#2928,.T.);
#2214=EDGE_CURVE('',#2701,#2566,#283,.T.);
#2215=EDGE_CURVE('',#2701,#2700,#2929,.T.);
#2216=EDGE_CURVE('',#2702,#2565,#284,.T.);
#2217=EDGE_CURVE('',#2702,#2701,#2930,.T.);
#2218=EDGE_CURVE('',#2703,#2564,#285,.T.);
#2219=EDGE_CURVE('',#2703,#2702,#286,.T.);
#2220=EDGE_CURVE('',#2704,#2563,#287,.T.);
#2221=EDGE_CURVE('',#2704,#2703,#2931,.T.);
#2222=EDGE_CURVE('',#2705,#2562,#288,.T.);
#2223=EDGE_CURVE('',#2705,#2704,#2932,.T.);
#2224=EDGE_CURVE('',#2706,#2561,#289,.T.);
#2225=EDGE_CURVE('',#2706,#2705,#2933,.T.);
#2226=EDGE_CURVE('',#2707,#2560,#290,.T.);
#2227=EDGE_CURVE('',#2707,#2706,#2934,.T.);
#2228=EDGE_CURVE('',#2708,#2559,#291,.T.);
#2229=EDGE_CURVE('',#2708,#2707,#2935,.T.);
#2230=EDGE_CURVE('',#2709,#2558,#292,.T.);
#2231=EDGE_CURVE('',#2709,#2708,#2936,.T.);
#2232=EDGE_CURVE('',#2687,#2709,#2937,.T.);
#2233=EDGE_CURVE('',#2710,#2711,#2938,.T.);
#2234=EDGE_CURVE('',#2712,#2710,#293,.T.);
#2235=EDGE_CURVE('',#2712,#2713,#2939,.T.);
#2236=EDGE_CURVE('',#2713,#2711,#294,.T.);
#2237=EDGE_CURVE('',#2714,#2710,#295,.T.);
#2238=EDGE_CURVE('',#2715,#2714,#296,.T.);
#2239=EDGE_CURVE('',#2715,#2712,#297,.T.);
#2240=EDGE_CURVE('',#2716,#2714,#2940,.T.);
#2241=EDGE_CURVE('',#2717,#2716,#298,.T.);
#2242=EDGE_CURVE('',#2717,#2715,#2941,.T.);
#2243=EDGE_CURVE('',#2718,#2716,#2942,.T.);
#2244=EDGE_CURVE('',#2719,#2718,#299,.T.);
#2245=EDGE_CURVE('',#2719,#2717,#2943,.T.);
#2246=EDGE_CURVE('',#2720,#2507,#300,.T.);
#2247=EDGE_CURVE('',#2720,#2721,#786,.F.);
#2248=EDGE_CURVE('',#2721,#2508,#301,.T.);
#2249=EDGE_CURVE('',#2722,#2506,#302,.T.);
#2250=EDGE_CURVE('',#2722,#2720,#2944,.T.);
#2251=EDGE_CURVE('',#2723,#2523,#303,.T.);
#2252=EDGE_CURVE('',#2723,#2722,#787,.F.);
#2253=EDGE_CURVE('',#2724,#2522,#304,.T.);
#2254=EDGE_CURVE('',#2724,#2723,#2945,.T.);
#2255=EDGE_CURVE('',#2725,#2521,#305,.T.);
#2256=EDGE_CURVE('',#2725,#2724,#2946,.T.);
#2257=EDGE_CURVE('',#2726,#2520,#306,.T.);
#2258=EDGE_CURVE('',#2726,#2725,#788,.F.);
#2259=EDGE_CURVE('',#2727,#2519,#307,.T.);
#2260=EDGE_CURVE('',#2727,#2726,#2947,.T.);
#2261=EDGE_CURVE('',#2728,#2518,#308,.T.);
#2262=EDGE_CURVE('',#2728,#2727,#2948,.T.);
#2263=EDGE_CURVE('',#2729,#2517,#309,.T.);
#2264=EDGE_CURVE('',#2729,#2728,#789,.F.);
#2265=EDGE_CURVE('',#2730,#2516,#310,.T.);
#2266=EDGE_CURVE('',#2730,#2729,#311,.T.);
#2267=EDGE_CURVE('',#2731,#2515,#312,.T.);
#2268=EDGE_CURVE('',#2731,#2730,#790,.T.);
#2269=EDGE_CURVE('',#2732,#2514,#313,.T.);
#2270=EDGE_CURVE('',#2732,#2731,#2949,.T.);
#2271=EDGE_CURVE('',#2733,#2513,#314,.T.);
#2272=EDGE_CURVE('',#2733,#2732,#2950,.T.);
#2273=EDGE_CURVE('',#2734,#2512,#315,.T.);
#2274=EDGE_CURVE('',#2734,#2733,#2951,.T.);
#2275=EDGE_CURVE('',#2735,#2511,#316,.T.);
#2276=EDGE_CURVE('',#2735,#2734,#317,.T.);
#2277=EDGE_CURVE('',#2736,#2510,#318,.T.);
#2278=EDGE_CURVE('',#2736,#2735,#791,.F.);
#2279=EDGE_CURVE('',#2737,#2509,#319,.T.);
#2280=EDGE_CURVE('',#2737,#2736,#792,.F.);
#2281=EDGE_CURVE('',#2721,#2737,#793,.F.);
#2282=EDGE_CURVE('',#2711,#2718,#2952,.T.);
#2283=EDGE_CURVE('',#2713,#2719,#2953,.T.);
#2284=EDGE_CURVE('',#2738,#2491,#320,.T.);
#2285=EDGE_CURVE('',#2738,#2739,#794,.F.);
#2286=EDGE_CURVE('',#2739,#2492,#321,.T.);
#2287=EDGE_CURVE('',#2740,#2490,#322,.T.);
#2288=EDGE_CURVE('',#2740,#2738,#2954,.T.);
#2289=EDGE_CURVE('',#2741,#2505,#323,.T.);
#2290=EDGE_CURVE('',#2741,#2740,#795,.F.);
#2291=EDGE_CURVE('',#2742,#2504,#324,.T.);
#2292=EDGE_CURVE('',#2742,#2741,#325,.T.);
#2293=EDGE_CURVE('',#2743,#2503,#326,.T.);
#2294=EDGE_CURVE('',#2743,#2742,#327,.T.);
#2295=EDGE_CURVE('',#2744,#2502,#328,.T.);
#2296=EDGE_CURVE('',#2744,#2743,#329,.T.);
#2297=EDGE_CURVE('',#2745,#2501,#330,.T.);
#2298=EDGE_CURVE('',#2745,#2744,#331,.T.);
#2299=EDGE_CURVE('',#2746,#2500,#332,.T.);
#2300=EDGE_CURVE('',#2746,#2745,#333,.T.);
#2301=EDGE_CURVE('',#2747,#2499,#334,.T.);
#2302=EDGE_CURVE('',#2747,#2746,#2955,.T.);
#2303=EDGE_CURVE('',#2748,#2498,#335,.T.);
#2304=EDGE_CURVE('',#2748,#2747,#2956,.T.);
#2305=EDGE_CURVE('',#2749,#2497,#336,.T.);
#2306=EDGE_CURVE('',#2749,#2748,#2957,.T.);
#2307=EDGE_CURVE('',#2750,#2496,#337,.T.);
#2308=EDGE_CURVE('',#2750,#2749,#338,.T.);
#2309=EDGE_CURVE('',#2751,#2495,#339,.T.);
#2310=EDGE_CURVE('',#2751,#2750,#340,.T.);
#2311=EDGE_CURVE('',#2752,#2494,#341,.T.);
#2312=EDGE_CURVE('',#2752,#2751,#342,.T.);
#2313=EDGE_CURVE('',#2753,#2493,#343,.T.);
#2314=EDGE_CURVE('',#2753,#2752,#2958,.T.);
#2315=EDGE_CURVE('',#2739,#2753,#796,.F.);
#2316=EDGE_CURVE('',#2754,#2475,#344,.T.);
#2317=EDGE_CURVE('',#2754,#2755,#797,.F.);
#2318=EDGE_CURVE('',#2755,#2476,#345,.T.);
#2319=EDGE_CURVE('',#2756,#2474,#346,.T.);
#2320=EDGE_CURVE('',#2756,#2754,#2959,.T.);
#2321=EDGE_CURVE('',#2757,#2489,#347,.T.);
#2322=EDGE_CURVE('',#2757,#2756,#798,.F.);
#2323=EDGE_CURVE('',#2758,#2488,#348,.T.);
#2324=EDGE_CURVE('',#2758,#2757,#349,.T.);
#2325=EDGE_CURVE('',#2759,#2487,#350,.T.);
#2326=EDGE_CURVE('',#2759,#2758,#351,.T.);
#2327=EDGE_CURVE('',#2760,#2486,#352,.T.);
#2328=EDGE_CURVE('',#2760,#2759,#353,.T.);
#2329=EDGE_CURVE('',#2761,#2485,#354,.T.);
#2330=EDGE_CURVE('',#2761,#2760,#355,.T.);
#2331=EDGE_CURVE('',#2762,#2484,#356,.T.);
#2332=EDGE_CURVE('',#2762,#2761,#357,.T.);
#2333=EDGE_CURVE('',#2763,#2483,#358,.T.);
#2334=EDGE_CURVE('',#2763,#2762,#2960,.T.);
#2335=EDGE_CURVE('',#2764,#2482,#359,.T.);
#2336=EDGE_CURVE('',#2764,#2763,#2961,.T.);
#2337=EDGE_CURVE('',#2765,#2481,#360,.T.);
#2338=EDGE_CURVE('',#2765,#2764,#2962,.T.);
#2339=EDGE_CURVE('',#2766,#2480,#361,.T.);
#2340=EDGE_CURVE('',#2766,#2765,#362,.T.);
#2341=EDGE_CURVE('',#2767,#2479,#363,.T.);
#2342=EDGE_CURVE('',#2767,#2766,#364,.T.);
#2343=EDGE_CURVE('',#2768,#2478,#365,.T.);
#2344=EDGE_CURVE('',#2768,#2767,#366,.T.);
#2345=EDGE_CURVE('',#2769,#2477,#367,.T.);
#2346=EDGE_CURVE('',#2769,#2768,#2963,.T.);
#2347=EDGE_CURVE('',#2755,#2769,#799,.F.);
#2348=EDGE_CURVE('',#2770,#2771,#800,.T.);
#2349=EDGE_CURVE('',#2772,#2770,#368,.T.);
#2350=EDGE_CURVE('',#2772,#2773,#801,.T.);
#2351=EDGE_CURVE('',#2773,#2771,#369,.T.);
#2352=EDGE_CURVE('',#2774,#2770,#802,.T.);
#2353=EDGE_CURVE('',#2775,#2774,#370,.T.);
#2354=EDGE_CURVE('',#2775,#2772,#803,.T.);
#2355=EDGE_CURVE('',#2776,#2774,#804,.T.);
#2356=EDGE_CURVE('',#2777,#2776,#371,.T.);
#2357=EDGE_CURVE('',#2777,#2775,#805,.T.);
#2358=EDGE_CURVE('',#2778,#2776,#2964,.T.);
#2359=EDGE_CURVE('',#2779,#2778,#372,.T.);
#2360=EDGE_CURVE('',#2779,#2777,#2965,.T.);
#2361=EDGE_CURVE('',#2780,#2778,#806,.T.);
#2362=EDGE_CURVE('',#2781,#2780,#373,.T.);
#2363=EDGE_CURVE('',#2781,#2779,#807,.T.);
#2364=EDGE_CURVE('',#2782,#2780,#808,.T.);
#2365=EDGE_CURVE('',#2783,#2782,#374,.T.);
#2366=EDGE_CURVE('',#2783,#2781,#809,.T.);
#2367=EDGE_CURVE('',#2784,#2782,#810,.T.);
#2368=EDGE_CURVE('',#2785,#2784,#375,.T.);
#2369=EDGE_CURVE('',#2785,#2783,#811,.T.);
#2370=EDGE_CURVE('',#2786,#2784,#812,.T.);
#2371=EDGE_CURVE('',#2787,#2786,#376,.T.);
#2372=EDGE_CURVE('',#2787,#2785,#813,.T.);
#2373=EDGE_CURVE('',#2788,#2786,#814,.T.);
#2374=EDGE_CURVE('',#2789,#2788,#377,.T.);
#2375=EDGE_CURVE('',#2789,#2787,#815,.T.);
#2376=EDGE_CURVE('',#2790,#2788,#816,.T.);
#2377=EDGE_CURVE('',#2791,#2790,#378,.T.);
#2378=EDGE_CURVE('',#2791,#2789,#817,.T.);
#2379=EDGE_CURVE('',#2792,#2790,#818,.T.);
#2380=EDGE_CURVE('',#2793,#2792,#379,.T.);
#2381=EDGE_CURVE('',#2793,#2791,#819,.T.);
#2382=EDGE_CURVE('',#2794,#2580,#380,.T.);
#2383=EDGE_CURVE('',#2794,#2795,#2966,.T.);
#2384=EDGE_CURVE('',#2795,#2581,#381,.T.);
#2385=EDGE_CURVE('',#2796,#2579,#382,.T.);
#2386=EDGE_CURVE('',#2796,#2794,#2967,.T.);
#2387=EDGE_CURVE('',#2797,#2590,#383,.T.);
#2388=EDGE_CURVE('',#2797,#2796,#820,.F.);
#2389=EDGE_CURVE('',#2798,#2589,#384,.T.);
#2390=EDGE_CURVE('',#2798,#2797,#2968,.T.);
#2391=EDGE_CURVE('',#2799,#2588,#385,.T.);
#2392=EDGE_CURVE('',#2799,#2798,#2969,.T.);
#2393=EDGE_CURVE('',#2800,#2587,#386,.T.);
#2394=EDGE_CURVE('',#2800,#2799,#821,.F.);
#2395=EDGE_CURVE('',#2801,#2586,#387,.T.);
#2396=EDGE_CURVE('',#2801,#2800,#2970,.T.);
#2397=EDGE_CURVE('',#2802,#2585,#388,.T.);
#2398=EDGE_CURVE('',#2802,#2801,#2971,.T.);
#2399=EDGE_CURVE('',#2803,#2584,#389,.T.);
#2400=EDGE_CURVE('',#2803,#2802,#822,.F.);
#2401=EDGE_CURVE('',#2804,#2583,#390,.T.);
#2402=EDGE_CURVE('',#2804,#2803,#2972,.T.);
#2403=EDGE_CURVE('',#2805,#2582,#391,.T.);
#2404=EDGE_CURVE('',#2805,#2804,#2973,.T.);
#2405=EDGE_CURVE('',#2795,#2805,#823,.F.);
#2406=EDGE_CURVE('',#2771,#2792,#824,.T.);
#2407=EDGE_CURVE('',#2773,#2793,#825,.T.);
#2408=EDGE_CURVE('',#2806,#2592,#392,.T.);
#2409=EDGE_CURVE('',#2806,#2807,#826,.F.);
#2410=EDGE_CURVE('',#2807,#2593,#393,.T.);
#2411=EDGE_CURVE('',#2808,#2591,#394,.T.);
#2412=EDGE_CURVE('',#2808,#2806,#827,.F.);
#2413=EDGE_CURVE('',#2809,#2603,#395,.T.);
#2414=EDGE_CURVE('',#2809,#2808,#2974,.T.);
#2415=EDGE_CURVE('',#2810,#2602,#396,.T.);
#2416=EDGE_CURVE('',#2810,#2809,#397,.T.);
#2417=EDGE_CURVE('',#2811,#2601,#398,.T.);
#2418=EDGE_CURVE('',#2811,#2810,#399,.T.);
#2419=EDGE_CURVE('',#2812,#2600,#400,.T.);
#2420=EDGE_CURVE('',#2812,#2811,#401,.T.);
#2421=EDGE_CURVE('',#2813,#2599,#402,.T.);
#2422=EDGE_CURVE('',#2813,#2812,#403,.T.);
#2423=EDGE_CURVE('',#2814,#2598,#404,.T.);
#2424=EDGE_CURVE('',#2814,#2813,#405,.T.);
#2425=EDGE_CURVE('',#2815,#2597,#406,.T.);
#2426=EDGE_CURVE('',#2815,#2814,#2975,.T.);
#2427=EDGE_CURVE('',#2816,#2596,#407,.T.);
#2428=EDGE_CURVE('',#2816,#2815,#2976,.T.);
#2429=EDGE_CURVE('',#2817,#2595,#408,.T.);
#2430=EDGE_CURVE('',#2817,#2816,#828,.T.);
#2431=EDGE_CURVE('',#2818,#2594,#409,.T.);
#2432=EDGE_CURVE('',#2818,#2817,#829,.T.);
#2433=EDGE_CURVE('',#2807,#2818,#410,.T.);
#2434=EDGE_CURVE('',#2819,#2605,#411,.T.);
#2435=EDGE_CURVE('',#2819,#2820,#830,.F.);
#2436=EDGE_CURVE('',#2820,#2606,#412,.T.);
#2437=EDGE_CURVE('',#2821,#2604,#413,.T.);
#2438=EDGE_CURVE('',#2821,#2819,#2977,.T.);
#2439=EDGE_CURVE('',#2822,#2619,#414,.T.);
#2440=EDGE_CURVE('',#2822,#2821,#831,.F.);
#2441=EDGE_CURVE('',#2823,#2618,#415,.T.);
#2442=EDGE_CURVE('',#2823,#2822,#416,.T.);
#2443=EDGE_CURVE('',#2824,#2617,#417,.T.);
#2444=EDGE_CURVE('',#2824,#2823,#418,.T.);
#2445=EDGE_CURVE('',#2825,#2616,#419,.T.);
#2446=EDGE_CURVE('',#2825,#2824,#420,.T.);
#2447=EDGE_CURVE('',#2826,#2615,#421,.T.);
#2448=EDGE_CURVE('',#2826,#2825,#422,.T.);
#2449=EDGE_CURVE('',#2827,#2614,#423,.T.);
#2450=EDGE_CURVE('',#2827,#2826,#424,.T.);
#2451=EDGE_CURVE('',#2828,#2613,#425,.T.);
#2452=EDGE_CURVE('',#2828,#2827,#2978,.T.);
#2453=EDGE_CURVE('',#2829,#2612,#426,.T.);
#2454=EDGE_CURVE('',#2829,#2828,#2979,.T.);
#2455=EDGE_CURVE('',#2830,#2611,#427,.T.);
#2456=EDGE_CURVE('',#2830,#2829,#2980,.T.);
#2457=EDGE_CURVE('',#2831,#2610,#428,.T.);
#2458=EDGE_CURVE('',#2831,#2830,#429,.T.);
#2459=EDGE_CURVE('',#2832,#2609,#430,.T.);
#2460=EDGE_CURVE('',#2832,#2831,#431,.T.);
#2461=EDGE_CURVE('',#2833,#2608,#432,.T.);
#2462=EDGE_CURVE('',#2833,#2832,#433,.T.);
#2463=EDGE_CURVE('',#2834,#2607,#434,.T.);
#2464=EDGE_CURVE('',#2834,#2833,#2981,.T.);
#2465=EDGE_CURVE('',#2820,#2834,#832,.F.);
#2466=EDGE_CURVE('',#2628,#2835,#435,.T.);
#2467=EDGE_CURVE('',#2835,#2634,#144,.F.);
#2468=EDGE_CURVE('',#2632,#2836,#436,.F.);
#2469=EDGE_CURVE('',#2836,#2633,#437,.F.);
#2470=EDGE_CURVE('',#2626,#2837,#438,.F.);
#2471=EDGE_CURVE('',#2837,#2627,#439,.F.);
#2472=EDGE_CURVE('',#2835,#2837,#2982,.T.);
#2473=EDGE_CURVE('',#2836,#2638,#2983,.T.);
#2474=VERTEX_POINT('',#4679);
#2475=VERTEX_POINT('',#4680);
#2476=VERTEX_POINT('',#4682);
#2477=VERTEX_POINT('',#4684);
#2478=VERTEX_POINT('',#4688);
#2479=VERTEX_POINT('',#4690);
#2480=VERTEX_POINT('',#4692);
#2481=VERTEX_POINT('',#4694);
#2482=VERTEX_POINT('',#4698);
#2483=VERTEX_POINT('',#4702);
#2484=VERTEX_POINT('',#4706);
#2485=VERTEX_POINT('',#4708);
#2486=VERTEX_POINT('',#4710);
#2487=VERTEX_POINT('',#4712);
#2488=VERTEX_POINT('',#4714);
#2489=VERTEX_POINT('',#4716);
#2490=VERTEX_POINT('',#4721);
#2491=VERTEX_POINT('',#4722);
#2492=VERTEX_POINT('',#4724);
#2493=VERTEX_POINT('',#4726);
#2494=VERTEX_POINT('',#4730);
#2495=VERTEX_POINT('',#4732);
#2496=VERTEX_POINT('',#4734);
#2497=VERTEX_POINT('',#4736);
#2498=VERTEX_POINT('',#4740);
#2499=VERTEX_POINT('',#4744);
#2500=VERTEX_POINT('',#4748);
#2501=VERTEX_POINT('',#4750);
#2502=VERTEX_POINT('',#4752);
#2503=VERTEX_POINT('',#4754);
#2504=VERTEX_POINT('',#4756);
#2505=VERTEX_POINT('',#4758);
#2506=VERTEX_POINT('',#4763);
#2507=VERTEX_POINT('',#4764);
#2508=VERTEX_POINT('',#4766);
#2509=VERTEX_POINT('',#4768);
#2510=VERTEX_POINT('',#4770);
#2511=VERTEX_POINT('',#4772);
#2512=VERTEX_POINT('',#4774);
#2513=VERTEX_POINT('',#4778);
#2514=VERTEX_POINT('',#4782);
#2515=VERTEX_POINT('',#4786);
#2516=VERTEX_POINT('',#4788);
#2517=VERTEX_POINT('',#4790);
#2518=VERTEX_POINT('',#4792);
#2519=VERTEX_POINT('',#4796);
#2520=VERTEX_POINT('',#4800);
#2521=VERTEX_POINT('',#4802);
#2522=VERTEX_POINT('',#4806);
#2523=VERTEX_POINT('',#4810);
#2524=VERTEX_POINT('',#4815);
#2525=VERTEX_POINT('',#4816);
#2526=VERTEX_POINT('',#4818);
#2527=VERTEX_POINT('',#4820);
#2528=VERTEX_POINT('',#4822);
#2529=VERTEX_POINT('',#4824);
#2530=VERTEX_POINT('',#4826);
#2531=VERTEX_POINT('',#4830);
#2532=VERTEX_POINT('',#4834);
#2533=VERTEX_POINT('',#4838);
#2534=VERTEX_POINT('',#4840);
#2535=VERTEX_POINT('',#4842);
#2536=VERTEX_POINT('',#4844);
#2537=VERTEX_POINT('',#4848);
#2538=VERTEX_POINT('',#4852);
#2539=VERTEX_POINT('',#4854);
#2540=VERTEX_POINT('',#4858);
#2541=VERTEX_POINT('',#4862);
#2542=VERTEX_POINT('',#4865);
#2543=VERTEX_POINT('',#4866);
#2544=VERTEX_POINT('',#4868);
#2545=VERTEX_POINT('',#4870);
#2546=VERTEX_POINT('',#4872);
#2547=VERTEX_POINT('',#4874);
#2548=VERTEX_POINT('',#4878);
#2549=VERTEX_POINT('',#4882);
#2550=VERTEX_POINT('',#4884);
#2551=VERTEX_POINT('',#4886);
#2552=VERTEX_POINT('',#4888);
#2553=VERTEX_POINT('',#4890);
#2554=VERTEX_POINT('',#4892);
#2555=VERTEX_POINT('',#4899);
#2556=VERTEX_POINT('',#4900);
#2557=VERTEX_POINT('',#4904);
#2558=VERTEX_POINT('',#4908);
#2559=VERTEX_POINT('',#4912);
#2560=VERTEX_POINT('',#4916);
#2561=VERTEX_POINT('',#4920);
#2562=VERTEX_POINT('',#4924);
#2563=VERTEX_POINT('',#4928);
#2564=VERTEX_POINT('',#4932);
#2565=VERTEX_POINT('',#4934);
#2566=VERTEX_POINT('',#4938);
#2567=VERTEX_POINT('',#4942);
#2568=VERTEX_POINT('',#4946);
#2569=VERTEX_POINT('',#4950);
#2570=VERTEX_POINT('',#4954);
#2571=VERTEX_POINT('',#4956);
#2572=VERTEX_POINT('',#4960);
#2573=VERTEX_POINT('',#4964);
#2574=VERTEX_POINT('',#4966);
#2575=VERTEX_POINT('',#4968);
#2576=VERTEX_POINT('',#4970);
#2577=VERTEX_POINT('',#4972);
#2578=VERTEX_POINT('',#4976);
#2579=VERTEX_POINT('',#4983);
#2580=VERTEX_POINT('',#4984);
#2581=VERTEX_POINT('',#4988);
#2582=VERTEX_POINT('',#4990);
#2583=VERTEX_POINT('',#4994);
#2584=VERTEX_POINT('',#4998);
#2585=VERTEX_POINT('',#5000);
#2586=VERTEX_POINT('',#5004);
#2587=VERTEX_POINT('',#5008);
#2588=VERTEX_POINT('',#5010);
#2589=VERTEX_POINT('',#5014);
#2590=VERTEX_POINT('',#5018);
#2591=VERTEX_POINT('',#5021);
#2592=VERTEX_POINT('',#5022);
#2593=VERTEX_POINT('',#5024);
#2594=VERTEX_POINT('',#5026);
#2595=VERTEX_POINT('',#5028);
#2596=VERTEX_POINT('',#5030);
#2597=VERTEX_POINT('',#5034);
#2598=VERTEX_POINT('',#5038);
#2599=VERTEX_POINT('',#5040);
#2600=VERTEX_POINT('',#5042);
#2601=VERTEX_POINT('',#5044);
#2602=VERTEX_POINT('',#5046);
#2603=VERTEX_POINT('',#5048);
#2604=VERTEX_POINT('',#5055);
#2605=VERTEX_POINT('',#5056);
#2606=VERTEX_POINT('',#5058);
#2607=VERTEX_POINT('',#5060);
#2608=VERTEX_POINT('',#5064);
#2609=VERTEX_POINT('',#5066);
#2610=VERTEX_POINT('',#5068);
#2611=VERTEX_POINT('',#5070);
#2612=VERTEX_POINT('',#5074);
#2613=VERTEX_POINT('',#5078);
#2614=VERTEX_POINT('',#5082);
#2615=VERTEX_POINT('',#5084);
#2616=VERTEX_POINT('',#5086);
#2617=VERTEX_POINT('',#5088);
#2618=VERTEX_POINT('',#5090);
#2619=VERTEX_POINT('',#5092);
#2620=VERTEX_POINT('',#5095);
#2621=VERTEX_POINT('',#5096);
#2622=VERTEX_POINT('',#5098);
#2623=VERTEX_POINT('',#5100);
#2624=VERTEX_POINT('',#5102);
#2625=VERTEX_POINT('',#5104);
#2626=VERTEX_POINT('',#5108);
#2627=VERTEX_POINT('',#5109);
#2628=VERTEX_POINT('',#5111);
#2629=VERTEX_POINT('',#5113);
#2630=VERTEX_POINT('',#5115);
#2631=VERTEX_POINT('',#5117);
#2632=VERTEX_POINT('',#5119);
#2633=VERTEX_POINT('',#5121);
#2634=VERTEX_POINT('',#5126);
#2635=VERTEX_POINT('',#5129);
#2636=VERTEX_POINT('',#5131);
#2637=VERTEX_POINT('',#5134);
#2638=VERTEX_POINT('',#5138);
#2639=VERTEX_POINT('',#5142);
#2640=VERTEX_POINT('',#5144);
#2641=VERTEX_POINT('',#5148);
#2642=VERTEX_POINT('',#5150);
#2643=VERTEX_POINT('',#5154);
#2644=VERTEX_POINT('',#5156);
#2645=VERTEX_POINT('',#5174);
#2646=VERTEX_POINT('',#5175);
#2647=VERTEX_POINT('',#5177);
#2648=VERTEX_POINT('',#5181);
#2649=VERTEX_POINT('',#5185);
#2650=VERTEX_POINT('',#5187);
#2651=VERTEX_POINT('',#5200);
#2652=VERTEX_POINT('',#5202);
#2653=VERTEX_POINT('',#5217);
#2654=VERTEX_POINT('',#5219);
#2655=VERTEX_POINT('',#5225);
#2656=VERTEX_POINT('',#5227);
#2657=VERTEX_POINT('',#5238);
#2658=VERTEX_POINT('',#5244);
#2659=VERTEX_POINT('',#5255);
#2660=VERTEX_POINT('',#5268);
#2661=VERTEX_POINT('',#5274);
#2662=VERTEX_POINT('',#5285);
#2663=VERTEX_POINT('',#5298);
#2664=VERTEX_POINT('',#5304);
#2665=VERTEX_POINT('',#5308);
#2666=VERTEX_POINT('',#5312);
#2667=VERTEX_POINT('',#5323);
#2668=VERTEX_POINT('',#5336);
#2669=VERTEX_POINT('',#5349);
#2670=VERTEX_POINT('',#5355);
#2671=VERTEX_POINT('',#5359);
#2672=VERTEX_POINT('',#5363);
#2673=VERTEX_POINT('',#5384);
#2674=VERTEX_POINT('',#5386);
#2675=VERTEX_POINT('',#5390);
#2676=VERTEX_POINT('',#5401);
#2677=VERTEX_POINT('',#5407);
#2678=VERTEX_POINT('',#5411);
#2679=VERTEX_POINT('',#5415);
#2680=VERTEX_POINT('',#5419);
#2681=VERTEX_POINT('',#5423);
#2682=VERTEX_POINT('',#5434);
#2683=VERTEX_POINT('',#5447);
#2684=VERTEX_POINT('',#5453);
#2685=VERTEX_POINT('',#5457);
#2686=VERTEX_POINT('',#5471);
#2687=VERTEX_POINT('',#5475);
#2688=VERTEX_POINT('',#5486);
#2689=VERTEX_POINT('',#5499);
#2690=VERTEX_POINT('',#5512);
#2691=VERTEX_POINT('',#5518);
#2692=VERTEX_POINT('',#5522);
#2693=VERTEX_POINT('',#5526);
#2694=VERTEX_POINT('',#5530);
#2695=VERTEX_POINT('',#5541);
#2696=VERTEX_POINT('',#5554);
#2697=VERTEX_POINT('',#5560);
#2698=VERTEX_POINT('',#5571);
#2699=VERTEX_POINT('',#5584);
#2700=VERTEX_POINT('',#5597);
#2701=VERTEX_POINT('',#5610);
#2702=VERTEX_POINT('',#5623);
#2703=VERTEX_POINT('',#5629);
#2704=VERTEX_POINT('',#5640);
#2705=VERTEX_POINT('',#5653);
#2706=VERTEX_POINT('',#5666);
#2707=VERTEX_POINT('',#5679);
#2708=VERTEX_POINT('',#5692);
#2709=VERTEX_POINT('',#5705);
#2710=VERTEX_POINT('',#5732);
#2711=VERTEX_POINT('',#5733);
#2712=VERTEX_POINT('',#5735);
#2713=VERTEX_POINT('',#5739);
#2714=VERTEX_POINT('',#5743);
#2715=VERTEX_POINT('',#5745);
#2716=VERTEX_POINT('',#5758);
#2717=VERTEX_POINT('',#5760);
#2718=VERTEX_POINT('',#5775);
#2719=VERTEX_POINT('',#5777);
#2720=VERTEX_POINT('',#5783);
#2721=VERTEX_POINT('',#5785);
#2722=VERTEX_POINT('',#5796);
#2723=VERTEX_POINT('',#5802);
#2724=VERTEX_POINT('',#5813);
#2725=VERTEX_POINT('',#5826);
#2726=VERTEX_POINT('',#5832);
#2727=VERTEX_POINT('',#5843);
#2728=VERTEX_POINT('',#5856);
#2729=VERTEX_POINT('',#5862);
#2730=VERTEX_POINT('',#5866);
#2731=VERTEX_POINT('',#5870);
#2732=VERTEX_POINT('',#5881);
#2733=VERTEX_POINT('',#5894);
#2734=VERTEX_POINT('',#5907);
#2735=VERTEX_POINT('',#5913);
#2736=VERTEX_POINT('',#5917);
#2737=VERTEX_POINT('',#5921);
#2738=VERTEX_POINT('',#5942);
#2739=VERTEX_POINT('',#5944);
#2740=VERTEX_POINT('',#5955);
#2741=VERTEX_POINT('',#5961);
#2742=VERTEX_POINT('',#5965);
#2743=VERTEX_POINT('',#5969);
#2744=VERTEX_POINT('',#5973);
#2745=VERTEX_POINT('',#5977);
#2746=VERTEX_POINT('',#5981);
#2747=VERTEX_POINT('',#5992);
#2748=VERTEX_POINT('',#6005);
#2749=VERTEX_POINT('',#6018);
#2750=VERTEX_POINT('',#6024);
#2751=VERTEX_POINT('',#6028);
#2752=VERTEX_POINT('',#6032);
#2753=VERTEX_POINT('',#6043);
#2754=VERTEX_POINT('',#6052);
#2755=VERTEX_POINT('',#6054);
#2756=VERTEX_POINT('',#6065);
#2757=VERTEX_POINT('',#6071);
#2758=VERTEX_POINT('',#6075);
#2759=VERTEX_POINT('',#6079);
#2760=VERTEX_POINT('',#6083);
#2761=VERTEX_POINT('',#6087);
#2762=VERTEX_POINT('',#6091);
#2763=VERTEX_POINT('',#6102);
#2764=VERTEX_POINT('',#6115);
#2765=VERTEX_POINT('',#6128);
#2766=VERTEX_POINT('',#6134);
#2767=VERTEX_POINT('',#6138);
#2768=VERTEX_POINT('',#6142);
#2769=VERTEX_POINT('',#6153);
#2770=VERTEX_POINT('',#6162);
#2771=VERTEX_POINT('',#6163);
#2772=VERTEX_POINT('',#6165);
#2773=VERTEX_POINT('',#6167);
#2774=VERTEX_POINT('',#6171);
#2775=VERTEX_POINT('',#6173);
#2776=VERTEX_POINT('',#6177);
#2777=VERTEX_POINT('',#6179);
#2778=VERTEX_POINT('',#6192);
#2779=VERTEX_POINT('',#6194);
#2780=VERTEX_POINT('',#6200);
#2781=VERTEX_POINT('',#6202);
#2782=VERTEX_POINT('',#6206);
#2783=VERTEX_POINT('',#6208);
#2784=VERTEX_POINT('',#6212);
#2785=VERTEX_POINT('',#6214);
#2786=VERTEX_POINT('',#6218);
#2787=VERTEX_POINT('',#6220);
#2788=VERTEX_POINT('',#6224);
#2789=VERTEX_POINT('',#6226);
#2790=VERTEX_POINT('',#6230);
#2791=VERTEX_POINT('',#6232);
#2792=VERTEX_POINT('',#6236);
#2793=VERTEX_POINT('',#6238);
#2794=VERTEX_POINT('',#6249);
#2795=VERTEX_POINT('',#6253);
#2796=VERTEX_POINT('',#6264);
#2797=VERTEX_POINT('',#6270);
#2798=VERTEX_POINT('',#6281);
#2799=VERTEX_POINT('',#6294);
#2800=VERTEX_POINT('',#6300);
#2801=VERTEX_POINT('',#6311);
#2802=VERTEX_POINT('',#6324);
#2803=VERTEX_POINT('',#6330);
#2804=VERTEX_POINT('',#6341);
#2805=VERTEX_POINT('',#6354);
#2806=VERTEX_POINT('',#6366);
#2807=VERTEX_POINT('',#6368);
#2808=VERTEX_POINT('',#6372);
#2809=VERTEX_POINT('',#6383);
#2810=VERTEX_POINT('',#6389);
#2811=VERTEX_POINT('',#6393);
#2812=VERTEX_POINT('',#6397);
#2813=VERTEX_POINT('',#6401);
#2814=VERTEX_POINT('',#6405);
#2815=VERTEX_POINT('',#6416);
#2816=VERTEX_POINT('',#6429);
#2817=VERTEX_POINT('',#6435);
#2818=VERTEX_POINT('',#6439);
#2819=VERTEX_POINT('',#6446);
#2820=VERTEX_POINT('',#6448);
#2821=VERTEX_POINT('',#6459);
#2822=VERTEX_POINT('',#6465);
#2823=VERTEX_POINT('',#6469);
#2824=VERTEX_POINT('',#6473);
#2825=VERTEX_POINT('',#6477);
#2826=VERTEX_POINT('',#6481);
#2827=VERTEX_POINT('',#6485);
#2828=VERTEX_POINT('',#6496);
#2829=VERTEX_POINT('',#6509);
#2830=VERTEX_POINT('',#6522);
#2831=VERTEX_POINT('',#6528);
#2832=VERTEX_POINT('',#6532);
#2833=VERTEX_POINT('',#6536);
#2834=VERTEX_POINT('',#6547);
#2835=VERTEX_POINT('',#6559);
#2836=VERTEX_POINT('',#6563);
#2837=VERTEX_POINT('',#6567);
#2838=B_SPLINE_CURVE_WITH_KNOTS('',2,(#4676,#4677,#4678),.UNSPECIFIED.,
 .F.,.F.,(3,3),(0.,1.),.PIECEWISE_BEZIER_KNOTS.);
#2839=B_SPLINE_CURVE_WITH_KNOTS('',2,(#4685,#4686,#4687),.UNSPECIFIED.,
 .F.,.F.,(3,3),(0.,1.),.PIECEWISE_BEZIER_KNOTS.);
#2840=B_SPLINE_CURVE_WITH_KNOTS('',2,(#4695,#4696,#4697),.UNSPECIFIED.,
 .F.,.F.,(3,3),(0.,1.),.PIECEWISE_BEZIER_KNOTS.);
#2841=B_SPLINE_CURVE_WITH_KNOTS('',2,(#4699,#4700,#4701),.UNSPECIFIED.,
 .F.,.F.,(3,3),(0.,1.),.PIECEWISE_BEZIER_KNOTS.);
#2842=B_SPLINE_CURVE_WITH_KNOTS('',2,(#4703,#4704,#4705),.UNSPECIFIED.,
 .F.,.F.,(3,3),(0.,1.),.PIECEWISE_BEZIER_KNOTS.);
#2843=B_SPLINE_CURVE_WITH_KNOTS('',2,(#4718,#4719,#4720),.UNSPECIFIED.,
 .F.,.F.,(3,3),(0.,1.),.PIECEWISE_BEZIER_KNOTS.);
#2844=B_SPLINE_CURVE_WITH_KNOTS('',2,(#4727,#4728,#4729),.UNSPECIFIED.,
 .F.,.F.,(3,3),(0.,1.),.PIECEWISE_BEZIER_KNOTS.);
#2845=B_SPLINE_CURVE_WITH_KNOTS('',2,(#4737,#4738,#4739),.UNSPECIFIED.,
 .F.,.F.,(3,3),(0.,1.),.PIECEWISE_BEZIER_KNOTS.);
#2846=B_SPLINE_CURVE_WITH_KNOTS('',2,(#4741,#4742,#4743),.UNSPECIFIED.,
 .F.,.F.,(3,3),(0.,1.),.PIECEWISE_BEZIER_KNOTS.);
#2847=B_SPLINE_CURVE_WITH_KNOTS('',2,(#4745,#4746,#4747),.UNSPECIFIED.,
 .F.,.F.,(3,3),(0.,1.),.PIECEWISE_BEZIER_KNOTS.);
#2848=B_SPLINE_CURVE_WITH_KNOTS('',2,(#4760,#4761,#4762),.UNSPECIFIED.,
 .F.,.F.,(3,3),(0.,1.),.PIECEWISE_BEZIER_KNOTS.);
#2849=B_SPLINE_CURVE_WITH_KNOTS('',2,(#4775,#4776,#4777),.UNSPECIFIED.,
 .F.,.F.,(3,3),(0.,1.),.PIECEWISE_BEZIER_KNOTS.);
#2850=B_SPLINE_CURVE_WITH_KNOTS('',2,(#4779,#4780,#4781),.UNSPECIFIED.,
 .F.,.F.,(3,3),(0.,1.),.PIECEWISE_BEZIER_KNOTS.);
#2851=B_SPLINE_CURVE_WITH_KNOTS('',2,(#4783,#4784,#4785),.UNSPECIFIED.,
 .F.,.F.,(3,3),(0.,1.),.PIECEWISE_BEZIER_KNOTS.);
#2852=B_SPLINE_CURVE_WITH_KNOTS('',2,(#4793,#4794,#4795),.UNSPECIFIED.,
 .F.,.F.,(3,3),(0.,1.),.PIECEWISE_BEZIER_KNOTS.);
#2853=B_SPLINE_CURVE_WITH_KNOTS('',2,(#4797,#4798,#4799),.UNSPECIFIED.,
 .F.,.F.,(3,3),(0.,1.),.PIECEWISE_BEZIER_KNOTS.);
#2854=B_SPLINE_CURVE_WITH_KNOTS('',2,(#4803,#4804,#4805),.UNSPECIFIED.,
 .F.,.F.,(3,3),(0.,1.),.PIECEWISE_BEZIER_KNOTS.);
#2855=B_SPLINE_CURVE_WITH_KNOTS('',2,(#4807,#4808,#4809),.UNSPECIFIED.,
 .F.,.F.,(3,3),(0.,1.),.PIECEWISE_BEZIER_KNOTS.);
#2856=B_SPLINE_CURVE_WITH_KNOTS('',2,(#4812,#4813,#4814),.UNSPECIFIED.,
 .F.,.F.,(3,3),(0.,1.),.PIECEWISE_BEZIER_KNOTS.);
#2857=B_SPLINE_CURVE_WITH_KNOTS('',2,(#4827,#4828,#4829),.UNSPECIFIED.,
 .F.,.F.,(3,3),(0.,1.),.PIECEWISE_BEZIER_KNOTS.);
#2858=B_SPLINE_CURVE_WITH_KNOTS('',2,(#4831,#4832,#4833),.UNSPECIFIED.,
 .F.,.F.,(3,3),(0.,1.),.PIECEWISE_BEZIER_KNOTS.);
#2859=B_SPLINE_CURVE_WITH_KNOTS('',2,(#4835,#4836,#4837),.UNSPECIFIED.,
 .F.,.F.,(3,3),(0.,1.),.PIECEWISE_BEZIER_KNOTS.);
#2860=B_SPLINE_CURVE_WITH_KNOTS('',2,(#4845,#4846,#4847),.UNSPECIFIED.,
 .F.,.F.,(3,3),(0.,1.),.PIECEWISE_BEZIER_KNOTS.);
#2861=B_SPLINE_CURVE_WITH_KNOTS('',2,(#4849,#4850,#4851),.UNSPECIFIED.,
 .F.,.F.,(3,3),(0.,1.),.PIECEWISE_BEZIER_KNOTS.);
#2862=B_SPLINE_CURVE_WITH_KNOTS('',2,(#4855,#4856,#4857),.UNSPECIFIED.,
 .F.,.F.,(3,3),(0.,1.),.PIECEWISE_BEZIER_KNOTS.);
#2863=B_SPLINE_CURVE_WITH_KNOTS('',2,(#4859,#4860,#4861),.UNSPECIFIED.,
 .F.,.F.,(3,3),(0.,1.),.PIECEWISE_BEZIER_KNOTS.);
#2864=B_SPLINE_CURVE_WITH_KNOTS('',2,(#4875,#4876,#4877),.UNSPECIFIED.,
 .F.,.F.,(3,3),(0.,1.),.PIECEWISE_BEZIER_KNOTS.);
#2865=B_SPLINE_CURVE_WITH_KNOTS('',2,(#4879,#4880,#4881),.UNSPECIFIED.,
 .F.,.F.,(3,3),(0.,1.),.PIECEWISE_BEZIER_KNOTS.);
#2866=B_SPLINE_CURVE_WITH_KNOTS('',2,(#4893,#4894,#4895),.UNSPECIFIED.,
 .F.,.F.,(3,3),(0.,1.),.PIECEWISE_BEZIER_KNOTS.);
#2867=B_SPLINE_CURVE_WITH_KNOTS('',2,(#4896,#4897,#4898),.UNSPECIFIED.,
 .F.,.F.,(3,3),(0.,1.),.PIECEWISE_BEZIER_KNOTS.);
#2868=B_SPLINE_CURVE_WITH_KNOTS('',2,(#4901,#4902,#4903),.UNSPECIFIED.,
 .F.,.F.,(3,3),(0.,1.),.PIECEWISE_BEZIER_KNOTS.);
#2869=B_SPLINE_CURVE_WITH_KNOTS('',2,(#4905,#4906,#4907),.UNSPECIFIED.,
 .F.,.F.,(3,3),(0.,1.),.PIECEWISE_BEZIER_KNOTS.);
#2870=B_SPLINE_CURVE_WITH_KNOTS('',2,(#4909,#4910,#4911),.UNSPECIFIED.,
 .F.,.F.,(3,3),(0.,1.),.PIECEWISE_BEZIER_KNOTS.);
#2871=B_SPLINE_CURVE_WITH_KNOTS('',2,(#4913,#4914,#4915),.UNSPECIFIED.,
 .F.,.F.,(3,3),(0.,1.),.PIECEWISE_BEZIER_KNOTS.);
#2872=B_SPLINE_CURVE_WITH_KNOTS('',2,(#4917,#4918,#4919),.UNSPECIFIED.,
 .F.,.F.,(3,3),(0.,1.),.PIECEWISE_BEZIER_KNOTS.);
#2873=B_SPLINE_CURVE_WITH_KNOTS('',2,(#4921,#4922,#4923),.UNSPECIFIED.,
 .F.,.F.,(3,3),(0.,1.),.PIECEWISE_BEZIER_KNOTS.);
#2874=B_SPLINE_CURVE_WITH_KNOTS('',2,(#4925,#4926,#4927),.UNSPECIFIED.,
 .F.,.F.,(3,3),(0.,1.),.PIECEWISE_BEZIER_KNOTS.);
#2875=B_SPLINE_CURVE_WITH_KNOTS('',2,(#4929,#4930,#4931),.UNSPECIFIED.,
 .F.,.F.,(3,3),(0.,1.),.PIECEWISE_BEZIER_KNOTS.);
#2876=B_SPLINE_CURVE_WITH_KNOTS('',2,(#4935,#4936,#4937),.UNSPECIFIED.,
 .F.,.F.,(3,3),(0.,1.),.PIECEWISE_BEZIER_KNOTS.);
#2877=B_SPLINE_CURVE_WITH_KNOTS('',2,(#4939,#4940,#4941),.UNSPECIFIED.,
 .F.,.F.,(3,3),(0.,1.),.PIECEWISE_BEZIER_KNOTS.);
#2878=B_SPLINE_CURVE_WITH_KNOTS('',2,(#4943,#4944,#4945),.UNSPECIFIED.,
 .F.,.F.,(3,3),(0.,1.),.PIECEWISE_BEZIER_KNOTS.);
#2879=B_SPLINE_CURVE_WITH_KNOTS('',2,(#4947,#4948,#4949),.UNSPECIFIED.,
 .F.,.F.,(3,3),(0.,1.),.PIECEWISE_BEZIER_KNOTS.);
#2880=B_SPLINE_CURVE_WITH_KNOTS('',2,(#4951,#4952,#4953),.UNSPECIFIED.,
 .F.,.F.,(3,3),(0.,1.),.PIECEWISE_BEZIER_KNOTS.);
#2881=B_SPLINE_CURVE_WITH_KNOTS('',2,(#4957,#4958,#4959),.UNSPECIFIED.,
 .F.,.F.,(3,3),(0.,1.),.PIECEWISE_BEZIER_KNOTS.);
#2882=B_SPLINE_CURVE_WITH_KNOTS('',2,(#4961,#4962,#4963),.UNSPECIFIED.,
 .F.,.F.,(3,3),(0.,1.),.PIECEWISE_BEZIER_KNOTS.);
#2883=B_SPLINE_CURVE_WITH_KNOTS('',2,(#4973,#4974,#4975),.UNSPECIFIED.,
 .F.,.F.,(3,3),(0.,1.),.PIECEWISE_BEZIER_KNOTS.);
#2884=B_SPLINE_CURVE_WITH_KNOTS('',2,(#4977,#4978,#4979),.UNSPECIFIED.,
 .F.,.F.,(3,3),(0.,1.),.PIECEWISE_BEZIER_KNOTS.);
#2885=B_SPLINE_CURVE_WITH_KNOTS('',2,(#4980,#4981,#4982),.UNSPECIFIED.,
 .F.,.F.,(3,3),(0.,1.),.PIECEWISE_BEZIER_KNOTS.);
#2886=B_SPLINE_CURVE_WITH_KNOTS('',2,(#4985,#4986,#4987),.UNSPECIFIED.,
 .F.,.F.,(3,3),(0.,1.),.PIECEWISE_BEZIER_KNOTS.);
#2887=B_SPLINE_CURVE_WITH_KNOTS('',2,(#4991,#4992,#4993),.UNSPECIFIED.,
 .F.,.F.,(3,3),(0.,1.),.PIECEWISE_BEZIER_KNOTS.);
#2888=B_SPLINE_CURVE_WITH_KNOTS('',2,(#4995,#4996,#4997),.UNSPECIFIED.,
 .F.,.F.,(3,3),(0.,1.),.PIECEWISE_BEZIER_KNOTS.);
#2889=B_SPLINE_CURVE_WITH_KNOTS('',2,(#5001,#5002,#5003),.UNSPECIFIED.,
 .F.,.F.,(3,3),(0.,1.),.PIECEWISE_BEZIER_KNOTS.);
#2890=B_SPLINE_CURVE_WITH_KNOTS('',2,(#5005,#5006,#5007),.UNSPECIFIED.,
 .F.,.F.,(3,3),(0.,1.),.PIECEWISE_BEZIER_KNOTS.);
#2891=B_SPLINE_CURVE_WITH_KNOTS('',2,(#5011,#5012,#5013),.UNSPECIFIED.,
 .F.,.F.,(3,3),(0.,1.),.PIECEWISE_BEZIER_KNOTS.);
#2892=B_SPLINE_CURVE_WITH_KNOTS('',2,(#5015,#5016,#5017),.UNSPECIFIED.,
 .F.,.F.,(3,3),(0.,1.),.PIECEWISE_BEZIER_KNOTS.);
#2893=B_SPLINE_CURVE_WITH_KNOTS('',2,(#5031,#5032,#5033),.UNSPECIFIED.,
 .F.,.F.,(3,3),(0.,1.),.PIECEWISE_BEZIER_KNOTS.);
#2894=B_SPLINE_CURVE_WITH_KNOTS('',2,(#5035,#5036,#5037),.UNSPECIFIED.,
 .F.,.F.,(3,3),(0.,1.),.PIECEWISE_BEZIER_KNOTS.);
#2895=B_SPLINE_CURVE_WITH_KNOTS('',2,(#5049,#5050,#5051),.UNSPECIFIED.,
 .F.,.F.,(3,3),(0.,1.),.PIECEWISE_BEZIER_KNOTS.);
#2896=B_SPLINE_CURVE_WITH_KNOTS('',2,(#5052,#5053,#5054),.UNSPECIFIED.,
 .F.,.F.,(3,3),(0.,1.),.PIECEWISE_BEZIER_KNOTS.);
#2897=B_SPLINE_CURVE_WITH_KNOTS('',2,(#5061,#5062,#5063),.UNSPECIFIED.,
 .F.,.F.,(3,3),(0.,1.),.PIECEWISE_BEZIER_KNOTS.);
#2898=B_SPLINE_CURVE_WITH_KNOTS('',2,(#5071,#5072,#5073),.UNSPECIFIED.,
 .F.,.F.,(3,3),(0.,1.),.PIECEWISE_BEZIER_KNOTS.);
#2899=B_SPLINE_CURVE_WITH_KNOTS('',2,(#5075,#5076,#5077),.UNSPECIFIED.,
 .F.,.F.,(3,3),(0.,1.),.PIECEWISE_BEZIER_KNOTS.);
#2900=B_SPLINE_CURVE_WITH_KNOTS('',2,(#5079,#5080,#5081),.UNSPECIFIED.,
 .F.,.F.,(3,3),(0.,1.),.PIECEWISE_BEZIER_KNOTS.);
#2901=B_SPLINE_CURVE_WITH_KNOTS('',2,(#5171,#5172,#5173),.UNSPECIFIED.,
 .F.,.F.,(3,3),(0.,1.),.PIECEWISE_BEZIER_KNOTS.);
#2902=B_SPLINE_CURVE_WITH_KNOTS('',2,(#5178,#5179,#5180),.UNSPECIFIED.,
 .F.,.F.,(3,3),(0.,1.),.PIECEWISE_BEZIER_KNOTS.);
#2903=B_SPLINE_CURVE_WITH_KNOTS('',2,(#5197,#5198,#5199),.UNSPECIFIED.,
 .F.,.F.,(3,3),(0.,1.),.PIECEWISE_BEZIER_KNOTS.);
#2904=B_SPLINE_CURVE_WITH_KNOTS('',2,(#5203,#5204,#5205),.UNSPECIFIED.,
 .F.,.F.,(3,3),(0.,1.),.PIECEWISE_BEZIER_KNOTS.);
#2905=B_SPLINE_CURVE_WITH_KNOTS('',2,(#5214,#5215,#5216),.UNSPECIFIED.,
 .F.,.F.,(3,3),(0.,1.),.PIECEWISE_BEZIER_KNOTS.);
#2906=B_SPLINE_CURVE_WITH_KNOTS('',2,(#5220,#5221,#5222),.UNSPECIFIED.,
 .F.,.F.,(3,3),(0.,1.),.PIECEWISE_BEZIER_KNOTS.);
#2907=B_SPLINE_CURVE_WITH_KNOTS('',2,(#5239,#5240,#5241),.UNSPECIFIED.,
 .F.,.F.,(3,3),(0.,1.),.PIECEWISE_BEZIER_KNOTS.);
#2908=B_SPLINE_CURVE_WITH_KNOTS('',2,(#5256,#5257,#5258),.UNSPECIFIED.,
 .F.,.F.,(3,3),(0.,1.),.PIECEWISE_BEZIER_KNOTS.);
#2909=B_SPLINE_CURVE_WITH_KNOTS('',2,(#5269,#5270,#5271),.UNSPECIFIED.,
 .F.,.F.,(3,3),(0.,1.),.PIECEWISE_BEZIER_KNOTS.);
#2910=B_SPLINE_CURVE_WITH_KNOTS('',2,(#5286,#5287,#5288),.UNSPECIFIED.,
 .F.,.F.,(3,3),(0.,1.),.PIECEWISE_BEZIER_KNOTS.);
#2911=B_SPLINE_CURVE_WITH_KNOTS('',2,(#5299,#5300,#5301),.UNSPECIFIED.,
 .F.,.F.,(3,3),(0.,1.),.PIECEWISE_BEZIER_KNOTS.);
#2912=B_SPLINE_CURVE_WITH_KNOTS('',2,(#5324,#5325,#5326),.UNSPECIFIED.,
 .F.,.F.,(3,3),(0.,1.),.PIECEWISE_BEZIER_KNOTS.);
#2913=B_SPLINE_CURVE_WITH_KNOTS('',2,(#5337,#5338,#5339),.UNSPECIFIED.,
 .F.,.F.,(3,3),(0.,1.),.PIECEWISE_BEZIER_KNOTS.);
#2914=B_SPLINE_CURVE_WITH_KNOTS('',2,(#5350,#5351,#5352),.UNSPECIFIED.,
 .F.,.F.,(3,3),(0.,1.),.PIECEWISE_BEZIER_KNOTS.);
#2915=B_SPLINE_CURVE_WITH_KNOTS('',2,(#5375,#5376,#5377),.UNSPECIFIED.,
 .F.,.F.,(3,3),(0.,1.),.PIECEWISE_BEZIER_KNOTS.);
#2916=B_SPLINE_CURVE_WITH_KNOTS('',2,(#5378,#5379,#5380),.UNSPECIFIED.,
 .F.,.F.,(3,3),(0.,1.),.PIECEWISE_BEZIER_KNOTS.);
#2917=B_SPLINE_CURVE_WITH_KNOTS('',2,(#5402,#5403,#5404),.UNSPECIFIED.,
 .F.,.F.,(3,3),(0.,1.),.PIECEWISE_BEZIER_KNOTS.);
#2918=B_SPLINE_CURVE_WITH_KNOTS('',2,(#5435,#5436,#5437),.UNSPECIFIED.,
 .F.,.F.,(3,3),(0.,1.),.PIECEWISE_BEZIER_KNOTS.);
#2919=B_SPLINE_CURVE_WITH_KNOTS('',2,(#5448,#5449,#5450),.UNSPECIFIED.,
 .F.,.F.,(3,3),(0.,1.),.PIECEWISE_BEZIER_KNOTS.);
#2920=B_SPLINE_CURVE_WITH_KNOTS('',2,(#5472,#5473,#5474),.UNSPECIFIED.,
 .F.,.F.,(3,3),(0.,1.),.PIECEWISE_BEZIER_KNOTS.);
#2921=B_SPLINE_CURVE_WITH_KNOTS('',2,(#5487,#5488,#5489),.UNSPECIFIED.,
 .F.,.F.,(3,3),(0.,1.),.PIECEWISE_BEZIER_KNOTS.);
#2922=B_SPLINE_CURVE_WITH_KNOTS('',2,(#5500,#5501,#5502),.UNSPECIFIED.,
 .F.,.F.,(3,3),(0.,1.),.PIECEWISE_BEZIER_KNOTS.);
#2923=B_SPLINE_CURVE_WITH_KNOTS('',2,(#5513,#5514,#5515),.UNSPECIFIED.,
 .F.,.F.,(3,3),(0.,1.),.PIECEWISE_BEZIER_KNOTS.);
#2924=B_SPLINE_CURVE_WITH_KNOTS('',2,(#5542,#5543,#5544),.UNSPECIFIED.,
 .F.,.F.,(3,3),(0.,1.),.PIECEWISE_BEZIER_KNOTS.);
#2925=B_SPLINE_CURVE_WITH_KNOTS('',2,(#5555,#5556,#5557),.UNSPECIFIED.,
 .F.,.F.,(3,3),(0.,1.),.PIECEWISE_BEZIER_KNOTS.);
#2926=B_SPLINE_CURVE_WITH_KNOTS('',2,(#5572,#5573,#5574),.UNSPECIFIED.,
 .F.,.F.,(3,3),(0.,1.),.PIECEWISE_BEZIER_KNOTS.);
#2927=B_SPLINE_CURVE_WITH_KNOTS('',2,(#5585,#5586,#5587),.UNSPECIFIED.,
 .F.,.F.,(3,3),(0.,1.),.PIECEWISE_BEZIER_KNOTS.);
#2928=B_SPLINE_CURVE_WITH_KNOTS('',2,(#5598,#5599,#5600),.UNSPECIFIED.,
 .F.,.F.,(3,3),(0.,1.),.PIECEWISE_BEZIER_KNOTS.);
#2929=B_SPLINE_CURVE_WITH_KNOTS('',2,(#5611,#5612,#5613),.UNSPECIFIED.,
 .F.,.F.,(3,3),(0.,1.),.PIECEWISE_BEZIER_KNOTS.);
#2930=B_SPLINE_CURVE_WITH_KNOTS('',2,(#5624,#5625,#5626),.UNSPECIFIED.,
 .F.,.F.,(3,3),(0.,1.),.PIECEWISE_BEZIER_KNOTS.);
#2931=B_SPLINE_CURVE_WITH_KNOTS('',2,(#5641,#5642,#5643),.UNSPECIFIED.,
 .F.,.F.,(3,3),(0.,1.),.PIECEWISE_BEZIER_KNOTS.);
#2932=B_SPLINE_CURVE_WITH_KNOTS('',2,(#5654,#5655,#5656),.UNSPECIFIED.,
 .F.,.F.,(3,3),(0.,1.),.PIECEWISE_BEZIER_KNOTS.);
#2933=B_SPLINE_CURVE_WITH_KNOTS('',2,(#5667,#5668,#5669),.UNSPECIFIED.,
 .F.,.F.,(3,3),(0.,1.),.PIECEWISE_BEZIER_KNOTS.);
#2934=B_SPLINE_CURVE_WITH_KNOTS('',2,(#5680,#5681,#5682),.UNSPECIFIED.,
 .F.,.F.,(3,3),(0.,1.),.PIECEWISE_BEZIER_KNOTS.);
#2935=B_SPLINE_CURVE_WITH_KNOTS('',2,(#5693,#5694,#5695),.UNSPECIFIED.,
 .F.,.F.,(3,3),(0.,1.),.PIECEWISE_BEZIER_KNOTS.);
#2936=B_SPLINE_CURVE_WITH_KNOTS('',2,(#5706,#5707,#5708),.UNSPECIFIED.,
 .F.,.F.,(3,3),(0.,1.),.PIECEWISE_BEZIER_KNOTS.);
#2937=B_SPLINE_CURVE_WITH_KNOTS('',2,(#5717,#5718,#5719),.UNSPECIFIED.,
 .F.,.F.,(3,3),(0.,1.),.PIECEWISE_BEZIER_KNOTS.);
#2938=B_SPLINE_CURVE_WITH_KNOTS('',2,(#5729,#5730,#5731),.UNSPECIFIED.,
 .F.,.F.,(3,3),(0.,1.),.PIECEWISE_BEZIER_KNOTS.);
#2939=B_SPLINE_CURVE_WITH_KNOTS('',2,(#5736,#5737,#5738),.UNSPECIFIED.,
 .F.,.F.,(3,3),(0.,1.),.PIECEWISE_BEZIER_KNOTS.);
#2940=B_SPLINE_CURVE_WITH_KNOTS('',2,(#5755,#5756,#5757),.UNSPECIFIED.,
 .F.,.F.,(3,3),(0.,1.),.PIECEWISE_BEZIER_KNOTS.);
#2941=B_SPLINE_CURVE_WITH_KNOTS('',2,(#5761,#5762,#5763),.UNSPECIFIED.,
 .F.,.F.,(3,3),(0.,1.),.PIECEWISE_BEZIER_KNOTS.);
#2942=B_SPLINE_CURVE_WITH_KNOTS('',2,(#5772,#5773,#5774),.UNSPECIFIED.,
 .F.,.F.,(3,3),(0.,1.),.PIECEWISE_BEZIER_KNOTS.);
#2943=B_SPLINE_CURVE_WITH_KNOTS('',2,(#5778,#5779,#5780),.UNSPECIFIED.,
 .F.,.F.,(3,3),(0.,1.),.PIECEWISE_BEZIER_KNOTS.);
#2944=B_SPLINE_CURVE_WITH_KNOTS('',2,(#5797,#5798,#5799),.UNSPECIFIED.,
 .F.,.F.,(3,3),(0.,1.),.PIECEWISE_BEZIER_KNOTS.);
#2945=B_SPLINE_CURVE_WITH_KNOTS('',2,(#5814,#5815,#5816),.UNSPECIFIED.,
 .F.,.F.,(3,3),(0.,1.),.PIECEWISE_BEZIER_KNOTS.);
#2946=B_SPLINE_CURVE_WITH_KNOTS('',2,(#5827,#5828,#5829),.UNSPECIFIED.,
 .F.,.F.,(3,3),(0.,1.),.PIECEWISE_BEZIER_KNOTS.);
#2947=B_SPLINE_CURVE_WITH_KNOTS('',2,(#5844,#5845,#5846),.UNSPECIFIED.,
 .F.,.F.,(3,3),(0.,1.),.PIECEWISE_BEZIER_KNOTS.);
#2948=B_SPLINE_CURVE_WITH_KNOTS('',2,(#5857,#5858,#5859),.UNSPECIFIED.,
 .F.,.F.,(3,3),(0.,1.),.PIECEWISE_BEZIER_KNOTS.);
#2949=B_SPLINE_CURVE_WITH_KNOTS('',2,(#5882,#5883,#5884),.UNSPECIFIED.,
 .F.,.F.,(3,3),(0.,1.),.PIECEWISE_BEZIER_KNOTS.);
#2950=B_SPLINE_CURVE_WITH_KNOTS('',2,(#5895,#5896,#5897),.UNSPECIFIED.,
 .F.,.F.,(3,3),(0.,1.),.PIECEWISE_BEZIER_KNOTS.);
#2951=B_SPLINE_CURVE_WITH_KNOTS('',2,(#5908,#5909,#5910),.UNSPECIFIED.,
 .F.,.F.,(3,3),(0.,1.),.PIECEWISE_BEZIER_KNOTS.);
#2952=B_SPLINE_CURVE_WITH_KNOTS('',2,(#5933,#5934,#5935),.UNSPECIFIED.,
 .F.,.F.,(3,3),(0.,1.),.PIECEWISE_BEZIER_KNOTS.);
#2953=B_SPLINE_CURVE_WITH_KNOTS('',2,(#5936,#5937,#5938),.UNSPECIFIED.,
 .F.,.F.,(3,3),(0.,1.),.PIECEWISE_BEZIER_KNOTS.);
#2954=B_SPLINE_CURVE_WITH_KNOTS('',2,(#5956,#5957,#5958),.UNSPECIFIED.,
 .F.,.F.,(3,3),(0.,1.),.PIECEWISE_BEZIER_KNOTS.);
#2955=B_SPLINE_CURVE_WITH_KNOTS('',2,(#5993,#5994,#5995),.UNSPECIFIED.,
 .F.,.F.,(3,3),(0.,1.),.PIECEWISE_BEZIER_KNOTS.);
#2956=B_SPLINE_CURVE_WITH_KNOTS('',2,(#6006,#6007,#6008),.UNSPECIFIED.,
 .F.,.F.,(3,3),(0.,1.),.PIECEWISE_BEZIER_KNOTS.);
#2957=B_SPLINE_CURVE_WITH_KNOTS('',2,(#6019,#6020,#6021),.UNSPECIFIED.,
 .F.,.F.,(3,3),(0.,1.),.PIECEWISE_BEZIER_KNOTS.);
#2958=B_SPLINE_CURVE_WITH_KNOTS('',2,(#6044,#6045,#6046),.UNSPECIFIED.,
 .F.,.F.,(3,3),(0.,1.),.PIECEWISE_BEZIER_KNOTS.);
#2959=B_SPLINE_CURVE_WITH_KNOTS('',2,(#6066,#6067,#6068),.UNSPECIFIED.,
 .F.,.F.,(3,3),(0.,1.),.PIECEWISE_BEZIER_KNOTS.);
#2960=B_SPLINE_CURVE_WITH_KNOTS('',2,(#6103,#6104,#6105),.UNSPECIFIED.,
 .F.,.F.,(3,3),(0.,1.),.PIECEWISE_BEZIER_KNOTS.);
#2961=B_SPLINE_CURVE_WITH_KNOTS('',2,(#6116,#6117,#6118),.UNSPECIFIED.,
 .F.,.F.,(3,3),(0.,1.),.PIECEWISE_BEZIER_KNOTS.);
#2962=B_SPLINE_CURVE_WITH_KNOTS('',2,(#6129,#6130,#6131),.UNSPECIFIED.,
 .F.,.F.,(3,3),(0.,1.),.PIECEWISE_BEZIER_KNOTS.);
#2963=B_SPLINE_CURVE_WITH_KNOTS('',2,(#6154,#6155,#6156),.UNSPECIFIED.,
 .F.,.F.,(3,3),(0.,1.),.PIECEWISE_BEZIER_KNOTS.);
#2964=B_SPLINE_CURVE_WITH_KNOTS('',2,(#6189,#6190,#6191),.UNSPECIFIED.,
 .F.,.F.,(3,3),(0.,1.),.PIECEWISE_BEZIER_KNOTS.);
#2965=B_SPLINE_CURVE_WITH_KNOTS('',2,(#6195,#6196,#6197),.UNSPECIFIED.,
 .F.,.F.,(3,3),(0.,1.),.PIECEWISE_BEZIER_KNOTS.);
#2966=B_SPLINE_CURVE_WITH_KNOTS('',2,(#6250,#6251,#6252),.UNSPECIFIED.,
 .F.,.F.,(3,3),(0.,1.),.PIECEWISE_BEZIER_KNOTS.);
#2967=B_SPLINE_CURVE_WITH_KNOTS('',2,(#6265,#6266,#6267),.UNSPECIFIED.,
 .F.,.F.,(3,3),(0.,1.),.PIECEWISE_BEZIER_KNOTS.);
#2968=B_SPLINE_CURVE_WITH_KNOTS('',2,(#6282,#6283,#6284),.UNSPECIFIED.,
 .F.,.F.,(3,3),(0.,1.),.PIECEWISE_BEZIER_KNOTS.);
#2969=B_SPLINE_CURVE_WITH_KNOTS('',2,(#6295,#6296,#6297),.UNSPECIFIED.,
 .F.,.F.,(3,3),(0.,1.),.PIECEWISE_BEZIER_KNOTS.);
#2970=B_SPLINE_CURVE_WITH_KNOTS('',2,(#6312,#6313,#6314),.UNSPECIFIED.,
 .F.,.F.,(3,3),(0.,1.),.PIECEWISE_BEZIER_KNOTS.);
#2971=B_SPLINE_CURVE_WITH_KNOTS('',2,(#6325,#6326,#6327),.UNSPECIFIED.,
 .F.,.F.,(3,3),(0.,1.),.PIECEWISE_BEZIER_KNOTS.);
#2972=B_SPLINE_CURVE_WITH_KNOTS('',2,(#6342,#6343,#6344),.UNSPECIFIED.,
 .F.,.F.,(3,3),(0.,1.),.PIECEWISE_BEZIER_KNOTS.);
#2973=B_SPLINE_CURVE_WITH_KNOTS('',2,(#6355,#6356,#6357),.UNSPECIFIED.,
 .F.,.F.,(3,3),(0.,1.),.PIECEWISE_BEZIER_KNOTS.);
#2974=B_SPLINE_CURVE_WITH_KNOTS('',2,(#6384,#6385,#6386),.UNSPECIFIED.,
 .F.,.F.,(3,3),(0.,1.),.PIECEWISE_BEZIER_KNOTS.);
#2975=B_SPLINE_CURVE_WITH_KNOTS('',2,(#6417,#6418,#6419),.UNSPECIFIED.,
 .F.,.F.,(3,3),(0.,1.),.PIECEWISE_BEZIER_KNOTS.);
#2976=B_SPLINE_CURVE_WITH_KNOTS('',2,(#6430,#6431,#6432),.UNSPECIFIED.,
 .F.,.F.,(3,3),(0.,1.),.PIECEWISE_BEZIER_KNOTS.);
#2977=B_SPLINE_CURVE_WITH_KNOTS('',2,(#6460,#6461,#6462),.UNSPECIFIED.,
 .F.,.F.,(3,3),(0.,1.),.PIECEWISE_BEZIER_KNOTS.);
#2978=B_SPLINE_CURVE_WITH_KNOTS('',2,(#6497,#6498,#6499),.UNSPECIFIED.,
 .F.,.F.,(3,3),(0.,1.),.PIECEWISE_BEZIER_KNOTS.);
#2979=B_SPLINE_CURVE_WITH_KNOTS('',2,(#6510,#6511,#6512),.UNSPECIFIED.,
 .F.,.F.,(3,3),(0.,1.),.PIECEWISE_BEZIER_KNOTS.);
#2980=B_SPLINE_CURVE_WITH_KNOTS('',2,(#6523,#6524,#6525),.UNSPECIFIED.,
 .F.,.F.,(3,3),(0.,1.),.PIECEWISE_BEZIER_KNOTS.);
#2981=B_SPLINE_CURVE_WITH_KNOTS('',2,(#6548,#6549,#6550),.UNSPECIFIED.,
 .F.,.F.,(3,3),(0.,1.),.PIECEWISE_BEZIER_KNOTS.);
#2982=B_SPLINE_CURVE_WITH_KNOTS('',3,(#6570,#6571,#6572,#6573,#6574,#6575,
#6576,#6577),.UNSPECIFIED.,.F.,.F.,(4,1,1,1,1,4),(1.95156391047391E-18,
0.00396463713381231,0.00594695570071846,0.00792927426762462,0.0118939114014369,
0.0158585485352492),.UNSPECIFIED.);
#2983=B_SPLINE_CURVE_WITH_KNOTS('',3,(#6579,#6580,#6581,#6582,#6583,#6584,
#6585,#6586),.UNSPECIFIED.,.F.,.F.,(4,1,1,1,1,4),(0.,0.00393570871789535,
0.0078714174357907,0.00983927179473837,0.011807126153686,0.0157428348715814),
 .UNSPECIFIED.);
#2984=EDGE_LOOP('',(#833,#834,#835,#836,#837,#838,#839,#840,#841,#842,#843,
#844,#845,#846,#847,#848));
#2985=EDGE_LOOP('',(#849,#850,#851,#852,#853,#854,#855,#856,#857,#858,#859,
#860,#861,#862,#863,#864));
#2986=EDGE_LOOP('',(#865,#866,#867,#868,#869,#870,#871,#872,#873,#874,#875,
#876,#877,#878,#879,#880,#881,#882));
#2987=EDGE_LOOP('',(#883,#884,#885,#886,#887,#888,#889,#890,#891,#892,#893,
#894,#895,#896,#897,#898,#899,#900));
#2988=EDGE_LOOP('',(#901,#902,#903,#904,#905,#906,#907,#908,#909,#910,#911,
#912,#913));
#2989=EDGE_LOOP('',(#914,#915,#916,#917,#918,#919,#920,#921,#922,#923,#924,
#925,#926,#927,#928,#929,#930,#931,#932,#933,#934,#935,#936,#937));
#2990=EDGE_LOOP('',(#938,#939,#940,#941,#942,#943,#944,#945,#946,#947,#948,
#949));
#2991=EDGE_LOOP('',(#950,#951,#952,#953,#954,#955,#956,#957,#958,#959,#960,
#961,#962));
#2992=EDGE_LOOP('',(#963,#964,#965,#966,#967,#968,#969,#970,#971,#972,#973,
#974,#975,#976,#977,#978));
#2993=EDGE_LOOP('',(#979,#980,#981,#982,#983,#984));
#2994=EDGE_LOOP('',(#985,#986,#987,#988,#989,#990,#991,#992,#993,#994));
#2995=EDGE_LOOP('',(#995,#996,#997,#998,#999,#1000,#1001,#1002,#1003,#1004));
#2996=EDGE_LOOP('',(#1005,#1006,#1007,#1008));
#2997=EDGE_LOOP('',(#1009,#1010,#1011,#1012));
#2998=EDGE_LOOP('',(#1013,#1014,#1015,#1016,#1017));
#2999=EDGE_LOOP('',(#1018,#1019,#1020,#1021));
#3000=EDGE_LOOP('',(#1022,#1023,#1024,#1025,#1026));
#3001=EDGE_LOOP('',(#1027,#1028,#1029,#1030));
#3002=EDGE_LOOP('',(#1031,#1032,#1033,#1034));
#3003=EDGE_LOOP('',(#1035,#1036,#1037,#1038));
#3004=EDGE_LOOP('',(#1039,#1040,#1041,#1042));
#3005=EDGE_LOOP('',(#1043,#1044,#1045,#1046));
#3006=EDGE_LOOP('',(#1047,#1048,#1049,#1050));
#3007=EDGE_LOOP('',(#1051,#1052,#1053,#1054));
#3008=EDGE_LOOP('',(#1055,#1056,#1057,#1058));
#3009=EDGE_LOOP('',(#1059,#1060,#1061,#1062));
#3010=EDGE_LOOP('',(#1063,#1064,#1065,#1066));
#3011=EDGE_LOOP('',(#1067,#1068,#1069,#1070));
#3012=EDGE_LOOP('',(#1071,#1072,#1073,#1074));
#3013=EDGE_LOOP('',(#1075,#1076,#1077,#1078));
#3014=EDGE_LOOP('',(#1079,#1080,#1081,#1082));
#3015=EDGE_LOOP('',(#1083,#1084,#1085,#1086));
#3016=EDGE_LOOP('',(#1087,#1088,#1089,#1090));
#3017=EDGE_LOOP('',(#1091,#1092,#1093,#1094));
#3018=EDGE_LOOP('',(#1095,#1096,#1097,#1098));
#3019=EDGE_LOOP('',(#1099,#1100,#1101,#1102));
#3020=EDGE_LOOP('',(#1103,#1104,#1105,#1106));
#3021=EDGE_LOOP('',(#1107,#1108,#1109,#1110));
#3022=EDGE_LOOP('',(#1111,#1112,#1113,#1114));
#3023=EDGE_LOOP('',(#1115,#1116,#1117,#1118));
#3024=EDGE_LOOP('',(#1119,#1120,#1121,#1122));
#3025=EDGE_LOOP('',(#1123,#1124,#1125,#1126));
#3026=EDGE_LOOP('',(#1127,#1128,#1129,#1130,#1131,#1132,#1133,#1134,#1135,
#1136,#1137,#1138,#1139,#1140,#1141,#1142,#1143,#1144));
#3027=EDGE_LOOP('',(#1145,#1146,#1147,#1148,#1149));
#3028=EDGE_LOOP('',(#1150,#1151,#1152,#1153));
#3029=EDGE_LOOP('',(#1154,#1155,#1156,#1157));
#3030=EDGE_LOOP('',(#1158,#1159,#1160,#1161));
#3031=EDGE_LOOP('',(#1162,#1163,#1164,#1165));
#3032=EDGE_LOOP('',(#1166,#1167,#1168,#1169));
#3033=EDGE_LOOP('',(#1170,#1171,#1172,#1173));
#3034=EDGE_LOOP('',(#1174,#1175,#1176,#1177));
#3035=EDGE_LOOP('',(#1178,#1179,#1180,#1181));
#3036=EDGE_LOOP('',(#1182,#1183,#1184,#1185));
#3037=EDGE_LOOP('',(#1186,#1187,#1188,#1189));
#3038=EDGE_LOOP('',(#1190,#1191,#1192,#1193));
#3039=EDGE_LOOP('',(#1194,#1195,#1196,#1197));
#3040=EDGE_LOOP('',(#1198,#1199,#1200,#1201));
#3041=EDGE_LOOP('',(#1202,#1203,#1204,#1205,#1206,#1207,#1208,#1209,#1210,
#1211,#1212,#1213,#1214));
#3042=EDGE_LOOP('',(#1215,#1216,#1217,#1218));
#3043=EDGE_LOOP('',(#1219,#1220,#1221,#1222));
#3044=EDGE_LOOP('',(#1223,#1224,#1225,#1226));
#3045=EDGE_LOOP('',(#1227,#1228,#1229,#1230));
#3046=EDGE_LOOP('',(#1231,#1232,#1233,#1234));
#3047=EDGE_LOOP('',(#1235,#1236,#1237,#1238));
#3048=EDGE_LOOP('',(#1239,#1240,#1241,#1242));
#3049=EDGE_LOOP('',(#1243,#1244,#1245,#1246));
#3050=EDGE_LOOP('',(#1247,#1248,#1249,#1250));
#3051=EDGE_LOOP('',(#1251,#1252,#1253,#1254));
#3052=EDGE_LOOP('',(#1255,#1256,#1257,#1258));
#3053=EDGE_LOOP('',(#1259,#1260,#1261,#1262));
#3054=EDGE_LOOP('',(#1263,#1264,#1265,#1266));
#3055=EDGE_LOOP('',(#1267,#1268,#1269,#1270));
#3056=EDGE_LOOP('',(#1271,#1272,#1273,#1274));
#3057=EDGE_LOOP('',(#1275,#1276,#1277,#1278));
#3058=EDGE_LOOP('',(#1279,#1280,#1281,#1282));
#3059=EDGE_LOOP('',(#1283,#1284,#1285,#1286));
#3060=EDGE_LOOP('',(#1287,#1288,#1289,#1290));
#3061=EDGE_LOOP('',(#1291,#1292,#1293,#1294));
#3062=EDGE_LOOP('',(#1295,#1296,#1297,#1298));
#3063=EDGE_LOOP('',(#1299,#1300,#1301,#1302));
#3064=EDGE_LOOP('',(#1303,#1304,#1305,#1306));
#3065=EDGE_LOOP('',(#1307,#1308,#1309,#1310));
#3066=EDGE_LOOP('',(#1311,#1312,#1313,#1314,#1315,#1316,#1317,#1318,#1319,
#1320,#1321,#1322,#1323,#1324,#1325,#1326,#1327,#1328,#1329,#1330,#1331,
#1332,#1333,#1334));
#3067=EDGE_LOOP('',(#1335,#1336,#1337,#1338));
#3068=EDGE_LOOP('',(#1339,#1340,#1341,#1342));
#3069=EDGE_LOOP('',(#1343,#1344,#1345,#1346));
#3070=EDGE_LOOP('',(#1347,#1348,#1349,#1350));
#3071=EDGE_LOOP('',(#1351,#1352,#1353,#1354));
#3072=EDGE_LOOP('',(#1355,#1356,#1357,#1358));
#3073=EDGE_LOOP('',(#1359,#1360,#1361,#1362));
#3074=EDGE_LOOP('',(#1363,#1364,#1365,#1366));
#3075=EDGE_LOOP('',(#1367,#1368,#1369,#1370));
#3076=EDGE_LOOP('',(#1371,#1372,#1373,#1374));
#3077=EDGE_LOOP('',(#1375,#1376,#1377,#1378));
#3078=EDGE_LOOP('',(#1379,#1380,#1381,#1382));
#3079=EDGE_LOOP('',(#1383,#1384,#1385,#1386));
#3080=EDGE_LOOP('',(#1387,#1388,#1389,#1390));
#3081=EDGE_LOOP('',(#1391,#1392,#1393,#1394));
#3082=EDGE_LOOP('',(#1395,#1396,#1397,#1398));
#3083=EDGE_LOOP('',(#1399,#1400,#1401,#1402));
#3084=EDGE_LOOP('',(#1403,#1404,#1405,#1406));
#3085=EDGE_LOOP('',(#1407,#1408,#1409,#1410));
#3086=EDGE_LOOP('',(#1411,#1412,#1413,#1414));
#3087=EDGE_LOOP('',(#1415,#1416,#1417,#1418));
#3088=EDGE_LOOP('',(#1419,#1420,#1421,#1422));
#3089=EDGE_LOOP('',(#1423,#1424,#1425,#1426));
#3090=EDGE_LOOP('',(#1427,#1428,#1429,#1430,#1431,#1432,#1433,#1434,#1435,
#1436,#1437,#1438,#1439,#1440,#1441,#1442,#1443,#1444));
#3091=EDGE_LOOP('',(#1445,#1446,#1447,#1448,#1449));
#3092=EDGE_LOOP('',(#1450,#1451,#1452,#1453));
#3093=EDGE_LOOP('',(#1454,#1455,#1456,#1457));
#3094=EDGE_LOOP('',(#1458,#1459,#1460,#1461));
#3095=EDGE_LOOP('',(#1462,#1463,#1464,#1465));
#3096=EDGE_LOOP('',(#1466,#1467,#1468,#1469));
#3097=EDGE_LOOP('',(#1470,#1471,#1472,#1473));
#3098=EDGE_LOOP('',(#1474,#1475,#1476,#1477));
#3099=EDGE_LOOP('',(#1478,#1479,#1480,#1481));
#3100=EDGE_LOOP('',(#1482,#1483,#1484,#1485));
#3101=EDGE_LOOP('',(#1486,#1487,#1488,#1489));
#3102=EDGE_LOOP('',(#1490,#1491,#1492,#1493));
#3103=EDGE_LOOP('',(#1494,#1495,#1496,#1497));
#3104=EDGE_LOOP('',(#1498,#1499,#1500,#1501));
#3105=EDGE_LOOP('',(#1502,#1503,#1504,#1505));
#3106=EDGE_LOOP('',(#1506,#1507,#1508,#1509));
#3107=EDGE_LOOP('',(#1510,#1511,#1512,#1513));
#3108=EDGE_LOOP('',(#1514,#1515,#1516,#1517,#1518,#1519,#1520,#1521,#1522,
#1523,#1524,#1525,#1526,#1527,#1528,#1529));
#3109=EDGE_LOOP('',(#1530,#1531,#1532,#1533));
#3110=EDGE_LOOP('',(#1534,#1535,#1536,#1537));
#3111=EDGE_LOOP('',(#1538,#1539,#1540,#1541));
#3112=EDGE_LOOP('',(#1542,#1543,#1544,#1545));
#3113=EDGE_LOOP('',(#1546,#1547,#1548,#1549));
#3114=EDGE_LOOP('',(#1550,#1551,#1552,#1553));
#3115=EDGE_LOOP('',(#1554,#1555,#1556,#1557));
#3116=EDGE_LOOP('',(#1558,#1559,#1560,#1561));
#3117=EDGE_LOOP('',(#1562,#1563,#1564,#1565));
#3118=EDGE_LOOP('',(#1566,#1567,#1568,#1569));
#3119=EDGE_LOOP('',(#1570,#1571,#1572,#1573));
#3120=EDGE_LOOP('',(#1574,#1575,#1576,#1577));
#3121=EDGE_LOOP('',(#1578,#1579,#1580,#1581));
#3122=EDGE_LOOP('',(#1582,#1583,#1584,#1585));
#3123=EDGE_LOOP('',(#1586,#1587,#1588,#1589));
#3124=EDGE_LOOP('',(#1590,#1591,#1592,#1593));
#3125=EDGE_LOOP('',(#1594,#1595,#1596,#1597,#1598,#1599,#1600,#1601,#1602,
#1603,#1604,#1605,#1606,#1607,#1608,#1609));
#3126=EDGE_LOOP('',(#1610,#1611,#1612,#1613));
#3127=EDGE_LOOP('',(#1614,#1615,#1616,#1617));
#3128=EDGE_LOOP('',(#1618,#1619,#1620,#1621));
#3129=EDGE_LOOP('',(#1622,#1623,#1624,#1625));
#3130=EDGE_LOOP('',(#1626,#1627,#1628,#1629));
#3131=EDGE_LOOP('',(#1630,#1631,#1632,#1633));
#3132=EDGE_LOOP('',(#1634,#1635,#1636,#1637));
#3133=EDGE_LOOP('',(#1638,#1639,#1640,#1641));
#3134=EDGE_LOOP('',(#1642,#1643,#1644,#1645));
#3135=EDGE_LOOP('',(#1646,#1647,#1648,#1649));
#3136=EDGE_LOOP('',(#1650,#1651,#1652,#1653));
#3137=EDGE_LOOP('',(#1654,#1655,#1656,#1657));
#3138=EDGE_LOOP('',(#1658,#1659,#1660,#1661));
#3139=EDGE_LOOP('',(#1662,#1663,#1664,#1665));
#3140=EDGE_LOOP('',(#1666,#1667,#1668,#1669));
#3141=EDGE_LOOP('',(#1670,#1671,#1672,#1673));
#3142=EDGE_LOOP('',(#1674,#1675,#1676,#1677));
#3143=EDGE_LOOP('',(#1678,#1679,#1680,#1681));
#3144=EDGE_LOOP('',(#1682,#1683,#1684,#1685));
#3145=EDGE_LOOP('',(#1686,#1687,#1688,#1689));
#3146=EDGE_LOOP('',(#1690,#1691,#1692,#1693));
#3147=EDGE_LOOP('',(#1694,#1695,#1696,#1697));
#3148=EDGE_LOOP('',(#1698,#1699,#1700,#1701));
#3149=EDGE_LOOP('',(#1702,#1703,#1704,#1705));
#3150=EDGE_LOOP('',(#1706,#1707,#1708,#1709,#1710,#1711,#1712,#1713,#1714,
#1715,#1716,#1717));
#3151=EDGE_LOOP('',(#1718,#1719,#1720,#1721,#1722,#1723,#1724,#1725,#1726,
#1727,#1728,#1729));
#3152=EDGE_LOOP('',(#1730,#1731,#1732,#1733));
#3153=EDGE_LOOP('',(#1734,#1735,#1736,#1737));
#3154=EDGE_LOOP('',(#1738,#1739,#1740,#1741));
#3155=EDGE_LOOP('',(#1742,#1743,#1744,#1745));
#3156=EDGE_LOOP('',(#1746,#1747,#1748,#1749));
#3157=EDGE_LOOP('',(#1750,#1751,#1752,#1753));
#3158=EDGE_LOOP('',(#1754,#1755,#1756,#1757));
#3159=EDGE_LOOP('',(#1758,#1759,#1760,#1761));
#3160=EDGE_LOOP('',(#1762,#1763,#1764,#1765));
#3161=EDGE_LOOP('',(#1766,#1767,#1768,#1769));
#3162=EDGE_LOOP('',(#1770,#1771,#1772,#1773));
#3163=EDGE_LOOP('',(#1774,#1775,#1776,#1777));
#3164=EDGE_LOOP('',(#1778,#1779,#1780,#1781));
#3165=EDGE_LOOP('',(#1782,#1783,#1784,#1785,#1786,#1787,#1788,#1789,#1790,
#1791,#1792,#1793,#1794));
#3166=EDGE_LOOP('',(#1795,#1796,#1797,#1798));
#3167=EDGE_LOOP('',(#1799,#1800,#1801,#1802));
#3168=EDGE_LOOP('',(#1803,#1804,#1805,#1806));
#3169=EDGE_LOOP('',(#1807,#1808,#1809,#1810));
#3170=EDGE_LOOP('',(#1811,#1812,#1813,#1814));
#3171=EDGE_LOOP('',(#1815,#1816,#1817,#1818));
#3172=EDGE_LOOP('',(#1819,#1820,#1821,#1822));
#3173=EDGE_LOOP('',(#1823,#1824,#1825,#1826));
#3174=EDGE_LOOP('',(#1827,#1828,#1829,#1830));
#3175=EDGE_LOOP('',(#1831,#1832,#1833,#1834));
#3176=EDGE_LOOP('',(#1835,#1836,#1837,#1838));
#3177=EDGE_LOOP('',(#1839,#1840,#1841,#1842));
#3178=EDGE_LOOP('',(#1843,#1844,#1845,#1846));
#3179=EDGE_LOOP('',(#1847,#1848,#1849,#1850));
#3180=EDGE_LOOP('',(#1851,#1852,#1853,#1854));
#3181=EDGE_LOOP('',(#1855,#1856,#1857,#1858));
#3182=EDGE_LOOP('',(#1859,#1860,#1861,#1862,#1863,#1864,#1865,#1866,#1867,
#1868,#1869,#1870,#1871,#1872,#1873,#1874));
#3183=EDGE_LOOP('',(#1875,#1876,#1877,#1878,#1879));
#3184=EDGE_LOOP('',(#1880,#1881,#1882,#1883,#1884));
#3185=EDGE_LOOP('',(#1885,#1886,#1887,#1888,#1889,#1890,#1891,#1892,#1893,
#1894,#1895,#1896));
#3186=EDGE_LOOP('',(#1897,#1898,#1899,#1900));
#3187=EDGE_LOOP('',(#1901,#1902,#1903));
#3188=EDGE_LOOP('',(#1904,#1905,#1906));
#3189=EDGE_LOOP('',(#1907,#1908,#1909,#1910,#1911,#1912));
#3190=EDGE_LOOP('',(#1913,#1914,#1915,#1916,#1917,#1918));
#3191=EDGE_LOOP('',(#1919,#1920,#1921,#1922));
#3192=EDGE_LOOP('',(#1923,#1924,#1925,#1926));
#3193=FACE_BOUND('',#2984,.T.);
#3194=FACE_BOUND('',#2985,.T.);
#3195=FACE_BOUND('',#2986,.T.);
#3196=FACE_BOUND('',#2987,.T.);
#3197=FACE_BOUND('',#2988,.T.);
#3198=FACE_BOUND('',#2989,.T.);
#3199=FACE_BOUND('',#2990,.T.);
#3200=FACE_BOUND('',#2991,.T.);
#3201=FACE_BOUND('',#2992,.T.);
#3202=FACE_BOUND('',#2993,.T.);
#3203=FACE_BOUND('',#2994,.T.);
#3204=FACE_BOUND('',#2995,.T.);
#3205=FACE_BOUND('',#2996,.T.);
#3206=FACE_BOUND('',#2997,.T.);
#3207=FACE_BOUND('',#2998,.T.);
#3208=FACE_BOUND('',#2999,.T.);
#3209=FACE_BOUND('',#3000,.T.);
#3210=FACE_BOUND('',#3001,.T.);
#3211=FACE_BOUND('',#3002,.T.);
#3212=FACE_BOUND('',#3003,.T.);
#3213=FACE_BOUND('',#3004,.T.);
#3214=FACE_BOUND('',#3005,.T.);
#3215=FACE_BOUND('',#3006,.T.);
#3216=FACE_BOUND('',#3007,.T.);
#3217=FACE_BOUND('',#3008,.T.);
#3218=FACE_BOUND('',#3009,.T.);
#3219=FACE_BOUND('',#3010,.T.);
#3220=FACE_BOUND('',#3011,.T.);
#3221=FACE_BOUND('',#3012,.T.);
#3222=FACE_BOUND('',#3013,.T.);
#3223=FACE_BOUND('',#3014,.T.);
#3224=FACE_BOUND('',#3015,.T.);
#3225=FACE_BOUND('',#3016,.T.);
#3226=FACE_BOUND('',#3017,.T.);
#3227=FACE_BOUND('',#3018,.T.);
#3228=FACE_BOUND('',#3019,.T.);
#3229=FACE_BOUND('',#3020,.T.);
#3230=FACE_BOUND('',#3021,.T.);
#3231=FACE_BOUND('',#3022,.T.);
#3232=FACE_BOUND('',#3023,.T.);
#3233=FACE_BOUND('',#3024,.T.);
#3234=FACE_BOUND('',#3025,.T.);
#3235=FACE_BOUND('',#3026,.T.);
#3236=FACE_BOUND('',#3027,.T.);
#3237=FACE_BOUND('',#3028,.T.);
#3238=FACE_BOUND('',#3029,.T.);
#3239=FACE_BOUND('',#3030,.T.);
#3240=FACE_BOUND('',#3031,.T.);
#3241=FACE_BOUND('',#3032,.T.);
#3242=FACE_BOUND('',#3033,.T.);
#3243=FACE_BOUND('',#3034,.T.);
#3244=FACE_BOUND('',#3035,.T.);
#3245=FACE_BOUND('',#3036,.T.);
#3246=FACE_BOUND('',#3037,.T.);
#3247=FACE_BOUND('',#3038,.T.);
#3248=FACE_BOUND('',#3039,.T.);
#3249=FACE_BOUND('',#3040,.T.);
#3250=FACE_BOUND('',#3041,.T.);
#3251=FACE_BOUND('',#3042,.T.);
#3252=FACE_BOUND('',#3043,.T.);
#3253=FACE_BOUND('',#3044,.T.);
#3254=FACE_BOUND('',#3045,.T.);
#3255=FACE_BOUND('',#3046,.T.);
#3256=FACE_BOUND('',#3047,.T.);
#3257=FACE_BOUND('',#3048,.T.);
#3258=FACE_BOUND('',#3049,.T.);
#3259=FACE_BOUND('',#3050,.T.);
#3260=FACE_BOUND('',#3051,.T.);
#3261=FACE_BOUND('',#3052,.T.);
#3262=FACE_BOUND('',#3053,.T.);
#3263=FACE_BOUND('',#3054,.T.);
#3264=FACE_BOUND('',#3055,.T.);
#3265=FACE_BOUND('',#3056,.T.);
#3266=FACE_BOUND('',#3057,.T.);
#3267=FACE_BOUND('',#3058,.T.);
#3268=FACE_BOUND('',#3059,.T.);
#3269=FACE_BOUND('',#3060,.T.);
#3270=FACE_BOUND('',#3061,.T.);
#3271=FACE_BOUND('',#3062,.T.);
#3272=FACE_BOUND('',#3063,.T.);
#3273=FACE_BOUND('',#3064,.T.);
#3274=FACE_BOUND('',#3065,.T.);
#3275=FACE_BOUND('',#3066,.T.);
#3276=FACE_BOUND('',#3067,.T.);
#3277=FACE_BOUND('',#3068,.T.);
#3278=FACE_BOUND('',#3069,.T.);
#3279=FACE_BOUND('',#3070,.T.);
#3280=FACE_BOUND('',#3071,.T.);
#3281=FACE_BOUND('',#3072,.T.);
#3282=FACE_BOUND('',#3073,.T.);
#3283=FACE_BOUND('',#3074,.T.);
#3284=FACE_BOUND('',#3075,.T.);
#3285=FACE_BOUND('',#3076,.T.);
#3286=FACE_BOUND('',#3077,.T.);
#3287=FACE_BOUND('',#3078,.T.);
#3288=FACE_BOUND('',#3079,.T.);
#3289=FACE_BOUND('',#3080,.T.);
#3290=FACE_BOUND('',#3081,.T.);
#3291=FACE_BOUND('',#3082,.T.);
#3292=FACE_BOUND('',#3083,.T.);
#3293=FACE_BOUND('',#3084,.T.);
#3294=FACE_BOUND('',#3085,.T.);
#3295=FACE_BOUND('',#3086,.T.);
#3296=FACE_BOUND('',#3087,.T.);
#3297=FACE_BOUND('',#3088,.T.);
#3298=FACE_BOUND('',#3089,.T.);
#3299=FACE_BOUND('',#3090,.T.);
#3300=FACE_BOUND('',#3091,.T.);
#3301=FACE_BOUND('',#3092,.T.);
#3302=FACE_BOUND('',#3093,.T.);
#3303=FACE_BOUND('',#3094,.T.);
#3304=FACE_BOUND('',#3095,.T.);
#3305=FACE_BOUND('',#3096,.T.);
#3306=FACE_BOUND('',#3097,.T.);
#3307=FACE_BOUND('',#3098,.T.);
#3308=FACE_BOUND('',#3099,.T.);
#3309=FACE_BOUND('',#3100,.T.);
#3310=FACE_BOUND('',#3101,.T.);
#3311=FACE_BOUND('',#3102,.T.);
#3312=FACE_BOUND('',#3103,.T.);
#3313=FACE_BOUND('',#3104,.T.);
#3314=FACE_BOUND('',#3105,.T.);
#3315=FACE_BOUND('',#3106,.T.);
#3316=FACE_BOUND('',#3107,.T.);
#3317=FACE_BOUND('',#3108,.T.);
#3318=FACE_BOUND('',#3109,.T.);
#3319=FACE_BOUND('',#3110,.T.);
#3320=FACE_BOUND('',#3111,.T.);
#3321=FACE_BOUND('',#3112,.T.);
#3322=FACE_BOUND('',#3113,.T.);
#3323=FACE_BOUND('',#3114,.T.);
#3324=FACE_BOUND('',#3115,.T.);
#3325=FACE_BOUND('',#3116,.T.);
#3326=FACE_BOUND('',#3117,.T.);
#3327=FACE_BOUND('',#3118,.T.);
#3328=FACE_BOUND('',#3119,.T.);
#3329=FACE_BOUND('',#3120,.T.);
#3330=FACE_BOUND('',#3121,.T.);
#3331=FACE_BOUND('',#3122,.T.);
#3332=FACE_BOUND('',#3123,.T.);
#3333=FACE_BOUND('',#3124,.T.);
#3334=FACE_BOUND('',#3125,.T.);
#3335=FACE_BOUND('',#3126,.T.);
#3336=FACE_BOUND('',#3127,.T.);
#3337=FACE_BOUND('',#3128,.T.);
#3338=FACE_BOUND('',#3129,.T.);
#3339=FACE_BOUND('',#3130,.T.);
#3340=FACE_BOUND('',#3131,.T.);
#3341=FACE_BOUND('',#3132,.T.);
#3342=FACE_BOUND('',#3133,.T.);
#3343=FACE_BOUND('',#3134,.T.);
#3344=FACE_BOUND('',#3135,.T.);
#3345=FACE_BOUND('',#3136,.T.);
#3346=FACE_BOUND('',#3137,.T.);
#3347=FACE_BOUND('',#3138,.T.);
#3348=FACE_BOUND('',#3139,.T.);
#3349=FACE_BOUND('',#3140,.T.);
#3350=FACE_BOUND('',#3141,.T.);
#3351=FACE_BOUND('',#3142,.T.);
#3352=FACE_BOUND('',#3143,.T.);
#3353=FACE_BOUND('',#3144,.T.);
#3354=FACE_BOUND('',#3145,.T.);
#3355=FACE_BOUND('',#3146,.T.);
#3356=FACE_BOUND('',#3147,.T.);
#3357=FACE_BOUND('',#3148,.T.);
#3358=FACE_BOUND('',#3149,.T.);
#3359=FACE_BOUND('',#3150,.T.);
#3360=FACE_BOUND('',#3151,.T.);
#3361=FACE_BOUND('',#3152,.T.);
#3362=FACE_BOUND('',#3153,.T.);
#3363=FACE_BOUND('',#3154,.T.);
#3364=FACE_BOUND('',#3155,.T.);
#3365=FACE_BOUND('',#3156,.T.);
#3366=FACE_BOUND('',#3157,.T.);
#3367=FACE_BOUND('',#3158,.T.);
#3368=FACE_BOUND('',#3159,.T.);
#3369=FACE_BOUND('',#3160,.T.);
#3370=FACE_BOUND('',#3161,.T.);
#3371=FACE_BOUND('',#3162,.T.);
#3372=FACE_BOUND('',#3163,.T.);
#3373=FACE_BOUND('',#3164,.T.);
#3374=FACE_BOUND('',#3165,.T.);
#3375=FACE_BOUND('',#3166,.T.);
#3376=FACE_BOUND('',#3167,.T.);
#3377=FACE_BOUND('',#3168,.T.);
#3378=FACE_BOUND('',#3169,.T.);
#3379=FACE_BOUND('',#3170,.T.);
#3380=FACE_BOUND('',#3171,.T.);
#3381=FACE_BOUND('',#3172,.T.);
#3382=FACE_BOUND('',#3173,.T.);
#3383=FACE_BOUND('',#3174,.T.);
#3384=FACE_BOUND('',#3175,.T.);
#3385=FACE_BOUND('',#3176,.T.);
#3386=FACE_BOUND('',#3177,.T.);
#3387=FACE_BOUND('',#3178,.T.);
#3388=FACE_BOUND('',#3179,.T.);
#3389=FACE_BOUND('',#3180,.T.);
#3390=FACE_BOUND('',#3181,.T.);
#3391=FACE_BOUND('',#3182,.T.);
#3392=FACE_BOUND('',#3183,.T.);
#3393=FACE_BOUND('',#3184,.T.);
#3394=FACE_BOUND('',#3185,.T.);
#3395=FACE_BOUND('',#3186,.T.);
#3396=FACE_BOUND('',#3187,.T.);
#3397=FACE_BOUND('',#3188,.T.);
#3398=FACE_BOUND('',#3189,.T.);
#3399=FACE_BOUND('',#3190,.T.);
#3400=FACE_BOUND('',#3191,.T.);
#3401=FACE_BOUND('',#3192,.T.);
#3402=PLANE('',#3684);
#3403=PLANE('',#3723);
#3404=PLANE('',#3728);
#3405=PLANE('',#3731);
#3406=PLANE('',#3733);
#3407=PLANE('',#3734);
#3408=PLANE('',#3735);
#3409=PLANE('',#3736);
#3410=PLANE('',#3737);
#3411=PLANE('',#3738);
#3412=PLANE('',#3739);
#3413=PLANE('',#3748);
#3414=PLANE('',#3751);
#3415=PLANE('',#3758);
#3416=PLANE('',#3763);
#3417=PLANE('',#3764);
#3418=PLANE('',#3765);
#3419=PLANE('',#3766);
#3420=PLANE('',#3767);
#3421=PLANE('',#3772);
#3422=PLANE('',#3773);
#3423=PLANE('',#3774);
#3424=PLANE('',#3775);
#3425=PLANE('',#3776);
#3426=PLANE('',#3777);
#3427=PLANE('',#3780);
#3428=PLANE('',#3781);
#3429=PLANE('',#3782);
#3430=PLANE('',#3791);
#3431=PLANE('',#3794);
#3432=PLANE('',#3801);
#3433=PLANE('',#3806);
#3434=PLANE('',#3807);
#3435=PLANE('',#3808);
#3436=PLANE('',#3809);
#3437=PLANE('',#3810);
#3438=PLANE('',#3811);
#3439=PLANE('',#3812);
#3440=PLANE('',#3813);
#3441=PLANE('',#3816);
#3442=PLANE('',#3821);
#3443=PLANE('',#3822);
#3444=PLANE('',#3823);
#3445=PLANE('',#3824);
#3446=PLANE('',#3825);
#3447=PLANE('',#3826);
#3448=PLANE('',#3827);
#3449=PLANE('',#3828);
#3450=PLANE('',#3831);
#3451=PLANE('',#3873);
#3452=PLANE('',#3878);
#3453=PLANE('',#3879);
#3454=PLANE('',#3880);
#3455=PLANE('',#3881);
#3456=PLANE('',#3882);
#3457=PLANE('',#3887);
#3458=PLANE('',#3888);
#3459=PLANE('',#3893);
#3460=PLANE('',#3894);
#3461=PLANE('',#3895);
#3462=PLANE('',#3896);
#3463=PLANE('',#3897);
#3464=PLANE('',#3898);
#3465=PLANE('',#3899);
#3466=PLANE('',#3900);
#3467=PLANE('',#3903);
#3468=PLANE('',#3904);
#3469=PLANE('',#3905);
#3470=PLANE('',#3906);
#3471=PLANE('',#3907);
#3472=PLANE('',#3909);
#3473=PLANE('',#3910);
#3474=ADVANCED_FACE('',(#3193,#3194,#3195,#3196,#3197,#3198,#3199,#3200,
#3201,#3202),#3402,.T.);
#3475=ADVANCED_FACE('',(#3203),#3403,.T.);
#3476=ADVANCED_FACE('',(#3204),#3404,.F.);
#3477=ADVANCED_FACE('',(#3205),#3405,.F.);
#3478=ADVANCED_FACE('',(#3206),#3406,.F.);
#3479=ADVANCED_FACE('',(#3207),#3407,.F.);
#3480=ADVANCED_FACE('',(#3208),#3408,.F.);
#3481=ADVANCED_FACE('',(#3209),#3409,.F.);
#3482=ADVANCED_FACE('',(#3210),#3410,.T.);
#3483=ADVANCED_FACE('',(#3211),#3411,.F.);
#3484=ADVANCED_FACE('',(#3212),#65,.T.);
#3485=ADVANCED_FACE('',(#3213),#3412,.T.);
#3486=ADVANCED_FACE('',(#3214),#66,.T.);
#3487=ADVANCED_FACE('',(#3215),#67,.T.);
#3488=ADVANCED_FACE('',(#3216),#12,.F.);
#3489=ADVANCED_FACE('',(#3217),#68,.T.);
#3490=ADVANCED_FACE('',(#3218),#13,.F.);
#3491=ADVANCED_FACE('',(#3219),#69,.T.);
#3492=ADVANCED_FACE('',(#3220),#70,.T.);
#3493=ADVANCED_FACE('',(#3221),#14,.F.);
#3494=ADVANCED_FACE('',(#3222),#71,.T.);
#3495=ADVANCED_FACE('',(#3223),#72,.T.);
#3496=ADVANCED_FACE('',(#3224),#15,.F.);
#3497=ADVANCED_FACE('',(#3225),#3413,.T.);
#3498=ADVANCED_FACE('',(#3226),#16,.T.);
#3499=ADVANCED_FACE('',(#3227),#73,.T.);
#3500=ADVANCED_FACE('',(#3228),#74,.T.);
#3501=ADVANCED_FACE('',(#3229),#75,.T.);
#3502=ADVANCED_FACE('',(#3230),#3414,.T.);
#3503=ADVANCED_FACE('',(#3231),#17,.F.);
#3504=ADVANCED_FACE('',(#3232),#18,.F.);
#3505=ADVANCED_FACE('',(#3233),#19,.F.);
#3506=ADVANCED_FACE('',(#3234),#76,.T.);
#3507=ADVANCED_FACE('',(#3235,#3236),#3415,.T.);
#3508=ADVANCED_FACE('',(#3237),#20,.F.);
#3509=ADVANCED_FACE('',(#3238),#21,.F.);
#3510=ADVANCED_FACE('',(#3239),#77,.T.);
#3511=ADVANCED_FACE('',(#3240),#3416,.T.);
#3512=ADVANCED_FACE('',(#3241),#3417,.T.);
#3513=ADVANCED_FACE('',(#3242),#3418,.T.);
#3514=ADVANCED_FACE('',(#3243),#3419,.T.);
#3515=ADVANCED_FACE('',(#3244),#3420,.T.);
#3516=ADVANCED_FACE('',(#3245),#78,.T.);
#3517=ADVANCED_FACE('',(#3246),#79,.T.);
#3518=ADVANCED_FACE('',(#3247),#22,.T.);
#3519=ADVANCED_FACE('',(#3248),#23,.T.);
#3520=ADVANCED_FACE('',(#3249),#3421,.T.);
#3521=ADVANCED_FACE('',(#3250),#3422,.T.);
#3522=ADVANCED_FACE('',(#3251),#80,.T.);
#3523=ADVANCED_FACE('',(#3252),#81,.T.);
#3524=ADVANCED_FACE('',(#3253),#82,.T.);
#3525=ADVANCED_FACE('',(#3254),#83,.T.);
#3526=ADVANCED_FACE('',(#3255),#3423,.T.);
#3527=ADVANCED_FACE('',(#3256),#3424,.T.);
#3528=ADVANCED_FACE('',(#3257),#3425,.T.);
#3529=ADVANCED_FACE('',(#3258),#3426,.T.);
#3530=ADVANCED_FACE('',(#3259),#84,.T.);
#3531=ADVANCED_FACE('',(#3260),#85,.T.);
#3532=ADVANCED_FACE('',(#3261),#24,.T.);
#3533=ADVANCED_FACE('',(#3262),#86,.T.);
#3534=ADVANCED_FACE('',(#3263),#87,.T.);
#3535=ADVANCED_FACE('',(#3264),#88,.T.);
#3536=ADVANCED_FACE('',(#3265),#89,.T.);
#3537=ADVANCED_FACE('',(#3266),#90,.T.);
#3538=ADVANCED_FACE('',(#3267),#3427,.T.);
#3539=ADVANCED_FACE('',(#3268),#91,.T.);
#3540=ADVANCED_FACE('',(#3269),#92,.T.);
#3541=ADVANCED_FACE('',(#3270),#93,.T.);
#3542=ADVANCED_FACE('',(#3271),#94,.T.);
#3543=ADVANCED_FACE('',(#3272),#95,.T.);
#3544=ADVANCED_FACE('',(#3273),#96,.T.);
#3545=ADVANCED_FACE('',(#3274),#97,.T.);
#3546=ADVANCED_FACE('',(#3275),#3428,.T.);
#3547=ADVANCED_FACE('',(#3276),#98,.T.);
#3548=ADVANCED_FACE('',(#3277),#3429,.T.);
#3549=ADVANCED_FACE('',(#3278),#99,.T.);
#3550=ADVANCED_FACE('',(#3279),#100,.T.);
#3551=ADVANCED_FACE('',(#3280),#25,.F.);
#3552=ADVANCED_FACE('',(#3281),#101,.T.);
#3553=ADVANCED_FACE('',(#3282),#26,.F.);
#3554=ADVANCED_FACE('',(#3283),#102,.T.);
#3555=ADVANCED_FACE('',(#3284),#103,.T.);
#3556=ADVANCED_FACE('',(#3285),#27,.F.);
#3557=ADVANCED_FACE('',(#3286),#104,.T.);
#3558=ADVANCED_FACE('',(#3287),#105,.T.);
#3559=ADVANCED_FACE('',(#3288),#28,.F.);
#3560=ADVANCED_FACE('',(#3289),#3430,.T.);
#3561=ADVANCED_FACE('',(#3290),#29,.T.);
#3562=ADVANCED_FACE('',(#3291),#106,.T.);
#3563=ADVANCED_FACE('',(#3292),#107,.T.);
#3564=ADVANCED_FACE('',(#3293),#108,.T.);
#3565=ADVANCED_FACE('',(#3294),#3431,.T.);
#3566=ADVANCED_FACE('',(#3295),#30,.F.);
#3567=ADVANCED_FACE('',(#3296),#31,.F.);
#3568=ADVANCED_FACE('',(#3297),#32,.F.);
#3569=ADVANCED_FACE('',(#3298),#109,.T.);
#3570=ADVANCED_FACE('',(#3299,#3300),#3432,.T.);
#3571=ADVANCED_FACE('',(#3301),#33,.F.);
#3572=ADVANCED_FACE('',(#3302),#110,.T.);
#3573=ADVANCED_FACE('',(#3303),#34,.F.);
#3574=ADVANCED_FACE('',(#3304),#3433,.T.);
#3575=ADVANCED_FACE('',(#3305),#3434,.T.);
#3576=ADVANCED_FACE('',(#3306),#3435,.T.);
#3577=ADVANCED_FACE('',(#3307),#3436,.T.);
#3578=ADVANCED_FACE('',(#3308),#3437,.T.);
#3579=ADVANCED_FACE('',(#3309),#111,.T.);
#3580=ADVANCED_FACE('',(#3310),#112,.T.);
#3581=ADVANCED_FACE('',(#3311),#113,.T.);
#3582=ADVANCED_FACE('',(#3312),#3438,.T.);
#3583=ADVANCED_FACE('',(#3313),#3439,.T.);
#3584=ADVANCED_FACE('',(#3314),#3440,.T.);
#3585=ADVANCED_FACE('',(#3315),#114,.T.);
#3586=ADVANCED_FACE('',(#3316),#35,.F.);
#3587=ADVANCED_FACE('',(#3317),#3441,.T.);
#3588=ADVANCED_FACE('',(#3318),#36,.F.);
#3589=ADVANCED_FACE('',(#3319),#115,.T.);
#3590=ADVANCED_FACE('',(#3320),#37,.F.);
#3591=ADVANCED_FACE('',(#3321),#3442,.T.);
#3592=ADVANCED_FACE('',(#3322),#3443,.T.);
#3593=ADVANCED_FACE('',(#3323),#3444,.T.);
#3594=ADVANCED_FACE('',(#3324),#3445,.T.);
#3595=ADVANCED_FACE('',(#3325),#3446,.T.);
#3596=ADVANCED_FACE('',(#3326),#116,.T.);
#3597=ADVANCED_FACE('',(#3327),#117,.T.);
#3598=ADVANCED_FACE('',(#3328),#118,.T.);
#3599=ADVANCED_FACE('',(#3329),#3447,.T.);
#3600=ADVANCED_FACE('',(#3330),#3448,.T.);
#3601=ADVANCED_FACE('',(#3331),#3449,.T.);
#3602=ADVANCED_FACE('',(#3332),#119,.T.);
#3603=ADVANCED_FACE('',(#3333),#38,.F.);
#3604=ADVANCED_FACE('',(#3334),#3450,.T.);
#3605=ADVANCED_FACE('',(#3335),#39,.T.);
#3606=ADVANCED_FACE('',(#3336),#40,.T.);
#3607=ADVANCED_FACE('',(#3337),#41,.T.);
#3608=ADVANCED_FACE('',(#3338),#120,.T.);
#3609=ADVANCED_FACE('',(#3339),#42,.T.);
#3610=ADVANCED_FACE('',(#3340),#43,.T.);
#3611=ADVANCED_FACE('',(#3341),#44,.T.);
#3612=ADVANCED_FACE('',(#3342),#45,.T.);
#3613=ADVANCED_FACE('',(#3343),#46,.T.);
#3614=ADVANCED_FACE('',(#3344),#47,.T.);
#3615=ADVANCED_FACE('',(#3345),#48,.T.);
#3616=ADVANCED_FACE('',(#3346),#121,.T.);
#3617=ADVANCED_FACE('',(#3347),#122,.T.);
#3618=ADVANCED_FACE('',(#3348),#49,.F.);
#3619=ADVANCED_FACE('',(#3349),#123,.T.);
#3620=ADVANCED_FACE('',(#3350),#124,.T.);
#3621=ADVANCED_FACE('',(#3351),#50,.F.);
#3622=ADVANCED_FACE('',(#3352),#125,.T.);
#3623=ADVANCED_FACE('',(#3353),#126,.T.);
#3624=ADVANCED_FACE('',(#3354),#51,.F.);
#3625=ADVANCED_FACE('',(#3355),#127,.T.);
#3626=ADVANCED_FACE('',(#3356),#128,.T.);
#3627=ADVANCED_FACE('',(#3357),#52,.F.);
#3628=ADVANCED_FACE('',(#3358),#53,.T.);
#3629=ADVANCED_FACE('',(#3359,#3360),#3451,.T.);
#3630=ADVANCED_FACE('',(#3361),#54,.F.);
#3631=ADVANCED_FACE('',(#3362),#55,.F.);
#3632=ADVANCED_FACE('',(#3363),#129,.T.);
#3633=ADVANCED_FACE('',(#3364),#3452,.T.);
#3634=ADVANCED_FACE('',(#3365),#3453,.T.);
#3635=ADVANCED_FACE('',(#3366),#3454,.T.);
#3636=ADVANCED_FACE('',(#3367),#3455,.T.);
#3637=ADVANCED_FACE('',(#3368),#3456,.T.);
#3638=ADVANCED_FACE('',(#3369),#130,.T.);
#3639=ADVANCED_FACE('',(#3370),#131,.T.);
#3640=ADVANCED_FACE('',(#3371),#56,.T.);
#3641=ADVANCED_FACE('',(#3372),#57,.T.);
#3642=ADVANCED_FACE('',(#3373),#3457,.T.);
#3643=ADVANCED_FACE('',(#3374),#3458,.T.);
#3644=ADVANCED_FACE('',(#3375),#58,.F.);
#3645=ADVANCED_FACE('',(#3376),#132,.T.);
#3646=ADVANCED_FACE('',(#3377),#59,.F.);
#3647=ADVANCED_FACE('',(#3378),#3459,.T.);
#3648=ADVANCED_FACE('',(#3379),#3460,.T.);
#3649=ADVANCED_FACE('',(#3380),#3461,.T.);
#3650=ADVANCED_FACE('',(#3381),#3462,.T.);
#3651=ADVANCED_FACE('',(#3382),#3463,.T.);
#3652=ADVANCED_FACE('',(#3383),#133,.T.);
#3653=ADVANCED_FACE('',(#3384),#134,.T.);
#3654=ADVANCED_FACE('',(#3385),#135,.T.);
#3655=ADVANCED_FACE('',(#3386),#3464,.T.);
#3656=ADVANCED_FACE('',(#3387),#3465,.T.);
#3657=ADVANCED_FACE('',(#3388),#3466,.T.);
#3658=ADVANCED_FACE('',(#3389),#136,.T.);
#3659=ADVANCED_FACE('',(#3390),#60,.F.);
#3660=ADVANCED_FACE('',(#3391),#3467,.T.);
#3661=ADVANCED_FACE('',(#3392),#3468,.T.);
#3662=ADVANCED_FACE('',(#3393),#3469,.T.);
#3663=ADVANCED_FACE('',(#3394),#3470,.T.);
#3664=ADVANCED_FACE('',(#3395),#3471,.F.);
#3665=ADVANCED_FACE('',(#3396),#3472,.T.);
#3666=ADVANCED_FACE('',(#3397),#3473,.T.);
#3667=ADVANCED_FACE('',(#3398),#61,.T.);
#3668=ADVANCED_FACE('',(#3399),#62,.T.);
#3669=ADVANCED_FACE('',(#3400),#63,.T.);
#3670=ADVANCED_FACE('',(#3401),#64,.T.);
#3671=CLOSED_SHELL('',(#3474,#3475,#3476,#3477,#3478,#3479,#3480,#3481,
#3482,#3483,#3484,#3485,#3486,#3487,#3488,#3489,#3490,#3491,#3492,#3493,
#3494,#3495,#3496,#3497,#3498,#3499,#3500,#3501,#3502,#3503,#3504,#3505,
#3506,#3507,#3508,#3509,#3510,#3511,#3512,#3513,#3514,#3515,#3516,#3517,
#3518,#3519,#3520,#3521,#3522,#3523,#3524,#3525,#3526,#3527,#3528,#3529,
#3530,#3531,#3532,#3533,#3534,#3535,#3536,#3537,#3538,#3539,#3540,#3541,
#3542,#3543,#3544,#3545,#3546,#3547,#3548,#3549,#3550,#3551,#3552,#3553,
#3554,#3555,#3556,#3557,#3558,#3559,#3560,#3561,#3562,#3563,#3564,#3565,
#3566,#3567,#3568,#3569,#3570,#3571,#3572,#3573,#3574,#3575,#3576,#3577,
#3578,#3579,#3580,#3581,#3582,#3583,#3584,#3585,#3586,#3587,#3588,#3589,
#3590,#3591,#3592,#3593,#3594,#3595,#3596,#3597,#3598,#3599,#3600,#3601,
#3602,#3603,#3604,#3605,#3606,#3607,#3608,#3609,#3610,#3611,#3612,#3613,
#3614,#3615,#3616,#3617,#3618,#3619,#3620,#3621,#3622,#3623,#3624,#3625,
#3626,#3627,#3628,#3629,#3630,#3631,#3632,#3633,#3634,#3635,#3636,#3637,
#3638,#3639,#3640,#3641,#3642,#3643,#3644,#3645,#3646,#3647,#3648,#3649,
#3650,#3651,#3652,#3653,#3654,#3655,#3656,#3657,#3658,#3659,#3660,#3661,
#3662,#3663,#3664,#3665,#3666,#3667,#3668,#3669,#3670));
#3672=STYLED_ITEM('',(#3673),#3680);
#3673=PRESENTATION_STYLE_ASSIGNMENT((#3674));
#3674=SURFACE_STYLE_USAGE(.BOTH.,#3675);
#3675=SURFACE_SIDE_STYLE('',(#3676));
#3676=SURFACE_STYLE_FILL_AREA(#3677);
#3677=FILL_AREA_STYLE('',(#3678));
#3678=FILL_AREA_STYLE_COLOUR('',#3679);
#3679=COLOUR_RGB('',0.372549019607843,0.654901960784314,0.23921568627451);
#3680=MANIFOLD_SOLID_BREP('Part 1',#3671);
#3681=SHAPE_DEFINITION_REPRESENTATION(#6595,#3682);
#3682=SHAPE_REPRESENTATION('Part 1',(#3683),#6590);
#3683=AXIS2_PLACEMENT_3D('',#4674,#3915,#3916);
#3684=AXIS2_PLACEMENT_3D('',#4675,#3917,#3918);
#3685=AXIS2_PLACEMENT_3D('',#4681,#3919,#3920);
#3686=AXIS2_PLACEMENT_3D('',#4683,#3921,#3922);
#3687=AXIS2_PLACEMENT_3D('',#4717,#3931,#3932);
#3688=AXIS2_PLACEMENT_3D('',#4723,#3933,#3934);
#3689=AXIS2_PLACEMENT_3D('',#4725,#3935,#3936);
#3690=AXIS2_PLACEMENT_3D('',#4759,#3945,#3946);
#3691=AXIS2_PLACEMENT_3D('',#4765,#3947,#3948);
#3692=AXIS2_PLACEMENT_3D('',#4767,#3949,#3950);
#3693=AXIS2_PLACEMENT_3D('',#4769,#3951,#3952);
#3694=AXIS2_PLACEMENT_3D('',#4771,#3953,#3954);
#3695=AXIS2_PLACEMENT_3D('',#4787,#3956,#3957);
#3696=AXIS2_PLACEMENT_3D('',#4791,#3959,#3960);
#3697=AXIS2_PLACEMENT_3D('',#4801,#3961,#3962);
#3698=AXIS2_PLACEMENT_3D('',#4811,#3963,#3964);
#3699=AXIS2_PLACEMENT_3D('',#4817,#3965,#3966);
#3700=AXIS2_PLACEMENT_3D('',#4819,#3967,#3968);
#3701=AXIS2_PLACEMENT_3D('',#4821,#3969,#3970);
#3702=AXIS2_PLACEMENT_3D('',#4823,#3971,#3972);
#3703=AXIS2_PLACEMENT_3D('',#4839,#3974,#3975);
#3704=AXIS2_PLACEMENT_3D('',#4843,#3977,#3978);
#3705=AXIS2_PLACEMENT_3D('',#4853,#3979,#3980);
#3706=AXIS2_PLACEMENT_3D('',#4863,#3981,#3982);
#3707=AXIS2_PLACEMENT_3D('',#4864,#3983,#3984);
#3708=AXIS2_PLACEMENT_3D('',#4867,#3985,#3986);
#3709=AXIS2_PLACEMENT_3D('',#4871,#3988,#3989);
#3710=AXIS2_PLACEMENT_3D('',#4873,#3990,#3991);
#3711=AXIS2_PLACEMENT_3D('',#4955,#3998,#3999);
#3712=AXIS2_PLACEMENT_3D('',#4989,#4004,#4005);
#3713=AXIS2_PLACEMENT_3D('',#4999,#4006,#4007);
#3714=AXIS2_PLACEMENT_3D('',#5009,#4008,#4009);
#3715=AXIS2_PLACEMENT_3D('',#5019,#4010,#4011);
#3716=AXIS2_PLACEMENT_3D('',#5020,#4012,#4013);
#3717=AXIS2_PLACEMENT_3D('',#5023,#4014,#4015);
#3718=AXIS2_PLACEMENT_3D('',#5027,#4017,#4018);
#3719=AXIS2_PLACEMENT_3D('',#5029,#4019,#4020);
#3720=AXIS2_PLACEMENT_3D('',#5057,#4026,#4027);
#3721=AXIS2_PLACEMENT_3D('',#5059,#4028,#4029);
#3722=AXIS2_PLACEMENT_3D('',#5093,#4038,#4039);
#3723=AXIS2_PLACEMENT_3D('',#5106,#4046,#4047);
#3724=AXIS2_PLACEMENT_3D('',#5110,#4049,#4050);
#3725=AXIS2_PLACEMENT_3D('',#5118,#4054,#4055);
#3726=AXIS2_PLACEMENT_3D('',#5122,#4057,#4058);
#3727=AXIS2_PLACEMENT_3D('',#5123,#4059,#4060);
#3728=AXIS2_PLACEMENT_3D('',#5124,#4061,#4062);
#3729=AXIS2_PLACEMENT_3D('',#5127,#4064,#4065);
#3730=AXIS2_PLACEMENT_3D('',#5133,#4069,#4070);
#3731=AXIS2_PLACEMENT_3D('',#5136,#4072,#4073);
#3732=AXIS2_PLACEMENT_3D('',#5137,#4074,#4075);
#3733=AXIS2_PLACEMENT_3D('',#5140,#4077,#4078);
#3734=AXIS2_PLACEMENT_3D('',#5146,#4082,#4083);
#3735=AXIS2_PLACEMENT_3D('',#5152,#4087,#4088);
#3736=AXIS2_PLACEMENT_3D('',#5158,#4092,#4093);
#3737=AXIS2_PLACEMENT_3D('',#5161,#4096,#4097);
#3738=AXIS2_PLACEMENT_3D('',#5162,#4098,#4099);
#3739=AXIS2_PLACEMENT_3D('',#5183,#4102,#4103);
#3740=AXIS2_PLACEMENT_3D('',#5223,#4109,#4110);
#3741=AXIS2_PLACEMENT_3D('',#5226,#4112,#4113);
#3742=AXIS2_PLACEMENT_3D('',#5242,#4116,#4117);
#3743=AXIS2_PLACEMENT_3D('',#5245,#4119,#4120);
#3744=AXIS2_PLACEMENT_3D('',#5272,#4123,#4124);
#3745=AXIS2_PLACEMENT_3D('',#5275,#4126,#4127);
#3746=AXIS2_PLACEMENT_3D('',#5302,#4130,#4131);
#3747=AXIS2_PLACEMENT_3D('',#5305,#4133,#4134);
#3748=AXIS2_PLACEMENT_3D('',#5306,#4135,#4136);
#3749=AXIS2_PLACEMENT_3D('',#5310,#4139,#4140);
#3750=AXIS2_PLACEMENT_3D('',#5313,#4142,#4143);
#3751=AXIS2_PLACEMENT_3D('',#5353,#4147,#4148);
#3752=AXIS2_PLACEMENT_3D('',#5357,#4151,#4152);
#3753=AXIS2_PLACEMENT_3D('',#5360,#4154,#4155);
#3754=AXIS2_PLACEMENT_3D('',#5361,#4156,#4157);
#3755=AXIS2_PLACEMENT_3D('',#5364,#4159,#4160);
#3756=AXIS2_PLACEMENT_3D('',#5365,#4161,#4162);
#3757=AXIS2_PLACEMENT_3D('',#5366,#4163,#4164);
#3758=AXIS2_PLACEMENT_3D('',#5381,#4165,#4166);
#3759=AXIS2_PLACEMENT_3D('',#5382,#4167,#4168);
#3760=AXIS2_PLACEMENT_3D('',#5385,#4170,#4171);
#3761=AXIS2_PLACEMENT_3D('',#5388,#4173,#4174);
#3762=AXIS2_PLACEMENT_3D('',#5391,#4176,#4177);
#3763=AXIS2_PLACEMENT_3D('',#5405,#4179,#4180);
#3764=AXIS2_PLACEMENT_3D('',#5409,#4183,#4184);
#3765=AXIS2_PLACEMENT_3D('',#5413,#4187,#4188);
#3766=AXIS2_PLACEMENT_3D('',#5417,#4191,#4192);
#3767=AXIS2_PLACEMENT_3D('',#5421,#4195,#4196);
#3768=AXIS2_PLACEMENT_3D('',#5451,#4201,#4202);
#3769=AXIS2_PLACEMENT_3D('',#5454,#4204,#4205);
#3770=AXIS2_PLACEMENT_3D('',#5455,#4206,#4207);
#3771=AXIS2_PLACEMENT_3D('',#5458,#4209,#4210);
#3772=AXIS2_PLACEMENT_3D('',#5459,#4211,#4212);
#3773=AXIS2_PLACEMENT_3D('',#5461,#4214,#4215);
#3774=AXIS2_PLACEMENT_3D('',#5516,#4221,#4222);
#3775=AXIS2_PLACEMENT_3D('',#5520,#4225,#4226);
#3776=AXIS2_PLACEMENT_3D('',#5524,#4229,#4230);
#3777=AXIS2_PLACEMENT_3D('',#5528,#4233,#4234);
#3778=AXIS2_PLACEMENT_3D('',#5558,#4239,#4240);
#3779=AXIS2_PLACEMENT_3D('',#5561,#4242,#4243);
#3780=AXIS2_PLACEMENT_3D('',#5627,#4249,#4250);
#3781=AXIS2_PLACEMENT_3D('',#5720,#4259,#4260);
#3782=AXIS2_PLACEMENT_3D('',#5741,#4263,#4264);
#3783=AXIS2_PLACEMENT_3D('',#5781,#4270,#4271);
#3784=AXIS2_PLACEMENT_3D('',#5784,#4273,#4274);
#3785=AXIS2_PLACEMENT_3D('',#5800,#4277,#4278);
#3786=AXIS2_PLACEMENT_3D('',#5803,#4280,#4281);
#3787=AXIS2_PLACEMENT_3D('',#5830,#4284,#4285);
#3788=AXIS2_PLACEMENT_3D('',#5833,#4287,#4288);
#3789=AXIS2_PLACEMENT_3D('',#5860,#4291,#4292);
#3790=AXIS2_PLACEMENT_3D('',#5863,#4294,#4295);
#3791=AXIS2_PLACEMENT_3D('',#5864,#4296,#4297);
#3792=AXIS2_PLACEMENT_3D('',#5868,#4300,#4301);
#3793=AXIS2_PLACEMENT_3D('',#5871,#4303,#4304);
#3794=AXIS2_PLACEMENT_3D('',#5911,#4308,#4309);
#3795=AXIS2_PLACEMENT_3D('',#5915,#4312,#4313);
#3796=AXIS2_PLACEMENT_3D('',#5918,#4315,#4316);
#3797=AXIS2_PLACEMENT_3D('',#5919,#4317,#4318);
#3798=AXIS2_PLACEMENT_3D('',#5922,#4320,#4321);
#3799=AXIS2_PLACEMENT_3D('',#5923,#4322,#4323);
#3800=AXIS2_PLACEMENT_3D('',#5924,#4324,#4325);
#3801=AXIS2_PLACEMENT_3D('',#5939,#4326,#4327);
#3802=AXIS2_PLACEMENT_3D('',#5940,#4328,#4329);
#3803=AXIS2_PLACEMENT_3D('',#5943,#4331,#4332);
#3804=AXIS2_PLACEMENT_3D('',#5959,#4335,#4336);
#3805=AXIS2_PLACEMENT_3D('',#5962,#4338,#4339);
#3806=AXIS2_PLACEMENT_3D('',#5963,#4340,#4341);
#3807=AXIS2_PLACEMENT_3D('',#5967,#4344,#4345);
#3808=AXIS2_PLACEMENT_3D('',#5971,#4348,#4349);
#3809=AXIS2_PLACEMENT_3D('',#5975,#4352,#4353);
#3810=AXIS2_PLACEMENT_3D('',#5979,#4356,#4357);
#3811=AXIS2_PLACEMENT_3D('',#6022,#4363,#4364);
#3812=AXIS2_PLACEMENT_3D('',#6026,#4367,#4368);
#3813=AXIS2_PLACEMENT_3D('',#6030,#4371,#4372);
#3814=AXIS2_PLACEMENT_3D('',#6047,#4376,#4377);
#3815=AXIS2_PLACEMENT_3D('',#6048,#4378,#4379);
#3816=AXIS2_PLACEMENT_3D('',#6049,#4380,#4381);
#3817=AXIS2_PLACEMENT_3D('',#6050,#4382,#4383);
#3818=AXIS2_PLACEMENT_3D('',#6053,#4385,#4386);
#3819=AXIS2_PLACEMENT_3D('',#6069,#4389,#4390);
#3820=AXIS2_PLACEMENT_3D('',#6072,#4392,#4393);
#3821=AXIS2_PLACEMENT_3D('',#6073,#4394,#4395);
#3822=AXIS2_PLACEMENT_3D('',#6077,#4398,#4399);
#3823=AXIS2_PLACEMENT_3D('',#6081,#4402,#4403);
#3824=AXIS2_PLACEMENT_3D('',#6085,#4406,#4407);
#3825=AXIS2_PLACEMENT_3D('',#6089,#4410,#4411);
#3826=AXIS2_PLACEMENT_3D('',#6132,#4417,#4418);
#3827=AXIS2_PLACEMENT_3D('',#6136,#4421,#4422);
#3828=AXIS2_PLACEMENT_3D('',#6140,#4425,#4426);
#3829=AXIS2_PLACEMENT_3D('',#6157,#4430,#4431);
#3830=AXIS2_PLACEMENT_3D('',#6158,#4432,#4433);
#3831=AXIS2_PLACEMENT_3D('',#6159,#4434,#4435);
#3832=AXIS2_PLACEMENT_3D('',#6160,#4436,#4437);
#3833=AXIS2_PLACEMENT_3D('',#6161,#4438,#4439);
#3834=AXIS2_PLACEMENT_3D('',#6166,#4441,#4442);
#3835=AXIS2_PLACEMENT_3D('',#6169,#4444,#4445);
#3836=AXIS2_PLACEMENT_3D('',#6170,#4446,#4447);
#3837=AXIS2_PLACEMENT_3D('',#6174,#4449,#4450);
#3838=AXIS2_PLACEMENT_3D('',#6175,#4451,#4452);
#3839=AXIS2_PLACEMENT_3D('',#6176,#4453,#4454);
#3840=AXIS2_PLACEMENT_3D('',#6180,#4456,#4457);
#3841=AXIS2_PLACEMENT_3D('',#6198,#4459,#4460);
#3842=AXIS2_PLACEMENT_3D('',#6199,#4461,#4462);
#3843=AXIS2_PLACEMENT_3D('',#6203,#4464,#4465);
#3844=AXIS2_PLACEMENT_3D('',#6204,#4466,#4467);
#3845=AXIS2_PLACEMENT_3D('',#6205,#4468,#4469);
#3846=AXIS2_PLACEMENT_3D('',#6209,#4471,#4472);
#3847=AXIS2_PLACEMENT_3D('',#6210,#4473,#4474);
#3848=AXIS2_PLACEMENT_3D('',#6211,#4475,#4476);
#3849=AXIS2_PLACEMENT_3D('',#6215,#4478,#4479);
#3850=AXIS2_PLACEMENT_3D('',#6216,#4480,#4481);
#3851=AXIS2_PLACEMENT_3D('',#6217,#4482,#4483);
#3852=AXIS2_PLACEMENT_3D('',#6221,#4485,#4486);
#3853=AXIS2_PLACEMENT_3D('',#6222,#4487,#4488);
#3854=AXIS2_PLACEMENT_3D('',#6223,#4489,#4490);
#3855=AXIS2_PLACEMENT_3D('',#6227,#4492,#4493);
#3856=AXIS2_PLACEMENT_3D('',#6228,#4494,#4495);
#3857=AXIS2_PLACEMENT_3D('',#6229,#4496,#4497);
#3858=AXIS2_PLACEMENT_3D('',#6233,#4499,#4500);
#3859=AXIS2_PLACEMENT_3D('',#6234,#4501,#4502);
#3860=AXIS2_PLACEMENT_3D('',#6235,#4503,#4504);
#3861=AXIS2_PLACEMENT_3D('',#6239,#4506,#4507);
#3862=AXIS2_PLACEMENT_3D('',#6268,#4511,#4512);
#3863=AXIS2_PLACEMENT_3D('',#6271,#4514,#4515);
#3864=AXIS2_PLACEMENT_3D('',#6298,#4518,#4519);
#3865=AXIS2_PLACEMENT_3D('',#6301,#4521,#4522);
#3866=AXIS2_PLACEMENT_3D('',#6328,#4525,#4526);
#3867=AXIS2_PLACEMENT_3D('',#6331,#4528,#4529);
#3868=AXIS2_PLACEMENT_3D('',#6358,#4532,#4533);
#3869=AXIS2_PLACEMENT_3D('',#6359,#4534,#4535);
#3870=AXIS2_PLACEMENT_3D('',#6360,#4536,#4537);
#3871=AXIS2_PLACEMENT_3D('',#6361,#4538,#4539);
#3872=AXIS2_PLACEMENT_3D('',#6362,#4540,#4541);
#3873=AXIS2_PLACEMENT_3D('',#6363,#4542,#4543);
#3874=AXIS2_PLACEMENT_3D('',#6364,#4544,#4545);
#3875=AXIS2_PLACEMENT_3D('',#6367,#4547,#4548);
#3876=AXIS2_PLACEMENT_3D('',#6370,#4550,#4551);
#3877=AXIS2_PLACEMENT_3D('',#6373,#4553,#4554);
#3878=AXIS2_PLACEMENT_3D('',#6387,#4556,#4557);
#3879=AXIS2_PLACEMENT_3D('',#6391,#4560,#4561);
#3880=AXIS2_PLACEMENT_3D('',#6395,#4564,#4565);
#3881=AXIS2_PLACEMENT_3D('',#6399,#4568,#4569);
#3882=AXIS2_PLACEMENT_3D('',#6403,#4572,#4573);
#3883=AXIS2_PLACEMENT_3D('',#6433,#4578,#4579);
#3884=AXIS2_PLACEMENT_3D('',#6436,#4581,#4582);
#3885=AXIS2_PLACEMENT_3D('',#6437,#4583,#4584);
#3886=AXIS2_PLACEMENT_3D('',#6440,#4586,#4587);
#3887=AXIS2_PLACEMENT_3D('',#6441,#4588,#4589);
#3888=AXIS2_PLACEMENT_3D('',#6443,#4591,#4592);
#3889=AXIS2_PLACEMENT_3D('',#6444,#4593,#4594);
#3890=AXIS2_PLACEMENT_3D('',#6447,#4596,#4597);
#3891=AXIS2_PLACEMENT_3D('',#6463,#4600,#4601);
#3892=AXIS2_PLACEMENT_3D('',#6466,#4603,#4604);
#3893=AXIS2_PLACEMENT_3D('',#6467,#4605,#4606);
#3894=AXIS2_PLACEMENT_3D('',#6471,#4609,#4610);
#3895=AXIS2_PLACEMENT_3D('',#6475,#4613,#4614);
#3896=AXIS2_PLACEMENT_3D('',#6479,#4617,#4618);
#3897=AXIS2_PLACEMENT_3D('',#6483,#4621,#4622);
#3898=AXIS2_PLACEMENT_3D('',#6526,#4628,#4629);
#3899=AXIS2_PLACEMENT_3D('',#6530,#4632,#4633);
#3900=AXIS2_PLACEMENT_3D('',#6534,#4636,#4637);
#3901=AXIS2_PLACEMENT_3D('',#6551,#4641,#4642);
#3902=AXIS2_PLACEMENT_3D('',#6552,#4643,#4644);
#3903=AXIS2_PLACEMENT_3D('',#6553,#4645,#4646);
#3904=AXIS2_PLACEMENT_3D('',#6554,#4647,#4648);
#3905=AXIS2_PLACEMENT_3D('',#6555,#4649,#4650);
#3906=AXIS2_PLACEMENT_3D('',#6556,#4651,#4652);
#3907=AXIS2_PLACEMENT_3D('',#6557,#4653,#4654);
#3908=AXIS2_PLACEMENT_3D('',#6560,#4656,#4657);
#3909=AXIS2_PLACEMENT_3D('',#6561,#4658,#4659);
#3910=AXIS2_PLACEMENT_3D('',#6565,#4662,#4663);
#3911=AXIS2_PLACEMENT_3D('',#6569,#4666,#4667);
#3912=AXIS2_PLACEMENT_3D('',#6578,#4668,#4669);
#3913=AXIS2_PLACEMENT_3D('',#6587,#4670,#4671);
#3914=AXIS2_PLACEMENT_3D('',#6588,#4672,#4673);
#3915=DIRECTION('',(0.,0.,1.));
#3916=DIRECTION('',(1.,0.,0.));
#3917=DIRECTION('',(0.4875807605551,0.,0.873077889959716));
#3918=DIRECTION('',(0.873077889959716,0.,-0.4875807605551));
#3919=DIRECTION('',(0.4875807605551,0.,0.873077889959716));
#3920=DIRECTION('',(0.873077889959716,0.,-0.4875807605551));
#3921=DIRECTION('',(0.4875807605551,0.,0.873077889959716));
#3922=DIRECTION('',(0.873077889959716,0.,-0.4875807605551));
#3923=DIRECTION('',(0.873077889959716,0.,-0.4875807605551));
#3924=DIRECTION('',(0.,-1.,0.));
#3925=DIRECTION('',(-0.873077889959716,0.,0.4875807605551));
#3926=DIRECTION('',(0.873077889959716,0.,-0.4875807605551));
#3927=DIRECTION('',(0.,-1.,0.));
#3928=DIRECTION('',(-0.873077889959716,0.,0.4875807605551));
#3929=DIRECTION('',(0.,1.,0.));
#3930=DIRECTION('',(0.873077889959716,0.,-0.4875807605551));
#3931=DIRECTION('',(0.4875807605551,0.,0.873077889959716));
#3932=DIRECTION('',(0.873077889959716,0.,-0.4875807605551));
#3933=DIRECTION('',(0.4875807605551,0.,0.873077889959716));
#3934=DIRECTION('',(0.873077889959716,0.,-0.4875807605551));
#3935=DIRECTION('',(0.4875807605551,0.,0.873077889959716));
#3936=DIRECTION('',(0.873077889959716,0.,-0.4875807605551));
#3937=DIRECTION('',(0.873077889959716,0.,-0.4875807605551));
#3938=DIRECTION('',(0.,-1.,0.));
#3939=DIRECTION('',(-0.873077889959716,0.,0.4875807605551));
#3940=DIRECTION('',(0.873077889959716,0.,-0.4875807605551));
#3941=DIRECTION('',(0.,-1.,0.));
#3942=DIRECTION('',(-0.873077889959716,0.,0.4875807605551));
#3943=DIRECTION('',(0.,1.,0.));
#3944=DIRECTION('',(0.873077889959716,0.,-0.4875807605551));
#3945=DIRECTION('',(0.4875807605551,0.,0.873077889959716));
#3946=DIRECTION('',(0.873077889959716,0.,-0.4875807605551));
#3947=DIRECTION('',(0.4875807605551,0.,0.873077889959716));
#3948=DIRECTION('',(0.873077889959716,0.,-0.4875807605551));
#3949=DIRECTION('',(0.4875807605551,0.,0.873077889959716));
#3950=DIRECTION('',(0.873077889959716,0.,-0.4875807605551));
#3951=DIRECTION('',(0.4875807605551,0.,0.873077889959716));
#3952=DIRECTION('',(0.873077889959716,0.,-0.4875807605551));
#3953=DIRECTION('',(0.4875807605551,0.,0.873077889959716));
#3954=DIRECTION('',(0.873077889959716,0.,-0.4875807605551));
#3955=DIRECTION('',(0.,-1.,0.));
#3956=DIRECTION('',(0.4875807605551,0.,0.873077889959716));
#3957=DIRECTION('',(0.873077889959716,0.,-0.4875807605551));
#3958=DIRECTION('',(0.484296476880564,0.832050294337844,-0.270461143555561));
#3959=DIRECTION('',(0.4875807605551,0.,0.873077889959716));
#3960=DIRECTION('',(0.873077889959716,0.,-0.4875807605551));
#3961=DIRECTION('',(0.4875807605551,0.,0.873077889959716));
#3962=DIRECTION('',(0.873077889959716,0.,-0.4875807605551));
#3963=DIRECTION('',(0.4875807605551,0.,0.873077889959716));
#3964=DIRECTION('',(0.873077889959716,0.,-0.4875807605551));
#3965=DIRECTION('',(0.4875807605551,0.,0.873077889959716));
#3966=DIRECTION('',(0.873077889959716,0.,-0.4875807605551));
#3967=DIRECTION('',(0.4875807605551,0.,0.873077889959716));
#3968=DIRECTION('',(0.873077889959716,0.,-0.4875807605551));
#3969=DIRECTION('',(0.4875807605551,0.,0.873077889959716));
#3970=DIRECTION('',(0.873077889959716,0.,-0.4875807605551));
#3971=DIRECTION('',(0.4875807605551,0.,0.873077889959716));
#3972=DIRECTION('',(0.873077889959716,0.,-0.4875807605551));
#3973=DIRECTION('',(0.,-1.,0.));
#3974=DIRECTION('',(0.4875807605551,0.,0.873077889959716));
#3975=DIRECTION('',(0.873077889959716,0.,-0.4875807605551));
#3976=DIRECTION('',(0.484296476880564,0.832050294337843,-0.270461143555561));
#3977=DIRECTION('',(0.4875807605551,0.,0.873077889959716));
#3978=DIRECTION('',(0.873077889959716,0.,-0.4875807605551));
#3979=DIRECTION('',(0.4875807605551,0.,0.873077889959716));
#3980=DIRECTION('',(0.873077889959716,0.,-0.4875807605551));
#3981=DIRECTION('',(0.4875807605551,0.,0.873077889959716));
#3982=DIRECTION('',(0.873077889959716,0.,-0.4875807605551));
#3983=DIRECTION('',(0.4875807605551,0.,0.873077889959716));
#3984=DIRECTION('',(0.873077889959716,0.,-0.4875807605551));
#3985=DIRECTION('',(0.4875807605551,0.,0.873077889959716));
#3986=DIRECTION('',(0.873077889959716,0.,-0.4875807605551));
#3987=DIRECTION('',(0.873077889959716,0.,-0.4875807605551));
#3988=DIRECTION('',(0.4875807605551,0.,0.873077889959716));
#3989=DIRECTION('',(0.873077889959716,0.,-0.4875807605551));
#3990=DIRECTION('',(0.4875807605551,0.,0.873077889959716));
#3991=DIRECTION('',(0.873077889959716,0.,-0.4875807605551));
#3992=DIRECTION('',(0.873077889959716,0.,-0.4875807605551));
#3993=DIRECTION('',(0.,-1.,0.));
#3994=DIRECTION('',(-0.873077889959716,0.,0.4875807605551));
#3995=DIRECTION('',(0.,1.,0.));
#3996=DIRECTION('',(0.873077889959716,0.,-0.4875807605551));
#3997=DIRECTION('',(0.506219341144092,-0.814751678611455,-0.282704228570176));
#3998=DIRECTION('',(0.4875807605551,0.,0.873077889959716));
#3999=DIRECTION('',(0.873077889959716,0.,-0.4875807605551));
#4000=DIRECTION('',(0.,-1.,0.));
#4001=DIRECTION('',(-0.873077889959716,0.,0.4875807605551));
#4002=DIRECTION('',(0.,1.,0.));
#4003=DIRECTION('',(0.873077889959716,0.,-0.4875807605551));
#4004=DIRECTION('',(0.4875807605551,0.,0.873077889959716));
#4005=DIRECTION('',(0.873077889959716,0.,-0.4875807605551));
#4006=DIRECTION('',(0.4875807605551,0.,0.873077889959716));
#4007=DIRECTION('',(0.873077889959716,0.,-0.4875807605551));
#4008=DIRECTION('',(0.4875807605551,0.,0.873077889959716));
#4009=DIRECTION('',(0.873077889959716,0.,-0.4875807605551));
#4010=DIRECTION('',(0.4875807605551,0.,0.873077889959716));
#4011=DIRECTION('',(0.873077889959716,0.,-0.4875807605551));
#4012=DIRECTION('',(0.4875807605551,0.,0.873077889959716));
#4013=DIRECTION('',(0.873077889959716,0.,-0.4875807605551));
#4014=DIRECTION('',(0.4875807605551,0.,0.873077889959716));
#4015=DIRECTION('',(0.873077889959716,0.,-0.4875807605551));
#4016=DIRECTION('',(0.873077889959716,0.,-0.4875807605551));
#4017=DIRECTION('',(0.4875807605551,0.,0.873077889959716));
#4018=DIRECTION('',(0.873077889959716,0.,-0.4875807605551));
#4019=DIRECTION('',(0.4875807605551,0.,0.873077889959716));
#4020=DIRECTION('',(0.873077889959716,0.,-0.4875807605551));
#4021=DIRECTION('',(0.873077889959716,0.,-0.4875807605551));
#4022=DIRECTION('',(0.,-1.,0.));
#4023=DIRECTION('',(-0.873077889959716,0.,0.4875807605551));
#4024=DIRECTION('',(0.,1.,0.));
#4025=DIRECTION('',(0.873077889959716,0.,-0.4875807605551));
#4026=DIRECTION('',(0.4875807605551,0.,0.873077889959716));
#4027=DIRECTION('',(0.873077889959716,0.,-0.4875807605551));
#4028=DIRECTION('',(0.4875807605551,0.,0.873077889959716));
#4029=DIRECTION('',(0.873077889959716,0.,-0.4875807605551));
#4030=DIRECTION('',(0.873077889959716,0.,-0.4875807605551));
#4031=DIRECTION('',(0.,-1.,0.));
#4032=DIRECTION('',(-0.873077889959716,0.,0.4875807605551));
#4033=DIRECTION('',(0.873077889959716,0.,-0.4875807605551));
#4034=DIRECTION('',(0.,-1.,0.));
#4035=DIRECTION('',(-0.873077889959716,0.,0.4875807605551));
#4036=DIRECTION('',(0.,1.,0.));
#4037=DIRECTION('',(0.873077889959716,0.,-0.4875807605551));
#4038=DIRECTION('',(0.4875807605551,0.,0.873077889959716));
#4039=DIRECTION('',(0.873077889959716,0.,-0.4875807605551));
#4040=DIRECTION('',(0.,1.,0.));
#4041=DIRECTION('',(0.838115717463938,0.28015333063624,-0.468055718342731));
#4042=DIRECTION('',(0.,1.,0.));
#4043=DIRECTION('',(0.838115717463938,-0.28015333063624,-0.468055718342731));
#4044=DIRECTION('',(0.,1.,0.));
#4045=DIRECTION('',(0.,1.,0.));
#4046=DIRECTION('',(-0.12050099213236,0.,-0.992713206769768));
#4047=DIRECTION('',(-0.992713206769768,0.,0.12050099213236));
#4048=DIRECTION('',(0.,-1.,0.));
#4049=DIRECTION('',(-0.12050099213236,0.,-0.992713206769768));
#4050=DIRECTION('',(0.992713206769768,0.,-0.12050099213236));
#4051=DIRECTION('',(0.992713206769768,0.,-0.12050099213236));
#4052=DIRECTION('',(0.,1.,0.));
#4053=DIRECTION('',(-0.992713206769768,0.,0.12050099213236));
#4054=DIRECTION('',(-0.12050099213236,0.,-0.992713206769768));
#4055=DIRECTION('',(-0.992713206769768,0.,0.12050099213236));
#4056=DIRECTION('',(0.,-1.,0.));
#4057=DIRECTION('',(-0.12050099213236,0.,-0.992713206769768));
#4058=DIRECTION('',(-0.946755546918012,0.300743706020418,0.114922398465577));
#4059=DIRECTION('',(-0.12050099213236,0.,-0.992713206769768));
#4060=DIRECTION('',(0.946755546918012,0.300743706020418,-0.114922398465577));
#4061=DIRECTION('',(1.,0.,0.));
#4062=DIRECTION('',(0.,0.,-1.));
#4063=DIRECTION('',(0.,0.,1.));
#4064=DIRECTION('',(1.,0.,0.));
#4065=DIRECTION('',(0.,0.513578723189468,-0.85804247860294));
#4066=DIRECTION('',(0.,0.,-1.));
#4067=DIRECTION('',(0.,1.,0.));
#4068=DIRECTION('',(0.,0.,-1.));
#4069=DIRECTION('',(1.,0.,0.));
#4070=DIRECTION('',(0.,0.513578723189468,0.85804247860294));
#4071=DIRECTION('',(0.,0.,-1.));
#4072=DIRECTION('',(0.,-1.,0.));
#4073=DIRECTION('',(1.,0.,0.));
#4074=DIRECTION('',(0.,-1.,0.));
#4075=DIRECTION('',(-0.873077889959716,0.,0.4875807605551));
#4076=DIRECTION('',(0.873077889959716,0.,-0.4875807605551));
#4077=DIRECTION('',(-1.,0.,0.));
#4078=DIRECTION('',(0.,0.,1.));
#4079=DIRECTION('',(0.,0.,-1.));
#4080=DIRECTION('',(0.,0.,-1.));
#4081=DIRECTION('',(0.,1.,0.));
#4082=DIRECTION('',(-0.719975606818464,-0.693999370018723,0.));
#4083=DIRECTION('',(0.693999370018723,-0.719975606818465,0.));
#4084=DIRECTION('',(-0.693999370018723,0.719975606818464,0.));
#4085=DIRECTION('',(0.,0.,-1.));
#4086=DIRECTION('',(-0.693999370018723,0.719975606818464,0.));
#4087=DIRECTION('',(1.,0.,0.));
#4088=DIRECTION('',(0.,0.,-1.));
#4089=DIRECTION('',(0.,-1.,0.));
#4090=DIRECTION('',(0.,0.,-1.));
#4091=DIRECTION('',(0.,-1.,0.));
#4092=DIRECTION('',(-0.790684069273684,0.61222438909015,0.));
#4093=DIRECTION('',(-0.61222438909015,-0.790684069273684,0.));
#4094=DIRECTION('',(0.61222438909015,0.790684069273684,0.));
#4095=DIRECTION('',(0.61222438909015,0.790684069273684,0.));
#4096=DIRECTION('',(0.,0.,1.));
#4097=DIRECTION('',(1.,0.,0.));
#4098=DIRECTION('',(0.,0.,1.));
#4099=DIRECTION('',(1.,0.,0.));
#4100=DIRECTION('',(0.4875807605551,0.,0.873077889959716));
#4101=DIRECTION('',(0.4875807605551,0.,0.873077889959716));
#4102=DIRECTION('',(0.873077889959716,0.,-0.4875807605551));
#4103=DIRECTION('',(-0.4875807605551,0.,-0.873077889959716));
#4104=DIRECTION('',(0.,1.,0.));
#4105=DIRECTION('',(0.4875807605551,0.,0.873077889959716));
#4106=DIRECTION('',(0.,1.,0.));
#4107=DIRECTION('',(0.4875807605551,0.,0.873077889959716));
#4108=DIRECTION('',(0.4875807605551,0.,0.873077889959716));
#4109=DIRECTION('',(0.4875807605551,0.,0.873077889959716));
#4110=DIRECTION('',(-0.841846788656305,0.265071590756205,0.470139379549343));
#4111=DIRECTION('',(0.4875807605551,0.,0.873077889959716));
#4112=DIRECTION('',(0.4875807605551,0.,0.873077889959716));
#4113=DIRECTION('',(0.873077889959716,0.,-0.4875807605551));
#4114=DIRECTION('',(0.4875807605551,0.,0.873077889959716));
#4115=DIRECTION('',(0.4875807605551,0.,0.873077889959716));
#4116=DIRECTION('',(0.4875807605551,0.,0.873077889959716));
#4117=DIRECTION('',(-0.59252861353077,-0.734446690223836,0.330904671116253));
#4118=DIRECTION('',(0.4875807605551,0.,0.873077889959716));
#4119=DIRECTION('',(0.4875807605551,0.,0.873077889959716));
#4120=DIRECTION('',(0.873077889959716,0.,-0.4875807605551));
#4121=DIRECTION('',(0.4875807605551,0.,0.873077889959716));
#4122=DIRECTION('',(0.4875807605551,0.,0.873077889959716));
#4123=DIRECTION('',(0.4875807605551,0.,0.873077889959716));
#4124=DIRECTION('',(0.596667221777177,-0.730037925692375,-0.333215926251251));
#4125=DIRECTION('',(0.4875807605551,0.,0.873077889959716));
#4126=DIRECTION('',(0.4875807605551,0.,0.873077889959716));
#4127=DIRECTION('',(0.873077889959716,0.,-0.4875807605551));
#4128=DIRECTION('',(0.4875807605551,0.,0.873077889959716));
#4129=DIRECTION('',(0.4875807605551,0.,0.873077889959716));
#4130=DIRECTION('',(0.4875807605551,0.,0.873077889959716));
#4131=DIRECTION('',(0.63711159962359,0.683734846114808,-0.355802571426108));
#4132=DIRECTION('',(0.4875807605551,0.,0.873077889959716));
#4133=DIRECTION('',(0.4875807605551,0.,0.873077889959716));
#4134=DIRECTION('',(0.873077889959716,0.,-0.4875807605551));
#4135=DIRECTION('',(0.726444715320845,-0.55470019622523,-0.405691715333341));
#4136=DIRECTION('',(0.606886371218607,0.794788608643274,0.));
#4137=DIRECTION('',(0.4875807605551,0.,0.873077889959716));
#4138=DIRECTION('',(0.484296476880564,0.832050294337843,-0.270461143555561));
#4139=DIRECTION('',(0.4875807605551,0.,0.873077889959716));
#4140=DIRECTION('',(0.623410984873655,0.700106717897108,-0.348151299716371));
#4141=DIRECTION('',(0.4875807605551,0.,0.873077889959716));
#4142=DIRECTION('',(0.4875807605551,0.,0.873077889959716));
#4143=DIRECTION('',(0.873077889959716,0.,-0.4875807605551));
#4144=DIRECTION('',(0.4875807605551,0.,0.873077889959716));
#4145=DIRECTION('',(0.4875807605551,0.,0.873077889959716));
#4146=DIRECTION('',(0.4875807605551,0.,0.873077889959716));
#4147=DIRECTION('',(-0.873077889959716,0.,0.4875807605551));
#4148=DIRECTION('',(0.4875807605551,0.,0.873077889959716));
#4149=DIRECTION('',(0.4875807605551,0.,0.873077889959716));
#4150=DIRECTION('',(0.,-1.,0.));
#4151=DIRECTION('',(0.4875807605551,0.,0.873077889959716));
#4152=DIRECTION('',(0.0318425608053029,0.999334689324747,-0.0177828578572617));
#4153=DIRECTION('',(0.4875807605551,0.,0.873077889959716));
#4154=DIRECTION('',(0.4875807605551,0.,0.873077889959716));
#4155=DIRECTION('',(0.873077889959716,0.,-0.4875807605551));
#4156=DIRECTION('',(0.4875807605551,0.,0.873077889959716));
#4157=DIRECTION('',(-0.20884655919344,0.970968533263753,0.116632851824425));
#4158=DIRECTION('',(0.4875807605551,0.,0.873077889959716));
#4159=DIRECTION('',(0.4875807605551,0.,0.873077889959716));
#4160=DIRECTION('',(0.873077889959716,0.,-0.4875807605551));
#4161=DIRECTION('',(0.4875807605551,0.,0.873077889959716));
#4162=DIRECTION('',(-0.600702602247808,0.725683523546845,0.335469532603705));
#4163=DIRECTION('',(0.4875807605551,0.,0.873077889959716));
#4164=DIRECTION('',(0.873077889959716,0.,-0.4875807605551));
#4165=DIRECTION('',(0.4875807605551,0.,0.873077889959716));
#4166=DIRECTION('',(0.873077889959716,0.,-0.4875807605551));
#4167=DIRECTION('',(0.4875807605551,0.,0.873077889959716));
#4168=DIRECTION('',(-0.862956578096372,0.151825452798534,0.481928393231526));
#4169=DIRECTION('',(0.4875807605551,0.,0.873077889959716));
#4170=DIRECTION('',(0.4875807605551,0.,0.873077889959716));
#4171=DIRECTION('',(0.873077889959716,0.,-0.4875807605551));
#4172=DIRECTION('',(0.4875807605551,0.,0.873077889959716));
#4173=DIRECTION('',(0.4875807605551,0.,0.873077889959716));
#4174=DIRECTION('',(-0.833352648887127,-0.298211637796941,0.465395725888491));
#4175=DIRECTION('',(0.4875807605551,0.,0.873077889959716));
#4176=DIRECTION('',(0.4875807605551,0.,0.873077889959716));
#4177=DIRECTION('',(0.873077889959716,0.,-0.4875807605551));
#4178=DIRECTION('',(0.4875807605551,0.,0.873077889959716));
#4179=DIRECTION('',(0.,-1.,0.));
#4180=DIRECTION('',(0.,0.,-1.));
#4181=DIRECTION('',(0.4875807605551,0.,0.873077889959716));
#4182=DIRECTION('',(0.873077889959716,0.,-0.4875807605551));
#4183=DIRECTION('',(0.873077889959716,0.,-0.4875807605551));
#4184=DIRECTION('',(-0.4875807605551,0.,-0.873077889959716));
#4185=DIRECTION('',(0.4875807605551,0.,0.873077889959716));
#4186=DIRECTION('',(0.,1.,0.));
#4187=DIRECTION('',(0.,1.,0.));
#4188=DIRECTION('',(0.,0.,1.));
#4189=DIRECTION('',(0.4875807605551,0.,0.873077889959716));
#4190=DIRECTION('',(-0.873077889959716,0.,0.4875807605551));
#4191=DIRECTION('',(-0.873077889959716,0.,0.4875807605551));
#4192=DIRECTION('',(0.4875807605551,0.,0.873077889959716));
#4193=DIRECTION('',(0.4875807605551,0.,0.873077889959716));
#4194=DIRECTION('',(0.,-1.,0.));
#4195=DIRECTION('',(0.,-1.,0.));
#4196=DIRECTION('',(0.,0.,-1.));
#4197=DIRECTION('',(0.4875807605551,0.,0.873077889959716));
#4198=DIRECTION('',(0.873077889959716,0.,-0.4875807605551));
#4199=DIRECTION('',(0.4875807605551,0.,0.873077889959716));
#4200=DIRECTION('',(0.4875807605551,0.,0.873077889959716));
#4201=DIRECTION('',(0.4875807605551,0.,0.873077889959716));
#4202=DIRECTION('',(-0.836645864640215,-0.285858848694261,0.467234861502883));
#4203=DIRECTION('',(0.4875807605551,0.,0.873077889959716));
#4204=DIRECTION('',(0.4875807605551,0.,0.873077889959716));
#4205=DIRECTION('',(0.873077889959716,0.,-0.4875807605551));
#4206=DIRECTION('',(0.4875807605551,0.,0.873077889959716));
#4207=DIRECTION('',(-0.852737554042981,0.214596802085101,0.476221457370037));
#4208=DIRECTION('',(0.4875807605551,0.,0.873077889959716));
#4209=DIRECTION('',(0.4875807605551,0.,0.873077889959716));
#4210=DIRECTION('',(0.873077889959716,0.,-0.4875807605551));
#4211=DIRECTION('',(0.,-1.,0.));
#4212=DIRECTION('',(0.,0.,-1.));
#4213=DIRECTION('',(0.873077889959716,0.,-0.4875807605551));
#4214=DIRECTION('',(0.4875807605551,0.,0.873077889959716));
#4215=DIRECTION('',(0.873077889959716,0.,-0.4875807605551));
#4216=DIRECTION('',(0.4875807605551,0.,0.873077889959716));
#4217=DIRECTION('',(0.4875807605551,0.,0.873077889959716));
#4218=DIRECTION('',(0.4875807605551,0.,0.873077889959716));
#4219=DIRECTION('',(0.4875807605551,0.,0.873077889959716));
#4220=DIRECTION('',(0.4875807605551,0.,0.873077889959716));
#4221=DIRECTION('',(0.,-1.,0.));
#4222=DIRECTION('',(0.,0.,-1.));
#4223=DIRECTION('',(0.4875807605551,0.,0.873077889959716));
#4224=DIRECTION('',(0.873077889959716,0.,-0.4875807605551));
#4225=DIRECTION('',(0.873077889959716,0.,-0.4875807605551));
#4226=DIRECTION('',(-0.4875807605551,0.,-0.873077889959716));
#4227=DIRECTION('',(0.4875807605551,0.,0.873077889959716));
#4228=DIRECTION('',(0.,1.,0.));
#4229=DIRECTION('',(0.,1.,0.));
#4230=DIRECTION('',(0.,0.,1.));
#4231=DIRECTION('',(0.4875807605551,0.,0.873077889959716));
#4232=DIRECTION('',(-0.873077889959716,0.,0.4875807605551));
#4233=DIRECTION('',(-0.873077889959716,0.,0.4875807605551));
#4234=DIRECTION('',(0.4875807605551,0.,0.873077889959716));
#4235=DIRECTION('',(0.4875807605551,0.,0.873077889959716));
#4236=DIRECTION('',(0.,-1.,0.));
#4237=DIRECTION('',(0.4875807605551,0.,0.873077889959716));
#4238=DIRECTION('',(0.4875807605551,0.,0.873077889959716));
#4239=DIRECTION('',(0.4875807605551,0.,0.873077889959716));
#4240=DIRECTION('',(0.842669569132419,0.261619379556382,-0.470598871119255));
#4241=DIRECTION('',(0.4875807605551,0.,0.873077889959716));
#4242=DIRECTION('',(0.4875807605551,0.,0.873077889959716));
#4243=DIRECTION('',(0.873077889959716,0.,-0.4875807605551));
#4244=DIRECTION('',(0.4875807605551,0.,0.873077889959716));
#4245=DIRECTION('',(0.4875807605551,0.,0.873077889959716));
#4246=DIRECTION('',(0.4875807605551,0.,0.873077889959716));
#4247=DIRECTION('',(0.4875807605551,0.,0.873077889959716));
#4248=DIRECTION('',(0.4875807605551,0.,0.873077889959716));
#4249=DIRECTION('',(-0.711341676403226,-0.57981005700127,0.397257243120917));
#4250=DIRECTION('',(0.631802818783639,-0.775129149353221,0.));
#4251=DIRECTION('',(0.4875807605551,0.,0.873077889959716));
#4252=DIRECTION('',(0.506219341144092,-0.814751678611455,-0.282704228570176));
#4253=DIRECTION('',(0.4875807605551,0.,0.873077889959716));
#4254=DIRECTION('',(0.4875807605551,0.,0.873077889959716));
#4255=DIRECTION('',(0.4875807605551,0.,0.873077889959716));
#4256=DIRECTION('',(0.4875807605551,0.,0.873077889959716));
#4257=DIRECTION('',(0.4875807605551,0.,0.873077889959716));
#4258=DIRECTION('',(0.4875807605551,0.,0.873077889959716));
#4259=DIRECTION('',(0.4875807605551,0.,0.873077889959716));
#4260=DIRECTION('',(0.873077889959716,0.,-0.4875807605551));
#4261=DIRECTION('',(0.4875807605551,0.,0.873077889959716));
#4262=DIRECTION('',(0.4875807605551,0.,0.873077889959716));
#4263=DIRECTION('',(0.873077889959716,0.,-0.4875807605551));
#4264=DIRECTION('',(-0.4875807605551,0.,-0.873077889959716));
#4265=DIRECTION('',(0.,1.,0.));
#4266=DIRECTION('',(0.4875807605551,0.,0.873077889959716));
#4267=DIRECTION('',(0.,1.,0.));
#4268=DIRECTION('',(0.4875807605551,0.,0.873077889959716));
#4269=DIRECTION('',(0.4875807605551,0.,0.873077889959716));
#4270=DIRECTION('',(0.4875807605551,0.,0.873077889959716));
#4271=DIRECTION('',(-0.841846788656304,0.265071590756213,0.470139379549341));
#4272=DIRECTION('',(0.4875807605551,0.,0.873077889959716));
#4273=DIRECTION('',(0.4875807605551,0.,0.873077889959716));
#4274=DIRECTION('',(0.873077889959716,0.,-0.4875807605551));
#4275=DIRECTION('',(0.4875807605551,0.,0.873077889959716));
#4276=DIRECTION('',(0.4875807605551,0.,0.873077889959716));
#4277=DIRECTION('',(0.4875807605551,0.,0.873077889959716));
#4278=DIRECTION('',(-0.592528613561422,-0.734446690191395,0.33090467113337));
#4279=DIRECTION('',(0.4875807605551,0.,0.873077889959716));
#4280=DIRECTION('',(0.4875807605551,0.,0.873077889959716));
#4281=DIRECTION('',(0.873077889959716,0.,-0.4875807605551));
#4282=DIRECTION('',(0.4875807605551,0.,0.873077889959716));
#4283=DIRECTION('',(0.4875807605551,0.,0.873077889959716));
#4284=DIRECTION('',(0.4875807605551,0.,0.873077889959716));
#4285=DIRECTION('',(0.596667221777347,-0.730037925692193,-0.333215926251346));
#4286=DIRECTION('',(0.4875807605551,0.,0.873077889959716));
#4287=DIRECTION('',(0.4875807605551,0.,0.873077889959716));
#4288=DIRECTION('',(0.873077889959716,0.,-0.4875807605551));
#4289=DIRECTION('',(0.4875807605551,0.,0.873077889959716));
#4290=DIRECTION('',(0.4875807605551,0.,0.873077889959716));
#4291=DIRECTION('',(0.4875807605551,0.,0.873077889959716));
#4292=DIRECTION('',(0.637111599623496,0.683734846114923,-0.355802571426055));
#4293=DIRECTION('',(0.4875807605551,0.,0.873077889959716));
#4294=DIRECTION('',(0.4875807605551,0.,0.873077889959716));
#4295=DIRECTION('',(0.873077889959716,0.,-0.4875807605551));
#4296=DIRECTION('',(0.726444715320845,-0.554700196225229,-0.405691715333341));
#4297=DIRECTION('',(0.606886371218606,0.794788608643274,0.));
#4298=DIRECTION('',(0.4875807605551,0.,0.873077889959716));
#4299=DIRECTION('',(0.484296476880564,0.832050294337844,-0.270461143555561));
#4300=DIRECTION('',(0.4875807605551,0.,0.873077889959716));
#4301=DIRECTION('',(0.623410984899802,0.700106717866566,-0.348151299730971));
#4302=DIRECTION('',(0.4875807605551,0.,0.873077889959716));
#4303=DIRECTION('',(0.4875807605551,0.,0.873077889959716));
#4304=DIRECTION('',(0.873077889959716,0.,-0.4875807605551));
#4305=DIRECTION('',(0.4875807605551,0.,0.873077889959716));
#4306=DIRECTION('',(0.4875807605551,0.,0.873077889959716));
#4307=DIRECTION('',(0.4875807605551,0.,0.873077889959716));
#4308=DIRECTION('',(-0.873077889959716,0.,0.4875807605551));
#4309=DIRECTION('',(0.4875807605551,0.,0.873077889959716));
#4310=DIRECTION('',(0.4875807605551,0.,0.873077889959716));
#4311=DIRECTION('',(0.,-1.,0.));
#4312=DIRECTION('',(0.4875807605551,0.,0.873077889959716));
#4313=DIRECTION('',(0.0318425608052491,0.99933468932475,-0.0177828578572314));
#4314=DIRECTION('',(0.4875807605551,0.,0.873077889959716));
#4315=DIRECTION('',(0.4875807605551,0.,0.873077889959716));
#4316=DIRECTION('',(0.873077889959716,0.,-0.4875807605551));
#4317=DIRECTION('',(0.4875807605551,0.,0.873077889959716));
#4318=DIRECTION('',(-0.2088465591935,0.970968533263735,0.116632851824459));
#4319=DIRECTION('',(0.4875807605551,0.,0.873077889959716));
#4320=DIRECTION('',(0.4875807605551,0.,0.873077889959716));
#4321=DIRECTION('',(0.873077889959716,0.,-0.4875807605551));
#4322=DIRECTION('',(0.4875807605551,0.,0.873077889959716));
#4323=DIRECTION('',(-0.60070260224013,0.725683523555183,0.335469532599416));
#4324=DIRECTION('',(0.4875807605551,0.,0.873077889959716));
#4325=DIRECTION('',(0.873077889959716,0.,-0.4875807605551));
#4326=DIRECTION('',(0.4875807605551,0.,0.873077889959716));
#4327=DIRECTION('',(0.873077889959716,0.,-0.4875807605551));
#4328=DIRECTION('',(0.4875807605551,0.,0.873077889959716));
#4329=DIRECTION('',(-0.852059499266094,0.218101465613624,0.475842789592953));
#4330=DIRECTION('',(0.4875807605551,0.,0.873077889959716));
#4331=DIRECTION('',(0.4875807605551,0.,0.873077889959716));
#4332=DIRECTION('',(0.873077889959716,0.,-0.4875807605551));
#4333=DIRECTION('',(0.4875807605551,0.,0.873077889959716));
#4334=DIRECTION('',(0.4875807605551,0.,0.873077889959716));
#4335=DIRECTION('',(0.4875807605551,0.,0.873077889959716));
#4336=DIRECTION('',(-0.59200647804081,-0.734998858773591,0.33061307832455));
#4337=DIRECTION('',(0.4875807605551,0.,0.873077889959716));
#4338=DIRECTION('',(0.4875807605551,0.,0.873077889959716));
#4339=DIRECTION('',(0.873077889959716,0.,-0.4875807605551));
#4340=DIRECTION('',(0.,-1.,0.));
#4341=DIRECTION('',(0.,0.,-1.));
#4342=DIRECTION('',(0.4875807605551,0.,0.873077889959716));
#4343=DIRECTION('',(0.873077889959716,0.,-0.4875807605551));
#4344=DIRECTION('',(0.873077889959716,0.,-0.4875807605551));
#4345=DIRECTION('',(-0.4875807605551,0.,-0.873077889959716));
#4346=DIRECTION('',(0.4875807605551,0.,0.873077889959716));
#4347=DIRECTION('',(0.,1.,0.));
#4348=DIRECTION('',(0.,1.,0.));
#4349=DIRECTION('',(0.,0.,1.));
#4350=DIRECTION('',(0.4875807605551,0.,0.873077889959716));
#4351=DIRECTION('',(-0.873077889959716,0.,0.4875807605551));
#4352=DIRECTION('',(-0.873077889959716,0.,0.4875807605551));
#4353=DIRECTION('',(0.4875807605551,0.,0.873077889959716));
#4354=DIRECTION('',(0.4875807605551,0.,0.873077889959716));
#4355=DIRECTION('',(0.,-1.,0.));
#4356=DIRECTION('',(0.,-1.,0.));
#4357=DIRECTION('',(0.,0.,-1.));
#4358=DIRECTION('',(0.4875807605551,0.,0.873077889959716));
#4359=DIRECTION('',(0.873077889959716,0.,-0.4875807605551));
#4360=DIRECTION('',(0.4875807605551,0.,0.873077889959716));
#4361=DIRECTION('',(0.4875807605551,0.,0.873077889959716));
#4362=DIRECTION('',(0.4875807605551,0.,0.873077889959716));
#4363=DIRECTION('',(0.,1.,0.));
#4364=DIRECTION('',(0.,0.,1.));
#4365=DIRECTION('',(0.4875807605551,0.,0.873077889959716));
#4366=DIRECTION('',(-0.873077889959716,0.,0.4875807605551));
#4367=DIRECTION('',(-0.873077889959716,0.,0.4875807605551));
#4368=DIRECTION('',(0.4875807605551,0.,0.873077889959716));
#4369=DIRECTION('',(0.4875807605551,0.,0.873077889959716));
#4370=DIRECTION('',(0.,-1.,0.));
#4371=DIRECTION('',(0.,-1.,0.));
#4372=DIRECTION('',(0.,0.,-1.));
#4373=DIRECTION('',(0.4875807605551,0.,0.873077889959716));
#4374=DIRECTION('',(0.873077889959716,0.,-0.4875807605551));
#4375=DIRECTION('',(0.4875807605551,0.,0.873077889959716));
#4376=DIRECTION('',(0.4875807605551,0.,0.873077889959716));
#4377=DIRECTION('',(-0.650720303651263,0.666709606105541,0.363402514496809));
#4378=DIRECTION('',(0.4875807605551,0.,0.873077889959716));
#4379=DIRECTION('',(0.873077889959716,0.,-0.4875807605551));
#4380=DIRECTION('',(0.4875807605551,0.,0.873077889959716));
#4381=DIRECTION('',(0.873077889959716,0.,-0.4875807605551));
#4382=DIRECTION('',(0.4875807605551,0.,0.873077889959716));
#4383=DIRECTION('',(-0.852059499271657,0.218101465585109,0.47584278959606));
#4384=DIRECTION('',(0.4875807605551,0.,0.873077889959716));
#4385=DIRECTION('',(0.4875807605551,0.,0.873077889959716));
#4386=DIRECTION('',(0.873077889959716,0.,-0.4875807605551));
#4387=DIRECTION('',(0.4875807605551,0.,0.873077889959716));
#4388=DIRECTION('',(0.4875807605551,0.,0.873077889959716));
#4389=DIRECTION('',(0.4875807605551,0.,0.873077889959716));
#4390=DIRECTION('',(-0.592006478030251,-0.734998858784748,0.330613078318653));
#4391=DIRECTION('',(0.4875807605551,0.,0.873077889959716));
#4392=DIRECTION('',(0.4875807605551,0.,0.873077889959716));
#4393=DIRECTION('',(0.873077889959716,0.,-0.4875807605551));
#4394=DIRECTION('',(0.,-1.,0.));
#4395=DIRECTION('',(0.,0.,-1.));
#4396=DIRECTION('',(0.4875807605551,0.,0.873077889959716));
#4397=DIRECTION('',(0.873077889959716,0.,-0.4875807605551));
#4398=DIRECTION('',(0.873077889959716,0.,-0.4875807605551));
#4399=DIRECTION('',(-0.4875807605551,0.,-0.873077889959716));
#4400=DIRECTION('',(0.4875807605551,0.,0.873077889959716));
#4401=DIRECTION('',(0.,1.,0.));
#4402=DIRECTION('',(0.,1.,0.));
#4403=DIRECTION('',(0.,0.,1.));
#4404=DIRECTION('',(0.4875807605551,0.,0.873077889959716));
#4405=DIRECTION('',(-0.873077889959716,0.,0.4875807605551));
#4406=DIRECTION('',(-0.873077889959716,0.,0.4875807605551));
#4407=DIRECTION('',(0.4875807605551,0.,0.873077889959716));
#4408=DIRECTION('',(0.4875807605551,0.,0.873077889959716));
#4409=DIRECTION('',(0.,-1.,0.));
#4410=DIRECTION('',(0.,-1.,0.));
#4411=DIRECTION('',(0.,0.,-1.));
#4412=DIRECTION('',(0.4875807605551,0.,0.873077889959716));
#4413=DIRECTION('',(0.873077889959716,0.,-0.4875807605551));
#4414=DIRECTION('',(0.4875807605551,0.,0.873077889959716));
#4415=DIRECTION('',(0.4875807605551,0.,0.873077889959716));
#4416=DIRECTION('',(0.4875807605551,0.,0.873077889959716));
#4417=DIRECTION('',(0.,1.,0.));
#4418=DIRECTION('',(0.,0.,1.));
#4419=DIRECTION('',(0.4875807605551,0.,0.873077889959716));
#4420=DIRECTION('',(-0.873077889959716,0.,0.4875807605551));
#4421=DIRECTION('',(-0.873077889959716,0.,0.4875807605551));
#4422=DIRECTION('',(0.4875807605551,0.,0.873077889959716));
#4423=DIRECTION('',(0.4875807605551,0.,0.873077889959716));
#4424=DIRECTION('',(0.,-1.,0.));
#4425=DIRECTION('',(0.,-1.,0.));
#4426=DIRECTION('',(0.,0.,-1.));
#4427=DIRECTION('',(0.4875807605551,0.,0.873077889959716));
#4428=DIRECTION('',(0.873077889959716,0.,-0.4875807605551));
#4429=DIRECTION('',(0.4875807605551,0.,0.873077889959716));
#4430=DIRECTION('',(0.4875807605551,0.,0.873077889959716));
#4431=DIRECTION('',(-0.650720303640035,0.666709606119917,0.363402514490538));
#4432=DIRECTION('',(0.4875807605551,0.,0.873077889959716));
#4433=DIRECTION('',(0.873077889959716,0.,-0.4875807605551));
#4434=DIRECTION('',(0.4875807605551,0.,0.873077889959716));
#4435=DIRECTION('',(0.873077889959716,0.,-0.4875807605551));
#4436=DIRECTION('',(0.4875807605551,0.,0.873077889959716));
#4437=DIRECTION('',(0.839502198044289,0.274653375279515,-0.468830014958916));
#4438=DIRECTION('',(0.4875807605551,0.,0.873077889959716));
#4439=DIRECTION('',(0.873077889959716,0.,-0.4875807605551));
#4440=DIRECTION('',(0.4875807605551,0.,0.873077889959716));
#4441=DIRECTION('',(0.4875807605551,0.,0.873077889959716));
#4442=DIRECTION('',(0.873077889959716,0.,-0.4875807605551));
#4443=DIRECTION('',(0.4875807605551,0.,0.873077889959716));
#4444=DIRECTION('',(0.4875807605551,0.,0.873077889959716));
#4445=DIRECTION('',(0.838494941389749,-0.278660692007701,-0.468267500466977));
#4446=DIRECTION('',(0.4875807605551,0.,0.873077889959716));
#4447=DIRECTION('',(0.873077889959716,0.,-0.4875807605551));
#4448=DIRECTION('',(0.4875807605551,0.,0.873077889959716));
#4449=DIRECTION('',(0.4875807605551,0.,0.873077889959716));
#4450=DIRECTION('',(0.873077889959716,0.,-0.4875807605551));
#4451=DIRECTION('',(0.4875807605551,0.,0.873077889959716));
#4452=DIRECTION('',(0.573679915830702,-0.753822950499114,-0.320378391083556));
#4453=DIRECTION('',(0.4875807605551,0.,0.873077889959716));
#4454=DIRECTION('',(0.873077889959716,0.,-0.4875807605551));
#4455=DIRECTION('',(0.4875807605551,0.,0.873077889959716));
#4456=DIRECTION('',(0.4875807605551,0.,0.873077889959716));
#4457=DIRECTION('',(0.873077889959716,0.,-0.4875807605551));
#4458=DIRECTION('',(0.4875807605551,0.,0.873077889959716));
#4459=DIRECTION('',(0.4875807605551,0.,0.873077889959716));
#4460=DIRECTION('',(-0.1901364540416,-0.975998510891934,0.106183970453232));
#4461=DIRECTION('',(0.4875807605551,0.,0.873077889959716));
#4462=DIRECTION('',(0.873077889959716,0.,-0.4875807605551));
#4463=DIRECTION('',(0.4875807605551,0.,0.873077889959716));
#4464=DIRECTION('',(0.4875807605551,0.,0.873077889959716));
#4465=DIRECTION('',(0.873077889959716,0.,-0.4875807605551));
#4466=DIRECTION('',(0.4875807605551,0.,0.873077889959716));
#4467=DIRECTION('',(-0.576083112309045,-0.75141478383124,0.321720484819005));
#4468=DIRECTION('',(0.4875807605551,0.,0.873077889959716));
#4469=DIRECTION('',(0.873077889959716,0.,-0.4875807605551));
#4470=DIRECTION('',(0.4875807605551,0.,0.873077889959716));
#4471=DIRECTION('',(0.4875807605551,0.,0.873077889959716));
#4472=DIRECTION('',(0.873077889959716,0.,-0.4875807605551));
#4473=DIRECTION('',(0.4875807605551,0.,0.873077889959716));
#4474=DIRECTION('',(-0.838694169456682,-0.277873038732206,0.468378761757081));
#4475=DIRECTION('',(0.4875807605551,0.,0.873077889959716));
#4476=DIRECTION('',(0.873077889959716,0.,-0.4875807605551));
#4477=DIRECTION('',(0.4875807605551,0.,0.873077889959716));
#4478=DIRECTION('',(0.4875807605551,0.,0.873077889959716));
#4479=DIRECTION('',(0.873077889959716,0.,-0.4875807605551));
#4480=DIRECTION('',(0.4875807605551,0.,0.873077889959716));
#4481=DIRECTION('',(-0.839696261736693,0.273874008259741,0.468938392142471));
#4482=DIRECTION('',(0.4875807605551,0.,0.873077889959716));
#4483=DIRECTION('',(0.873077889959716,0.,-0.4875807605551));
#4484=DIRECTION('',(0.4875807605551,0.,0.873077889959716));
#4485=DIRECTION('',(0.4875807605551,0.,0.873077889959716));
#4486=DIRECTION('',(0.873077889959716,0.,-0.4875807605551));
#4487=DIRECTION('',(0.4875807605551,0.,0.873077889959716));
#4488=DIRECTION('',(-0.57652847386021,0.750966544931162,0.321969202288931));
#4489=DIRECTION('',(0.4875807605551,0.,0.873077889959716));
#4490=DIRECTION('',(0.873077889959716,0.,-0.4875807605551));
#4491=DIRECTION('',(0.4875807605551,0.,0.873077889959716));
#4492=DIRECTION('',(0.4875807605551,0.,0.873077889959716));
#4493=DIRECTION('',(0.873077889959716,0.,-0.4875807605551));
#4494=DIRECTION('',(0.4875807605551,0.,0.873077889959716));
#4495=DIRECTION('',(-0.188930016590676,0.976305813810821,0.105510221069988));
#4496=DIRECTION('',(0.4875807605551,0.,0.873077889959716));
#4497=DIRECTION('',(0.873077889959716,0.,-0.4875807605551));
#4498=DIRECTION('',(0.4875807605551,0.,0.873077889959716));
#4499=DIRECTION('',(0.4875807605551,0.,0.873077889959716));
#4500=DIRECTION('',(0.873077889959716,0.,-0.4875807605551));
#4501=DIRECTION('',(0.4875807605551,0.,0.873077889959716));
#4502=DIRECTION('',(0.188940140605415,0.976303243568423,-0.105515874946767));
#4503=DIRECTION('',(0.4875807605551,0.,0.873077889959716));
#4504=DIRECTION('',(0.873077889959716,0.,-0.4875807605551));
#4505=DIRECTION('',(0.4875807605551,0.,0.873077889959716));
#4506=DIRECTION('',(0.4875807605551,0.,0.873077889959716));
#4507=DIRECTION('',(0.873077889959716,0.,-0.4875807605551));
#4508=DIRECTION('',(0.4875807605551,0.,0.873077889959716));
#4509=DIRECTION('',(0.4875807605551,0.,0.873077889959716));
#4510=DIRECTION('',(0.4875807605551,0.,0.873077889959716));
#4511=DIRECTION('',(0.4875807605551,0.,0.873077889959716));
#4512=DIRECTION('',(0.592832842726265,0.734124545745078,-0.331074571538918));
#4513=DIRECTION('',(0.4875807605551,0.,0.873077889959716));
#4514=DIRECTION('',(0.4875807605551,0.,0.873077889959716));
#4515=DIRECTION('',(0.873077889959716,0.,-0.4875807605551));
#4516=DIRECTION('',(0.4875807605551,0.,0.873077889959716));
#4517=DIRECTION('',(0.4875807605551,0.,0.873077889959716));
#4518=DIRECTION('',(0.4875807605551,0.,0.873077889959716));
#4519=DIRECTION('',(-0.596365045852542,0.730361768559659,0.333047172502188));
#4520=DIRECTION('',(0.4875807605551,0.,0.873077889959716));
#4521=DIRECTION('',(0.4875807605551,0.,0.873077889959716));
#4522=DIRECTION('',(0.873077889959716,0.,-0.4875807605551));
#4523=DIRECTION('',(0.4875807605551,0.,0.873077889959716));
#4524=DIRECTION('',(0.4875807605551,0.,0.873077889959716));
#4525=DIRECTION('',(0.4875807605551,0.,0.873077889959716));
#4526=DIRECTION('',(-0.594247533203108,-0.732622509715764,0.331864622308248));
#4527=DIRECTION('',(0.4875807605551,0.,0.873077889959716));
#4528=DIRECTION('',(0.4875807605551,0.,0.873077889959716));
#4529=DIRECTION('',(0.873077889959716,0.,-0.4875807605551));
#4530=DIRECTION('',(0.4875807605551,0.,0.873077889959716));
#4531=DIRECTION('',(0.4875807605551,0.,0.873077889959716));
#4532=DIRECTION('',(0.4875807605551,0.,0.873077889959716));
#4533=DIRECTION('',(0.595205338614503,-0.731601779576676,-0.332399520163665));
#4534=DIRECTION('',(0.4875807605551,0.,0.873077889959716));
#4535=DIRECTION('',(0.873077889959716,0.,-0.4875807605551));
#4536=DIRECTION('',(0.4875807605551,0.,0.873077889959716));
#4537=DIRECTION('',(0.576440581788136,0.75105505347519,-0.321920117913022));
#4538=DIRECTION('',(0.4875807605551,0.,0.873077889959716));
#4539=DIRECTION('',(0.873077889959716,0.,-0.4875807605551));
#4540=DIRECTION('',(0.4875807605551,0.,0.873077889959716));
#4541=DIRECTION('',(0.873077889959716,0.,-0.4875807605551));
#4542=DIRECTION('',(0.4875807605551,0.,0.873077889959716));
#4543=DIRECTION('',(0.873077889959716,0.,-0.4875807605551));
#4544=DIRECTION('',(0.4875807605551,0.,0.873077889959716));
#4545=DIRECTION('',(-0.862956578058631,0.151825453079956,0.481928393210448));
#4546=DIRECTION('',(0.4875807605551,0.,0.873077889959716));
#4547=DIRECTION('',(0.4875807605551,0.,0.873077889959716));
#4548=DIRECTION('',(0.873077889959716,0.,-0.4875807605551));
#4549=DIRECTION('',(0.4875807605551,0.,0.873077889959716));
#4550=DIRECTION('',(0.4875807605551,0.,0.873077889959716));
#4551=DIRECTION('',(-0.833352648887127,-0.298211637796943,0.465395725888488));
#4552=DIRECTION('',(0.4875807605551,0.,0.873077889959716));
#4553=DIRECTION('',(0.4875807605551,0.,0.873077889959716));
#4554=DIRECTION('',(0.873077889959716,0.,-0.4875807605551));
#4555=DIRECTION('',(0.4875807605551,0.,0.873077889959716));
#4556=DIRECTION('',(0.,-1.,0.));
#4557=DIRECTION('',(0.,0.,-1.));
#4558=DIRECTION('',(0.4875807605551,0.,0.873077889959716));
#4559=DIRECTION('',(0.873077889959716,0.,-0.4875807605551));
#4560=DIRECTION('',(0.873077889959716,0.,-0.4875807605551));
#4561=DIRECTION('',(-0.4875807605551,0.,-0.873077889959716));
#4562=DIRECTION('',(0.4875807605551,0.,0.873077889959716));
#4563=DIRECTION('',(0.,1.,0.));
#4564=DIRECTION('',(0.,1.,0.));
#4565=DIRECTION('',(0.,0.,1.));
#4566=DIRECTION('',(0.4875807605551,0.,0.873077889959716));
#4567=DIRECTION('',(-0.873077889959716,0.,0.4875807605551));
#4568=DIRECTION('',(-0.873077889959716,0.,0.4875807605551));
#4569=DIRECTION('',(0.4875807605551,0.,0.873077889959716));
#4570=DIRECTION('',(0.4875807605551,0.,0.873077889959716));
#4571=DIRECTION('',(0.,-1.,0.));
#4572=DIRECTION('',(0.,-1.,0.));
#4573=DIRECTION('',(0.,0.,-1.));
#4574=DIRECTION('',(0.4875807605551,0.,0.873077889959716));
#4575=DIRECTION('',(0.873077889959716,0.,-0.4875807605551));
#4576=DIRECTION('',(0.4875807605551,0.,0.873077889959716));
#4577=DIRECTION('',(0.4875807605551,0.,0.873077889959716));
#4578=DIRECTION('',(0.4875807605551,0.,0.873077889959716));
#4579=DIRECTION('',(-0.836645864642277,-0.285858848686346,0.467234861504034));
#4580=DIRECTION('',(0.4875807605551,0.,0.873077889959716));
#4581=DIRECTION('',(0.4875807605551,0.,0.873077889959716));
#4582=DIRECTION('',(0.873077889959716,0.,-0.4875807605551));
#4583=DIRECTION('',(0.4875807605551,0.,0.873077889959716));
#4584=DIRECTION('',(-0.852737554042977,0.214596802085117,0.476221457370037));
#4585=DIRECTION('',(0.4875807605551,0.,0.873077889959716));
#4586=DIRECTION('',(0.4875807605551,0.,0.873077889959716));
#4587=DIRECTION('',(0.873077889959716,0.,-0.4875807605551));
#4588=DIRECTION('',(0.,-1.,0.));
#4589=DIRECTION('',(0.,0.,-1.));
#4590=DIRECTION('',(0.873077889959716,0.,-0.4875807605551));
#4591=DIRECTION('',(0.4875807605551,0.,0.873077889959716));
#4592=DIRECTION('',(0.873077889959716,0.,-0.4875807605551));
#4593=DIRECTION('',(0.4875807605551,0.,0.873077889959716));
#4594=DIRECTION('',(-0.852059499271771,0.218101465584531,0.475842789596121));
#4595=DIRECTION('',(0.4875807605551,0.,0.873077889959716));
#4596=DIRECTION('',(0.4875807605551,0.,0.873077889959716));
#4597=DIRECTION('',(0.873077889959716,0.,-0.4875807605551));
#4598=DIRECTION('',(0.4875807605551,0.,0.873077889959716));
#4599=DIRECTION('',(0.4875807605551,0.,0.873077889959716));
#4600=DIRECTION('',(0.4875807605551,0.,0.873077889959716));
#4601=DIRECTION('',(-0.592006478040318,-0.734998858774111,0.330613078324275));
#4602=DIRECTION('',(0.4875807605551,0.,0.873077889959716));
#4603=DIRECTION('',(0.4875807605551,0.,0.873077889959716));
#4604=DIRECTION('',(0.873077889959716,0.,-0.4875807605551));
#4605=DIRECTION('',(0.,-1.,0.));
#4606=DIRECTION('',(0.,0.,-1.));
#4607=DIRECTION('',(0.4875807605551,0.,0.873077889959716));
#4608=DIRECTION('',(0.873077889959716,0.,-0.4875807605551));
#4609=DIRECTION('',(0.873077889959716,0.,-0.4875807605551));
#4610=DIRECTION('',(-0.4875807605551,0.,-0.873077889959716));
#4611=DIRECTION('',(0.4875807605551,0.,0.873077889959716));
#4612=DIRECTION('',(0.,1.,0.));
#4613=DIRECTION('',(0.,1.,0.));
#4614=DIRECTION('',(0.,0.,1.));
#4615=DIRECTION('',(0.4875807605551,0.,0.873077889959716));
#4616=DIRECTION('',(-0.873077889959716,0.,0.4875807605551));
#4617=DIRECTION('',(-0.873077889959716,0.,0.4875807605551));
#4618=DIRECTION('',(0.4875807605551,0.,0.873077889959716));
#4619=DIRECTION('',(0.4875807605551,0.,0.873077889959716));
#4620=DIRECTION('',(0.,-1.,0.));
#4621=DIRECTION('',(0.,-1.,0.));
#4622=DIRECTION('',(0.,0.,-1.));
#4623=DIRECTION('',(0.4875807605551,0.,0.873077889959716));
#4624=DIRECTION('',(0.873077889959716,0.,-0.4875807605551));
#4625=DIRECTION('',(0.4875807605551,0.,0.873077889959716));
#4626=DIRECTION('',(0.4875807605551,0.,0.873077889959716));
#4627=DIRECTION('',(0.4875807605551,0.,0.873077889959716));
#4628=DIRECTION('',(0.,1.,0.));
#4629=DIRECTION('',(0.,0.,1.));
#4630=DIRECTION('',(0.4875807605551,0.,0.873077889959716));
#4631=DIRECTION('',(-0.873077889959716,0.,0.4875807605551));
#4632=DIRECTION('',(-0.873077889959716,0.,0.4875807605551));
#4633=DIRECTION('',(0.4875807605551,0.,0.873077889959716));
#4634=DIRECTION('',(0.4875807605551,0.,0.873077889959716));
#4635=DIRECTION('',(0.,-1.,0.));
#4636=DIRECTION('',(0.,-1.,0.));
#4637=DIRECTION('',(0.,0.,-1.));
#4638=DIRECTION('',(0.4875807605551,0.,0.873077889959716));
#4639=DIRECTION('',(0.873077889959716,0.,-0.4875807605551));
#4640=DIRECTION('',(0.4875807605551,0.,0.873077889959716));
#4641=DIRECTION('',(0.4875807605551,0.,0.873077889959716));
#4642=DIRECTION('',(-0.650720303596078,0.666709606176201,0.363402514465989));
#4643=DIRECTION('',(0.4875807605551,0.,0.873077889959716));
#4644=DIRECTION('',(0.873077889959716,0.,-0.4875807605551));
#4645=DIRECTION('',(0.4875807605551,0.,0.873077889959716));
#4646=DIRECTION('',(0.873077889959716,0.,-0.4875807605551));
#4647=DIRECTION('',(0.4875807605551,0.,0.873077889959716));
#4648=DIRECTION('',(0.873077889959716,0.,-0.4875807605551));
#4649=DIRECTION('',(0.4875807605551,0.,0.873077889959716));
#4650=DIRECTION('',(0.873077889959716,0.,-0.4875807605551));
#4651=DIRECTION('',(0.4875807605551,0.,0.873077889959716));
#4652=DIRECTION('',(0.873077889959716,0.,-0.4875807605551));
#4653=DIRECTION('',(0.,1.,0.));
#4654=DIRECTION('',(0.,0.,1.));
#4655=DIRECTION('',(-0.873077889959716,0.,0.4875807605551));
#4656=DIRECTION('',(0.,1.,0.));
#4657=DIRECTION('',(0.873077889959716,0.,-0.4875807605551));
#4658=DIRECTION('',(0.4875807605551,0.,0.873077889959716));
#4659=DIRECTION('',(0.873077889959716,0.,-0.4875807605551));
#4660=DIRECTION('',(0.873077889959716,0.,-0.4875807605551));
#4661=DIRECTION('',(-0.838115717463938,0.28015333063624,0.468055718342731));
#4662=DIRECTION('',(0.4875807605551,0.,0.873077889959716));
#4663=DIRECTION('',(0.873077889959716,0.,-0.4875807605551));
#4664=DIRECTION('',(0.838115717463938,0.28015333063624,-0.468055718342731));
#4665=DIRECTION('',(-0.873077889959716,0.,0.4875807605551));
#4666=DIRECTION('',(0.838115717463938,0.28015333063624,-0.468055718342731));
#4667=DIRECTION('',(-0.4875807605551,0.,-0.873077889959716));
#4668=DIRECTION('',(-0.838115717463938,0.28015333063624,0.468055718342731));
#4669=DIRECTION('',(0.4875807605551,0.,0.873077889959716));
#4670=DIRECTION('',(0.873077889959716,0.,-0.4875807605551));
#4671=DIRECTION('',(-0.4875807605551,0.,-0.873077889959716));
#4672=DIRECTION('',(-0.873077889959716,0.,0.4875807605551));
#4673=DIRECTION('',(0.4875807605551,0.,0.873077889959716));
#4674=CARTESIAN_POINT('',(0.,0.,0.));
#4675=CARTESIAN_POINT('',(0.00987844495102763,-0.063,0.0106822019442916));
#4676=CARTESIAN_POINT('',(-0.00570755189602265,-0.030301463934448,0.0193863877724825));
#4677=CARTESIAN_POINT('',(-0.00585628586816206,-0.0300269413650036,0.0194694500331239));
#4678=CARTESIAN_POINT('',(-0.00585628586816206,-0.029666698309448,0.0194694500331239));
#4679=CARTESIAN_POINT('',(-0.00570755189602265,-0.030301463934448,0.0193863877724825));
#4680=CARTESIAN_POINT('',(-0.00585628586816206,-0.029666698309448,0.0194694500331239));
#4681=CARTESIAN_POINT('',(-0.00460897029931738,-0.0296506582621569,0.0187728717773882));
#4682=CARTESIAN_POINT('',(-0.00573510569805016,-0.0290378566826883,0.0194017755218497));
#4683=CARTESIAN_POINT('',(-0.00487635559070794,-0.0295051710026858,0.01892219628238));
#4684=CARTESIAN_POINT('',(-0.00537692669680831,-0.0285794587261147,0.0192017461867254));
#4685=CARTESIAN_POINT('',(-0.00537692669680831,-0.0285794587261147,0.0192017461867254));
#4686=CARTESIAN_POINT('',(-0.00514008916155448,-0.0284091028233369,0.0190694814404811));
#4687=CARTESIAN_POINT('',(-0.00481893746375029,-0.0284091028233369,0.0188901304445738));
#4688=CARTESIAN_POINT('',(-0.00481893746375029,-0.0284091028233369,0.0188901304445738));
#4689=CARTESIAN_POINT('',(-0.00387016629752345,-0.0284091028233369,0.0183602778711189));
#4690=CARTESIAN_POINT('',(-0.00292139513129661,-0.0284091028233369,0.0178304252976642));
#4691=CARTESIAN_POINT('',(-0.00292139513129661,-0.0286451054275036,0.0178304252976642));
#4692=CARTESIAN_POINT('',(-0.00292139513129661,-0.0288811080316702,0.0178304252976642));
#4693=CARTESIAN_POINT('',(-0.00377922068398598,-0.0288811080316702,0.0183094882085611));
#4694=CARTESIAN_POINT('',(-0.00463704623667535,-0.0288811080316702,0.0187885511194581));
#4695=CARTESIAN_POINT('',(-0.00463704623667535,-0.0288811080316702,0.0187885511194581));
#4696=CARTESIAN_POINT('',(-0.00548018786217898,-0.0288811080316702,0.019259413616088));
#4697=CARTESIAN_POINT('',(-0.00548018786217898,-0.0297426531705591,0.019259413616088));
#4698=CARTESIAN_POINT('',(-0.00548018786217898,-0.0297426531705591,0.019259413616088));
#4699=CARTESIAN_POINT('',(-0.00548018786217898,-0.0297426531705591,0.019259413616088));
#4700=CARTESIAN_POINT('',(-0.00548018786217898,-0.030242870184448,0.019259413616088));
#4701=CARTESIAN_POINT('',(-0.00517087804113748,-0.0304929786913925,0.0190866758574928));
#4702=CARTESIAN_POINT('',(-0.00517087804113748,-0.0304929786913925,0.0190866758574928));
#4703=CARTESIAN_POINT('',(-0.00517087804113748,-0.0304929786913925,0.0190866758574928));
#4704=CARTESIAN_POINT('',(-0.00486156822009598,-0.0307430871983369,0.0189139380988977));
#4705=CARTESIAN_POINT('',(-0.00434052564253755,-0.0307430871983369,0.0186229556571602));
#4706=CARTESIAN_POINT('',(-0.00434052564253755,-0.0307430871983369,0.0186229556571602));
#4707=CARTESIAN_POINT('',(-0.00363096038691708,-0.0307430871983369,0.0182266904774122));
#4708=CARTESIAN_POINT('',(-0.00292139513129661,-0.0307430871983369,0.0178304252976642));
#4709=CARTESIAN_POINT('',(-0.00292139513129661,-0.0309790898025036,0.0178304252976642));
#4710=CARTESIAN_POINT('',(-0.00292139513129661,-0.0312150924066703,0.0178304252976642));
#4711=CARTESIAN_POINT('',(-0.00512208950887519,-0.0312150924066703,0.0190594293197665));
#4712=CARTESIAN_POINT('',(-0.00732278388645377,-0.0312150924066703,0.0202884333418688));
#4713=CARTESIAN_POINT('',(-0.00732278388645377,-0.0309790898025036,0.0202884333418688));
#4714=CARTESIAN_POINT('',(-0.00732278388645377,-0.0307430871983369,0.0202884333418688));
#4715=CARTESIAN_POINT('',(-0.0063043824848623,-0.0307430871983369,0.0197196949330182));
#4716=CARTESIAN_POINT('',(-0.00528581534545801,-0.0307427156709853,0.0191508639659093));
#4717=CARTESIAN_POINT('',(-0.00479186569267132,-0.0296354499048143,0.0188750118911388));
#4718=CARTESIAN_POINT('',(-0.00570755189602265,-0.0340308476150036,0.0193863877724825));
#4719=CARTESIAN_POINT('',(-0.00585628586816206,-0.0337563250455591,0.0194694500331239));
#4720=CARTESIAN_POINT('',(-0.00585628586816206,-0.0333960819900036,0.0194694500331239));
#4721=CARTESIAN_POINT('',(-0.00570755189602265,-0.0340308476150036,0.0193863877724825));
#4722=CARTESIAN_POINT('',(-0.00585628586816206,-0.0333960819900036,0.0194694500331239));
#4723=CARTESIAN_POINT('',(-0.0046089702992902,-0.0333800419427622,0.0187728717773731));
#4724=CARTESIAN_POINT('',(-0.00573510569802906,-0.0327672403632554,0.0194017755218379));
#4725=CARTESIAN_POINT('',(-0.00487635559046773,-0.0332345546834594,0.0189221962822458));
#4726=CARTESIAN_POINT('',(-0.00537692669680831,-0.0323088424066703,0.0192017461867254));
#4727=CARTESIAN_POINT('',(-0.00537692669680831,-0.0323088424066703,0.0192017461867254));
#4728=CARTESIAN_POINT('',(-0.00514008916155448,-0.0321384865038924,0.0190694814404811));
#4729=CARTESIAN_POINT('',(-0.00481893746375029,-0.0321384865038924,0.0188901304445738));
#4730=CARTESIAN_POINT('',(-0.00481893746375029,-0.0321384865038924,0.0188901304445738));
#4731=CARTESIAN_POINT('',(-0.00387016629752345,-0.0321384865038924,0.0183602778711189));
#4732=CARTESIAN_POINT('',(-0.00292139513129661,-0.0321384865038924,0.0178304252976642));
#4733=CARTESIAN_POINT('',(-0.00292139513129661,-0.0323744891080592,0.0178304252976642));
#4734=CARTESIAN_POINT('',(-0.00292139513129661,-0.0326104917122258,0.0178304252976642));
#4735=CARTESIAN_POINT('',(-0.00377922068398598,-0.0326104917122258,0.0183094882085611));
#4736=CARTESIAN_POINT('',(-0.00463704623667535,-0.0326104917122258,0.0187885511194581));
#4737=CARTESIAN_POINT('',(-0.00463704623667535,-0.0326104917122258,0.0187885511194581));
#4738=CARTESIAN_POINT('',(-0.00548018786217898,-0.0326104917122258,0.019259413616088));
#4739=CARTESIAN_POINT('',(-0.00548018786217898,-0.0334720368511147,0.019259413616088));
#4740=CARTESIAN_POINT('',(-0.00548018786217898,-0.0334720368511147,0.019259413616088));
#4741=CARTESIAN_POINT('',(-0.00548018786217898,-0.0334720368511147,0.019259413616088));
#4742=CARTESIAN_POINT('',(-0.00548018786217898,-0.0339722538650036,0.019259413616088));
#4743=CARTESIAN_POINT('',(-0.00517087804113748,-0.034222362371948,0.0190866758574928));
#4744=CARTESIAN_POINT('',(-0.00517087804113748,-0.034222362371948,0.0190866758574928));
#4745=CARTESIAN_POINT('',(-0.00517087804113748,-0.034222362371948,0.0190866758574928));
#4746=CARTESIAN_POINT('',(-0.00486156822009598,-0.0344724708788924,0.0189139380988977));
#4747=CARTESIAN_POINT('',(-0.00434052564253755,-0.0344724708788924,0.0186229556571602));
#4748=CARTESIAN_POINT('',(-0.00434052564253755,-0.0344724708788924,0.0186229556571602));
#4749=CARTESIAN_POINT('',(-0.00363096038691708,-0.0344724708788924,0.0182266904774122));
#4750=CARTESIAN_POINT('',(-0.00292139513129661,-0.0344724708788924,0.0178304252976642));
#4751=CARTESIAN_POINT('',(-0.00292139513129661,-0.0347084734830592,0.0178304252976642));
#4752=CARTESIAN_POINT('',(-0.00292139513129661,-0.0349444760872258,0.0178304252976642));
#4753=CARTESIAN_POINT('',(-0.00434005196746704,-0.0349444760872258,0.0186226911276677));
#4754=CARTESIAN_POINT('',(-0.00575870880363748,-0.0349444760872258,0.0194149569576712));
#4755=CARTESIAN_POINT('',(-0.00575870880363748,-0.0347084734830592,0.0194149569576712));
#4756=CARTESIAN_POINT('',(-0.00575870880363748,-0.0344724708788924,0.0194149569576712));
#4757=CARTESIAN_POINT('',(-0.00552234494345416,-0.0344724708788924,0.0192829567409194));
#4758=CARTESIAN_POINT('',(-0.00528581534546037,-0.0344720993515463,0.0191508639659106));
#4759=CARTESIAN_POINT('',(-0.00479186569249897,-0.033364833585186,0.0188750118910425));
#4760=CARTESIAN_POINT('',(-0.00566207908925392,-0.0380173927538925,0.0193609929412036));
#4761=CARTESIAN_POINT('',(-0.00585628586816206,-0.0376528094205592,0.0194694500331239));
#4762=CARTESIAN_POINT('',(-0.00585628586816206,-0.0371873146288925,0.0194694500331239));
#4763=CARTESIAN_POINT('',(-0.00566207908925392,-0.0380173927538925,0.0193609929412036));
#4764=CARTESIAN_POINT('',(-0.00585628586816206,-0.0371873146288925,0.0194694500331239));
#4765=CARTESIAN_POINT('',(-0.00455276654066541,-0.0371664189230445,0.0187414841180457));
#4766=CARTESIAN_POINT('',(-0.00566837725903437,-0.0363956596100766,0.0193645102292336));
#4767=CARTESIAN_POINT('',(-0.00453277985647211,-0.0371830533807439,0.0187303223158835));
#4768=CARTESIAN_POINT('',(-0.00515578113115957,-0.0358400698756387,0.0190782448080599));
#4769=CARTESIAN_POINT('',(-0.0044546632435305,-0.037352542418255,0.0186866971617156));
#4770=CARTESIAN_POINT('',(-0.00443147446942242,-0.0356393674606806,0.0186737471142502));
#4771=CARTESIAN_POINT('',(-0.00440709150599706,-0.0380715352455166,0.0186601301575179));
#4772=CARTESIAN_POINT('',(-0.00425526412984617,-0.0356451796708768,0.0185753403485123));
#4773=CARTESIAN_POINT('',(-0.00425526412984617,-0.0369822365038925,0.0185753403485122));
#4774=CARTESIAN_POINT('',(-0.00425526412984617,-0.038319042059448,0.0185753403485122));
#4775=CARTESIAN_POINT('',(-0.00425526412984617,-0.038319042059448,0.0185753403485122));
#4776=CARTESIAN_POINT('',(-0.00381853571483811,-0.0382919153233369,0.0183314441564377));
#4777=CARTESIAN_POINT('',(-0.00350922589379661,-0.0379929786913924,0.0181587063978426));
#4778=CARTESIAN_POINT('',(-0.00350922589379661,-0.0379929786913924,0.0181587063978426));
#4779=CARTESIAN_POINT('',(-0.00350922589379661,-0.0379929786913924,0.0181587063978426));
#4780=CARTESIAN_POINT('',(-0.00319991607275511,-0.037694042059448,0.0179859686392475));
#4781=CARTESIAN_POINT('',(-0.00319991607275511,-0.0371808042122258,0.0179859686392475));
#4782=CARTESIAN_POINT('',(-0.00319991607275511,-0.0371808042122258,0.0179859686392475));
#4783=CARTESIAN_POINT('',(-0.00319991607275511,-0.0371808042122258,0.0179859686392475));
#4784=CARTESIAN_POINT('',(-0.00319991607275511,-0.0367641375455591,0.0179859686392475));
#4785=CARTESIAN_POINT('',(-0.00333633449306132,-0.0364896149761147,0.0180621531330843));
#4786=CARTESIAN_POINT('',(-0.00333633449306132,-0.0364896149761147,0.0180621531330843));
#4787=CARTESIAN_POINT('',(-0.00424902794454196,-0.0370839357187698,0.0185718576764522));
#4788=CARTESIAN_POINT('',(-0.00371527454946744,-0.0360479917122258,0.0182737767270751));
#4789=CARTESIAN_POINT('',(-0.00360632928325068,-0.0358608172330592,0.0182129349438028));
#4790=CARTESIAN_POINT('',(-0.00349746104574903,-0.0356737750921226,0.018152136178135));
#4791=CARTESIAN_POINT('',(-0.00425064310131409,-0.0370492855594134,0.018572759680015));
#4792=CARTESIAN_POINT('',(-0.00300334091849443,-0.0362774838997258,0.0178761888998647));
#4793=CARTESIAN_POINT('',(-0.00300334091849443,-0.0362774838997258,0.0178761888998647));
#4794=CARTESIAN_POINT('',(-0.00282476541691304,-0.0366523753927814,0.0177764612811965));
#4795=CARTESIAN_POINT('',(-0.00282476541691304,-0.037166698309448,0.0177764612811965));
#4796=CARTESIAN_POINT('',(-0.00282476541691304,-0.037166698309448,0.0177764612811965));
#4797=CARTESIAN_POINT('',(-0.00282476541691304,-0.037166698309448,0.0177764612811965));
#4798=CARTESIAN_POINT('',(-0.00282476541691304,-0.0376387035177814,0.0177764612811965));
#4799=CARTESIAN_POINT('',(-0.00301849852075068,-0.038006542059448,0.0178846538436244));
#4800=CARTESIAN_POINT('',(-0.00301849852075068,-0.038006542059448,0.0178846538436244));
#4801=CARTESIAN_POINT('',(-0.00417141552853912,-0.037207426940686,0.0185285140970782));
#4802=CARTESIAN_POINT('',(-0.0035580144260589,-0.0385827139344481,0.018185952935569));
#4803=CARTESIAN_POINT('',(-0.0035580144260589,-0.0385827139344481,0.018185952935569));
#4804=CARTESIAN_POINT('',(-0.00390379722752949,-0.0387910472677813,0.0183790594650857));
#4805=CARTESIAN_POINT('',(-0.00434052564253755,-0.0387910472677813,0.0186229556571602));
#4806=CARTESIAN_POINT('',(-0.00434052564253755,-0.0387910472677813,0.0186229556571602));
#4807=CARTESIAN_POINT('',(-0.00434052564253755,-0.0387910472677813,0.0186229556571602));
#4808=CARTESIAN_POINT('',(-0.0047763067074046,-0.0387910472677813,0.0188663227902498));
#4809=CARTESIAN_POINT('',(-0.00512208950887519,-0.0385865116775036,0.0190594293197665));
#4810=CARTESIAN_POINT('',(-0.00512208950887519,-0.0385865116775036,0.0190594293197665));
#4811=CARTESIAN_POINT('',(-0.00452415601156187,-0.0372191859937929,0.0187255062268397));
#4812=CARTESIAN_POINT('',(-0.00566207908925392,-0.0416632260872258,0.0193609929412036));
#4813=CARTESIAN_POINT('',(-0.00585628586816206,-0.0412986427538925,0.0194694500331239));
#4814=CARTESIAN_POINT('',(-0.00585628586816206,-0.0408331479622258,0.0194694500331239));
#4815=CARTESIAN_POINT('',(-0.00566207908925392,-0.0416632260872258,0.0193609929412036));
#4816=CARTESIAN_POINT('',(-0.00585628586816206,-0.0408331479622258,0.0194694500331239));
#4817=CARTESIAN_POINT('',(-0.0045527665406653,-0.0408122522563779,0.0187414841180457));
#4818=CARTESIAN_POINT('',(-0.00566837725903434,-0.04004149294341,0.0193645102292336));
#4819=CARTESIAN_POINT('',(-0.00453277985644996,-0.0408288867140772,0.0187303223158711));
#4820=CARTESIAN_POINT('',(-0.00515578113115714,-0.0394859032089772,0.0190782448080585));
#4821=CARTESIAN_POINT('',(-0.00445466324353054,-0.0409983757515887,0.0186866971617156));
#4822=CARTESIAN_POINT('',(-0.00443147446942242,-0.039285200794014,0.0186737471142502));
#4823=CARTESIAN_POINT('',(-0.00440709150599705,-0.0417173685788456,0.0186601301575179));
#4824=CARTESIAN_POINT('',(-0.00425526412984618,-0.0392910130042102,0.0185753403485123));
#4825=CARTESIAN_POINT('',(-0.00425526412984617,-0.0406280698372258,0.0185753403485122));
#4826=CARTESIAN_POINT('',(-0.00425526412984617,-0.0419648753927814,0.0185753403485122));
#4827=CARTESIAN_POINT('',(-0.00425526412984617,-0.0419648753927814,0.0185753403485122));
#4828=CARTESIAN_POINT('',(-0.00381853571483811,-0.0419377486566702,0.0183314441564377));
#4829=CARTESIAN_POINT('',(-0.00350922589379661,-0.0416388120247258,0.0181587063978426));
#4830=CARTESIAN_POINT('',(-0.00350922589379661,-0.0416388120247258,0.0181587063978426));
#4831=CARTESIAN_POINT('',(-0.00350922589379661,-0.0416388120247258,0.0181587063978426));
#4832=CARTESIAN_POINT('',(-0.00319991607275511,-0.0413398753927814,0.0179859686392475));
#4833=CARTESIAN_POINT('',(-0.00319991607275511,-0.0408266375455591,0.0179859686392475));
#4834=CARTESIAN_POINT('',(-0.00319991607275511,-0.0408266375455591,0.0179859686392475));
#4835=CARTESIAN_POINT('',(-0.00319991607275511,-0.0408266375455591,0.0179859686392475));
#4836=CARTESIAN_POINT('',(-0.00319991607275511,-0.0404099708788924,0.0179859686392475));
#4837=CARTESIAN_POINT('',(-0.00333633449306132,-0.040135448309448,0.0180621531330843));
#4838=CARTESIAN_POINT('',(-0.00333633449306132,-0.040135448309448,0.0180621531330843));
#4839=CARTESIAN_POINT('',(-0.00424902794463836,-0.0407297690522834,0.0185718576765061));
#4840=CARTESIAN_POINT('',(-0.00371527454946745,-0.0396938250455591,0.0182737767270752));
#4841=CARTESIAN_POINT('',(-0.00360632928325068,-0.0395066505663924,0.0182129349438028));
#4842=CARTESIAN_POINT('',(-0.00349746104574915,-0.0393196084254561,0.0181521361781351));
#4843=CARTESIAN_POINT('',(-0.00425064310131445,-0.0406951188927468,0.0185727596800152));
#4844=CARTESIAN_POINT('',(-0.00300334091849443,-0.0399233172330592,0.0178761888998647));
#4845=CARTESIAN_POINT('',(-0.00300334091849443,-0.0399233172330592,0.0178761888998647));
#4846=CARTESIAN_POINT('',(-0.00282476541691304,-0.0402982087261147,0.0177764612811965));
#4847=CARTESIAN_POINT('',(-0.00282476541691304,-0.0408125316427813,0.0177764612811965));
#4848=CARTESIAN_POINT('',(-0.00282476541691304,-0.0408125316427813,0.0177764612811965));
#4849=CARTESIAN_POINT('',(-0.00282476541691304,-0.0408125316427813,0.0177764612811965));
#4850=CARTESIAN_POINT('',(-0.00282476541691304,-0.0412845368511147,0.0177764612811965));
#4851=CARTESIAN_POINT('',(-0.00301849852075068,-0.0416523753927814,0.0178846538436244));
#4852=CARTESIAN_POINT('',(-0.00301849852075068,-0.0416523753927814,0.0178846538436244));
#4853=CARTESIAN_POINT('',(-0.00417141552853875,-0.0408532602740192,0.018528514097078));
#4854=CARTESIAN_POINT('',(-0.0035580144260589,-0.0422285472677814,0.018185952935569));
#4855=CARTESIAN_POINT('',(-0.0035580144260589,-0.0422285472677814,0.018185952935569));
#4856=CARTESIAN_POINT('',(-0.00390379722752949,-0.0424368806011147,0.0183790594650857));
#4857=CARTESIAN_POINT('',(-0.00434052564253755,-0.0424368806011147,0.0186229556571602));
#4858=CARTESIAN_POINT('',(-0.00434052564253755,-0.0424368806011147,0.0186229556571602));
#4859=CARTESIAN_POINT('',(-0.00434052564253755,-0.0424368806011147,0.0186229556571602));
#4860=CARTESIAN_POINT('',(-0.0047763067074046,-0.0424368806011147,0.0188663227902498));
#4861=CARTESIAN_POINT('',(-0.00512208950887519,-0.0422323450108369,0.0190594293197665));
#4862=CARTESIAN_POINT('',(-0.00512208950887519,-0.0422323450108369,0.0190594293197665));
#4863=CARTESIAN_POINT('',(-0.00452415601115702,-0.0408650193265167,0.0187255062266136));
#4864=CARTESIAN_POINT('',(-0.00489266088136717,-0.0430074735136039,0.0189313021664163));
#4865=CARTESIAN_POINT('',(-0.00568007874193321,-0.0436429352886147,0.0193710450619182));
#4866=CARTESIAN_POINT('',(-0.00585607979387011,-0.0429935231650654,0.0194693349484778));
#4867=CARTESIAN_POINT('',(-0.00494280755170633,-0.0429887859965159,0.0189593071725498));
#4868=CARTESIAN_POINT('',(-0.00581372348499321,-0.0426734257400036,0.019445680562616));
#4869=CARTESIAN_POINT('',(-0.00562560610882483,-0.0426734257400036,0.019340624170282));
#4870=CARTESIAN_POINT('',(-0.00543773788838245,-0.0426734257400036,0.0192357069219347));
#4871=CARTESIAN_POINT('',(-0.00485415083478299,-0.0429849531988704,0.018909795771605));
#4872=CARTESIAN_POINT('',(-0.00549810063856646,-0.0429935194968825,0.0192694172197012));
#4873=CARTESIAN_POINT('',(-0.00462387150234646,-0.0429952988153468,0.0187811935319415));
#4874=CARTESIAN_POINT('',(-0.00535276926821242,-0.0435490767816702,0.0191882551826085));
#4875=CARTESIAN_POINT('',(-0.00535276926821242,-0.0435490767816702,0.0191882551826085));
#4876=CARTESIAN_POINT('',(-0.00520735102156657,-0.0438062382400036,0.0191070446284144));
#4877=CARTESIAN_POINT('',(-0.0049311984554606,-0.0439624882400036,0.0189528239342936));
#4878=CARTESIAN_POINT('',(-0.0049311984554606,-0.0439624882400036,0.0189528239342936));
#4879=CARTESIAN_POINT('',(-0.0049311984554606,-0.0439624882400036,0.0189528239342936));
#4880=CARTESIAN_POINT('',(-0.00465504588935464,-0.0441187382400036,0.0187986032401727));
#4881=CARTESIAN_POINT('',(-0.00427989523351257,-0.0441187382400036,0.0185890958821216));
#4882=CARTESIAN_POINT('',(-0.00427989523351257,-0.0441187382400036,0.0185890958821216));
#4883=CARTESIAN_POINT('',(-0.00360064518240459,-0.0441187382400036,0.0182097605898929));
#4884=CARTESIAN_POINT('',(-0.00292139513129661,-0.0441187382400036,0.0178304252976642));
#4885=CARTESIAN_POINT('',(-0.00292139513129661,-0.0443547408441703,0.0178304252976642));
#4886=CARTESIAN_POINT('',(-0.00292139513129661,-0.0445907434483369,0.0178304252976642));
#4887=CARTESIAN_POINT('',(-0.00434005196746704,-0.0445907434483369,0.0186226911276677));
#4888=CARTESIAN_POINT('',(-0.00575870880363748,-0.0445907434483369,0.0194149569576712));
#4889=CARTESIAN_POINT('',(-0.00575870880363748,-0.0443547408441703,0.0194149569576712));
#4890=CARTESIAN_POINT('',(-0.00575870880363748,-0.0441187382400036,0.0194149569576712));
#4891=CARTESIAN_POINT('',(-0.00547403008626238,-0.0441187382400036,0.0192559747326856));
#4892=CARTESIAN_POINT('',(-0.00518935136888728,-0.0441187382400036,0.0190969925076999));
#4893=CARTESIAN_POINT('',(-0.00518935136888728,-0.0441187382400036,0.0190969925076999));
#4894=CARTESIAN_POINT('',(-0.00550387161570436,-0.0439310212261147,0.0192726400907124));
#4895=CARTESIAN_POINT('',(-0.00568007874193321,-0.0436429352886147,0.0193710450619182));
#4896=CARTESIAN_POINT('',(-0.00302181424624423,-0.0461841679275036,0.0178865055500718));
#4897=CARTESIAN_POINT('',(-0.00282476541691304,-0.046590526434448,0.0177764612811965));
#4898=CARTESIAN_POINT('',(-0.00282476541691304,-0.0471037642816703,0.0177764612811965));
#4899=CARTESIAN_POINT('',(-0.00302181424624423,-0.0461841679275036,0.0178865055500718));
#4900=CARTESIAN_POINT('',(-0.00282476541691304,-0.0471037642816703,0.0177764612811965));
#4901=CARTESIAN_POINT('',(-0.00282476541691304,-0.0471037642816703,0.0177764612811965));
#4902=CARTESIAN_POINT('',(-0.00282476541691304,-0.0477016375455591,0.0177764612811965));
#4903=CARTESIAN_POINT('',(-0.00308244465526921,-0.0481356653233369,0.0179203653251103));
#4904=CARTESIAN_POINT('',(-0.00308244465526921,-0.0481356653233369,0.0179203653251103));
#4905=CARTESIAN_POINT('',(-0.00308244465526921,-0.0481356653233369,0.0179203653251103));
#4906=CARTESIAN_POINT('',(-0.00334012389362538,-0.0485696931011147,0.0180642693690241));
#4907=CARTESIAN_POINT('',(-0.00382185144033166,-0.0488018979622258,0.0183332958628852));
#4908=CARTESIAN_POINT('',(-0.00382185144033166,-0.0488018979622258,0.0183332958628852));
#4909=CARTESIAN_POINT('',(-0.00382185144033166,-0.0488018979622258,0.0183332958628852));
#4910=CARTESIAN_POINT('',(-0.00430357898703796,-0.0490341028233369,0.0186023223567461));
#4911=CARTESIAN_POINT('',(-0.00497714493729985,-0.0490341028233369,0.0189784832950649));
#4912=CARTESIAN_POINT('',(-0.00497714493729985,-0.0490341028233369,0.0189784832950649));
#4913=CARTESIAN_POINT('',(-0.00497714493729985,-0.0490341028233369,0.0189784832950649));
#4914=CARTESIAN_POINT('',(-0.00565544763826681,-0.0490341028233369,0.0193572895283088));
#4915=CARTESIAN_POINT('',(-0.00614380663596021,-0.0488018979622258,0.0196300194350645));
#4916=CARTESIAN_POINT('',(-0.00614380663596021,-0.0488018979622258,0.0196300194350645));
#4917=CARTESIAN_POINT('',(-0.00614380663596021,-0.0488018979622258,0.0196300194350645));
#4918=CARTESIAN_POINT('',(-0.0066321656336536,-0.0485696931011147,0.0199027493418204));
#4919=CARTESIAN_POINT('',(-0.00688984487200977,-0.0481356653233369,0.0200466533857342));
#4920=CARTESIAN_POINT('',(-0.00688984487200977,-0.0481356653233369,0.0200466533857342));
#4921=CARTESIAN_POINT('',(-0.00688984487200977,-0.0481356653233369,0.0200466533857342));
#4922=CARTESIAN_POINT('',(-0.00714752411036594,-0.0477016375455591,0.020190557429648));
#4923=CARTESIAN_POINT('',(-0.00714752411036594,-0.0471037642816702,0.020190557429648));
#4924=CARTESIAN_POINT('',(-0.00714752411036594,-0.0471037642816702,0.020190557429648));
#4925=CARTESIAN_POINT('',(-0.00714752411036594,-0.0471037642816702,0.020190557429648));
#4926=CARTESIAN_POINT('',(-0.00714752411036594,-0.0465558042122258,0.020190557429648));
#4927=CARTESIAN_POINT('',(-0.00693200195328495,-0.0461564986566702,0.0200701965105657));
#4928=CARTESIAN_POINT('',(-0.00693200195328495,-0.0461564986566702,0.0200701965105657));
#4929=CARTESIAN_POINT('',(-0.00693200195328495,-0.0461564986566702,0.0200701965105657));
#4930=CARTESIAN_POINT('',(-0.00671647979620397,-0.0457571931011147,0.0199498355914834));
#4931=CARTESIAN_POINT('',(-0.00629869838401621,-0.0454718198372258,0.0197165205791083));
#4932=CARTESIAN_POINT('',(-0.00629869838401621,-0.0454718198372258,0.0197165205791083));
#4933=CARTESIAN_POINT('',(-0.00617127979004965,-0.0456768979622258,0.0196453621456289));
#4934=CARTESIAN_POINT('',(-0.00604386119608309,-0.0458819760872258,0.0195742037121495));
#4935=CARTESIAN_POINT('',(-0.00604386119608309,-0.0458819760872258,0.0195742037121495));
#4936=CARTESIAN_POINT('',(-0.00673542679902427,-0.0463192590733369,0.0199604167711829));
#4937=CARTESIAN_POINT('',(-0.00673542679902427,-0.0471037642816702,0.0199604167711829));
#4938=CARTESIAN_POINT('',(-0.00673542679902427,-0.0471037642816702,0.0199604167711829));
#4939=CARTESIAN_POINT('',(-0.00673542679902427,-0.0471037642816702,0.0199604167711829));
#4940=CARTESIAN_POINT('',(-0.00673542679902427,-0.0477569760872258,0.0199604167711829));
#4941=CARTESIAN_POINT('',(-0.00627122522992677,-0.0481215594205591,0.019701177868544));
#4942=CARTESIAN_POINT('',(-0.00627122522992677,-0.0481215594205591,0.019701177868544));
#4943=CARTESIAN_POINT('',(-0.00627122522992677,-0.0481215594205591,0.019701177868544));
#4944=CARTESIAN_POINT('',(-0.00580702366082926,-0.0484861427538925,0.0194419389659051));
#4945=CARTESIAN_POINT('',(-0.00498282903814594,-0.0484861427538925,0.0189816576489748));
#4946=CARTESIAN_POINT('',(-0.00498282903814594,-0.0484861427538925,0.0189816576489748));
#4947=CARTESIAN_POINT('',(-0.00498282903814594,-0.0484861427538925,0.0189816576489748));
#4948=CARTESIAN_POINT('',(-0.00416431851630871,-0.0484861427538925,0.0185245506859545));
#4949=CARTESIAN_POINT('',(-0.00370059062228171,-0.0481177616775036,0.018265576312808));
#4950=CARTESIAN_POINT('',(-0.00370059062228171,-0.0481177616775036,0.018265576312808));
#4951=CARTESIAN_POINT('',(-0.00370059062228171,-0.0481177616775036,0.018265576312808));
#4952=CARTESIAN_POINT('',(-0.0032368627282547,-0.0477493806011147,0.0180066019396617));
#4953=CARTESIAN_POINT('',(-0.0032368627282547,-0.0471037642816703,0.0180066019396617));
#4954=CARTESIAN_POINT('',(-0.0032368627282547,-0.0471037642816703,0.0180066019396617));
#4955=CARTESIAN_POINT('',(-0.00431364189486329,-0.0470832841502488,0.0186079421076381));
#4956=CARTESIAN_POINT('',(-0.00338843875081716,-0.0464543502191702,0.018091251377258));
#4957=CARTESIAN_POINT('',(-0.00338843875081716,-0.0464543502191702,0.018091251377258));
#4958=CARTESIAN_POINT('',(-0.00354001477337961,-0.0461662642816703,0.0181759008148543));
#4959=CARTESIAN_POINT('',(-0.00383700904258791,-0.045999706121948,0.0183417608066447));
#4960=CARTESIAN_POINT('',(-0.00383700904258791,-0.045999706121948,0.0183417608066447));
#4961=CARTESIAN_POINT('',(-0.00383700904258791,-0.045999706121948,0.0183417608066447));
#4962=CARTESIAN_POINT('',(-0.00413400331179622,-0.0458331479622258,0.0185076207984351));
#4963=CARTESIAN_POINT('',(-0.00456410027581717,-0.0458331479622258,0.0187478135776149));
#4964=CARTESIAN_POINT('',(-0.00456410027581717,-0.0458331479622258,0.0187478135776149));
#4965=CARTESIAN_POINT('',(-0.00456410027581717,-0.0463919587261147,0.0187478135776149));
#4966=CARTESIAN_POINT('',(-0.00456410027581716,-0.0469507694900036,0.0187478135776149));
#4967=CARTESIAN_POINT('',(-0.00475214927880871,-0.0469507694900036,0.0188528317861329));
#4968=CARTESIAN_POINT('',(-0.00494019828180025,-0.0469507694900036,0.0189578499946509));
#4969=CARTESIAN_POINT('',(-0.00494019828180025,-0.0461347972677814,0.0189578499946509));
#4970=CARTESIAN_POINT('',(-0.00494019828180025,-0.0453188250455591,0.0189578499946509));
#4971=CARTESIAN_POINT('',(-0.00475214927880871,-0.0453188250455591,0.0188528317861329));
#4972=CARTESIAN_POINT('',(-0.00456410027581717,-0.0453188250455591,0.0187478135776149));
#4973=CARTESIAN_POINT('',(-0.00456410027581717,-0.0453188250455591,0.0187478135776149));
#4974=CARTESIAN_POINT('',(-0.00400042694191305,-0.0453188250455591,0.0184330234815534));
#4975=CARTESIAN_POINT('',(-0.00360964500874423,-0.0455483172330591,0.0182147866502502));
#4976=CARTESIAN_POINT('',(-0.00360964500874423,-0.0455483172330591,0.0182147866502502));
#4977=CARTESIAN_POINT('',(-0.00360964500874423,-0.0455483172330591,0.0182147866502502));
#4978=CARTESIAN_POINT('',(-0.00321886307557542,-0.0457778094205591,0.0179965498189471));
#4979=CARTESIAN_POINT('',(-0.00302181424624423,-0.0461841679275036,0.0178865055500718));
#4980=CARTESIAN_POINT('',(-0.00301849852075068,-0.0252591462261147,0.0178846538436244));
#4981=CARTESIAN_POINT('',(-0.00282476541691304,-0.025623729559448,0.0177764612811965));
#4982=CARTESIAN_POINT('',(-0.00282476541691304,-0.0260892243511147,0.0177764612811965));
#4983=CARTESIAN_POINT('',(-0.00301849852075068,-0.0252591462261147,0.0178846538436244));
#4984=CARTESIAN_POINT('',(-0.00282476541691304,-0.0260892243511147,0.0177764612811965));
#4985=CARTESIAN_POINT('',(-0.00282476541691304,-0.0260892243511147,0.0177764612811965));
#4986=CARTESIAN_POINT('',(-0.00282476541691304,-0.0265547191427814,0.0177764612811965));
#4987=CARTESIAN_POINT('',(-0.00301849852075068,-0.026922557684448,0.0178846538436244));
#4988=CARTESIAN_POINT('',(-0.00301849852075068,-0.026922557684448,0.0178846538436244));
#4989=CARTESIAN_POINT('',(-0.00416688015368372,-0.026124702076553,0.0185259812628983));
#4990=CARTESIAN_POINT('',(-0.00356085647648195,-0.027498729559448,0.0181875401125238));
#4991=CARTESIAN_POINT('',(-0.00356085647648195,-0.027498729559448,0.0181875401125238));
#4992=CARTESIAN_POINT('',(-0.00390948132837558,-0.0277070628927813,0.0183822338189955));
#4993=CARTESIAN_POINT('',(-0.00434620974338364,-0.0277070628927813,0.01862613001107));
#4994=CARTESIAN_POINT('',(-0.00434620974338364,-0.0277070628927813,0.01862613001107));
#4995=CARTESIAN_POINT('',(-0.00434620974338364,-0.0277070628927813,0.01862613001107));
#4996=CARTESIAN_POINT('',(-0.0047829381583917,-0.0277070628927813,0.0188700262031446));
#4997=CARTESIAN_POINT('',(-0.00512540523436874,-0.0275025273025036,0.0190612810262139));
#4998=CARTESIAN_POINT('',(-0.00512540523436874,-0.0275025273025036,0.0190612810262139));
#4999=CARTESIAN_POINT('',(-0.00451887666711628,-0.0261336993633511,0.0187225579139691));
#5000=CARTESIAN_POINT('',(-0.00566207908925392,-0.0269334083788925,0.0193609929412036));
#5001=CARTESIAN_POINT('',(-0.00566207908925392,-0.0269334083788925,0.0193609929412036));
#5002=CARTESIAN_POINT('',(-0.00585628586816206,-0.0265688250455592,0.0194694500331239));
#5003=CARTESIAN_POINT('',(-0.00585628586816206,-0.0261033302538924,0.0194694500331239));
#5004=CARTESIAN_POINT('',(-0.00585628586816206,-0.0261033302538924,0.0194694500331239));
#5005=CARTESIAN_POINT('',(-0.00585628586816206,-0.0261033302538924,0.0194694500331239));
#5006=CARTESIAN_POINT('',(-0.00585628586816206,-0.0256378354622258,0.0194694500331239));
#5007=CARTESIAN_POINT('',(-0.00566207908925392,-0.0252699969205592,0.0193609929412036));
#5008=CARTESIAN_POINT('',(-0.00566207908925392,-0.0252699969205592,0.0193609929412036));
#5009=CARTESIAN_POINT('',(-0.0045069973702315,-0.0260723993667285,0.0187159237789433));
#5010=CARTESIAN_POINT('',(-0.00512208950887519,-0.0246938250455591,0.0190594293197665));
#5011=CARTESIAN_POINT('',(-0.00512208950887519,-0.0246938250455591,0.0190594293197665));
#5012=CARTESIAN_POINT('',(-0.0047763067074046,-0.0244854917122258,0.0188663227902498));
#5013=CARTESIAN_POINT('',(-0.00434052564253755,-0.0244854917122258,0.0186229556571602));
#5014=CARTESIAN_POINT('',(-0.00434052564253755,-0.0244854917122258,0.0186229556571602));
#5015=CARTESIAN_POINT('',(-0.00434052564253755,-0.0244854917122258,0.0186229556571602));
#5016=CARTESIAN_POINT('',(-0.00390379722752949,-0.0244854917122258,0.0183790594650857));
#5017=CARTESIAN_POINT('',(-0.0035580144260589,-0.0246900273025036,0.018185952935569));
#5018=CARTESIAN_POINT('',(-0.0035580144260589,-0.0246900273025036,0.018185952935569));
#5019=CARTESIAN_POINT('',(-0.00415429719487438,-0.0260540937843353,0.0185189541594785));
#5020=CARTESIAN_POINT('',(-0.00489266088136717,-0.0222359891386039,0.0189313021664163));
#5021=CARTESIAN_POINT('',(-0.00568007874193321,-0.0228714509136147,0.0193710450619182));
#5022=CARTESIAN_POINT('',(-0.00585607979387014,-0.0222220387900671,0.0194693349484778));
#5023=CARTESIAN_POINT('',(-0.00494280755297089,-0.0222173016215948,0.018959307173256));
#5024=CARTESIAN_POINT('',(-0.00581372348508277,-0.0219019413650036,0.019445680562666));
#5025=CARTESIAN_POINT('',(-0.00562560610882483,-0.0219019413650036,0.019340624170282));
#5026=CARTESIAN_POINT('',(-0.00543773788838252,-0.0219019413650036,0.0192357069219347));
#5027=CARTESIAN_POINT('',(-0.00485415083478308,-0.0222134688238704,0.0189097957716051));
#5028=CARTESIAN_POINT('',(-0.00549810063860211,-0.0222220351218822,0.0192694172197211));
#5029=CARTESIAN_POINT('',(-0.00462387150248344,-0.0222238144404023,0.018781193532018));
#5030=CARTESIAN_POINT('',(-0.00535276926821242,-0.0227775924066703,0.0191882551826085));
#5031=CARTESIAN_POINT('',(-0.00535276926821242,-0.0227775924066703,0.0191882551826085));
#5032=CARTESIAN_POINT('',(-0.00520735102156657,-0.0230347538650036,0.0191070446284144));
#5033=CARTESIAN_POINT('',(-0.0049311984554606,-0.0231910038650036,0.0189528239342936));
#5034=CARTESIAN_POINT('',(-0.0049311984554606,-0.0231910038650036,0.0189528239342936));
#5035=CARTESIAN_POINT('',(-0.0049311984554606,-0.0231910038650036,0.0189528239342936));
#5036=CARTESIAN_POINT('',(-0.00465504588935464,-0.0233472538650036,0.0187986032401727));
#5037=CARTESIAN_POINT('',(-0.00427989523351257,-0.0233472538650036,0.0185890958821216));
#5038=CARTESIAN_POINT('',(-0.00427989523351257,-0.0233472538650036,0.0185890958821216));
#5039=CARTESIAN_POINT('',(-0.00360064518240459,-0.0233472538650036,0.0182097605898929));
#5040=CARTESIAN_POINT('',(-0.00292139513129661,-0.0233472538650036,0.0178304252976642));
#5041=CARTESIAN_POINT('',(-0.00292139513129661,-0.0235832564691702,0.0178304252976642));
#5042=CARTESIAN_POINT('',(-0.00292139513129661,-0.0238192590733369,0.0178304252976642));
#5043=CARTESIAN_POINT('',(-0.00434005196746704,-0.0238192590733369,0.0186226911276677));
#5044=CARTESIAN_POINT('',(-0.00575870880363748,-0.0238192590733369,0.0194149569576712));
#5045=CARTESIAN_POINT('',(-0.00575870880363748,-0.0235832564691702,0.0194149569576712));
#5046=CARTESIAN_POINT('',(-0.00575870880363748,-0.0233472538650036,0.0194149569576712));
#5047=CARTESIAN_POINT('',(-0.00547403008626238,-0.0233472538650036,0.0192559747326856));
#5048=CARTESIAN_POINT('',(-0.00518935136888728,-0.0233472538650036,0.0190969925076999));
#5049=CARTESIAN_POINT('',(-0.00518935136888728,-0.0233472538650036,0.0190969925076999));
#5050=CARTESIAN_POINT('',(-0.00550387161570436,-0.0231595368511147,0.0192726400907124));
#5051=CARTESIAN_POINT('',(-0.00568007874193321,-0.0228714509136147,0.0193710450619182));
#5052=CARTESIAN_POINT('',(-0.00570755189602265,-0.0205510299066703,0.0193863877724825));
#5053=CARTESIAN_POINT('',(-0.00585628586816206,-0.0202765073372258,0.0194694500331239));
#5054=CARTESIAN_POINT('',(-0.00585628586816206,-0.0199162642816702,0.0194694500331239));
#5055=CARTESIAN_POINT('',(-0.00570755189602265,-0.0205510299066703,0.0193863877724825));
#5056=CARTESIAN_POINT('',(-0.00585628586816206,-0.0199162642816702,0.0194694500331239));
#5057=CARTESIAN_POINT('',(-0.00460897029931156,-0.0199002242343798,0.018772871777385));
#5058=CARTESIAN_POINT('',(-0.00573510569809265,-0.0192874226548874,0.0194017755218734));
#5059=CARTESIAN_POINT('',(-0.00487635559087575,-0.0197547369748465,0.0189221962824737));
#5060=CARTESIAN_POINT('',(-0.00537692669680831,-0.0188290246983369,0.0192017461867254));
#5061=CARTESIAN_POINT('',(-0.00537692669680831,-0.0188290246983369,0.0192017461867254));
#5062=CARTESIAN_POINT('',(-0.00514008916155448,-0.0186586687955591,0.0190694814404811));
#5063=CARTESIAN_POINT('',(-0.00481893746375029,-0.0186586687955591,0.0188901304445738));
#5064=CARTESIAN_POINT('',(-0.00481893746375029,-0.0186586687955591,0.0188901304445738));
#5065=CARTESIAN_POINT('',(-0.00387016629752345,-0.0186586687955591,0.0183602778711189));
#5066=CARTESIAN_POINT('',(-0.00292139513129661,-0.0186586687955591,0.0178304252976642));
#5067=CARTESIAN_POINT('',(-0.00292139513129661,-0.0188946713997258,0.0178304252976642));
#5068=CARTESIAN_POINT('',(-0.00292139513129661,-0.0191306740038924,0.0178304252976642));
#5069=CARTESIAN_POINT('',(-0.00377922068398598,-0.0191306740038924,0.0183094882085611));
#5070=CARTESIAN_POINT('',(-0.00463704623667535,-0.0191306740038924,0.0187885511194581));
#5071=CARTESIAN_POINT('',(-0.00463704623667535,-0.0191306740038924,0.0187885511194581));
#5072=CARTESIAN_POINT('',(-0.00548018786217898,-0.0191306740038924,0.019259413616088));
#5073=CARTESIAN_POINT('',(-0.00548018786217898,-0.0199922191427814,0.019259413616088));
#5074=CARTESIAN_POINT('',(-0.00548018786217898,-0.0199922191427814,0.019259413616088));
#5075=CARTESIAN_POINT('',(-0.00548018786217898,-0.0199922191427814,0.019259413616088));
#5076=CARTESIAN_POINT('',(-0.00548018786217898,-0.0204924361566703,0.019259413616088));
#5077=CARTESIAN_POINT('',(-0.00517087804113748,-0.0207425446636147,0.0190866758574928));
#5078=CARTESIAN_POINT('',(-0.00517087804113748,-0.0207425446636147,0.0190866758574928));
#5079=CARTESIAN_POINT('',(-0.00517087804113748,-0.0207425446636147,0.0190866758574928));
#5080=CARTESIAN_POINT('',(-0.00486156822009598,-0.0209926531705592,0.0189139380988977));
#5081=CARTESIAN_POINT('',(-0.00434052564253755,-0.0209926531705592,0.0186229556571602));
#5082=CARTESIAN_POINT('',(-0.00434052564253755,-0.0209926531705592,0.0186229556571602));
#5083=CARTESIAN_POINT('',(-0.00363096038691708,-0.0209926531705592,0.0182266904774122));
#5084=CARTESIAN_POINT('',(-0.00292139513129661,-0.0209926531705592,0.0178304252976642));
#5085=CARTESIAN_POINT('',(-0.00292139513129661,-0.0212286557747258,0.0178304252976642));
#5086=CARTESIAN_POINT('',(-0.00292139513129661,-0.0214646583788924,0.0178304252976642));
#5087=CARTESIAN_POINT('',(-0.00434005196746704,-0.0214646583788924,0.0186226911276677));
#5088=CARTESIAN_POINT('',(-0.00575870880363748,-0.0214646583788924,0.0194149569576712));
#5089=CARTESIAN_POINT('',(-0.00575870880363748,-0.0212286557747258,0.0194149569576712));
#5090=CARTESIAN_POINT('',(-0.00575870880363748,-0.0209926531705592,0.0194149569576712));
#5091=CARTESIAN_POINT('',(-0.00552234494345416,-0.0209926531705592,0.0192829567409194));
#5092=CARTESIAN_POINT('',(-0.00528581534545634,-0.0209922816432039,0.0191508639659084));
#5093=CARTESIAN_POINT('',(-0.00479186569266505,-0.0198850158770575,0.0188750118911353));
#5094=CARTESIAN_POINT('',(-0.00924945157021284,-0.063,0.0213644038885832));
#5095=CARTESIAN_POINT('',(-0.00924945157021284,-0.0606397670827571,0.0213644038885832));
#5096=CARTESIAN_POINT('',(-0.00924945157021284,-0.0521359257400036,0.0213644038885832));
#5097=CARTESIAN_POINT('',(0.0078229901581488,-0.0549330355269211,0.0118300951880945));
#5098=CARTESIAN_POINT('',(0.0290063414722681,-0.0478521679318763,-5.20417042793042E-18));
#5099=CARTESIAN_POINT('',(0.0290063414722681,-0.063,-5.20417042793042E-18));
#5100=CARTESIAN_POINT('',(0.0290063414722681,-0.0178579426579856,-5.20417042793042E-18));
#5101=CARTESIAN_POINT('',(0.00371323348055911,-0.00940332440137918,0.0141252378203837));
#5102=CARTESIAN_POINT('',(-0.00924945157021284,-0.00507034350710472,0.0213644038885832));
#5103=CARTESIAN_POINT('',(-0.00924945157021284,-0.063,0.0213644038885832));
#5104=CARTESIAN_POINT('',(-0.00924945157021284,-0.0135741848498583,0.0213644038885832));
#5105=CARTESIAN_POINT('',(-0.00924945157021284,-0.063,0.0213644038885832));
#5106=CARTESIAN_POINT('',(0.00987844495102763,-0.063,0.00232184934429824));
#5107=CARTESIAN_POINT('',(0.0240273288171265,-0.063,0.000604379956560092));
#5108=CARTESIAN_POINT('',(0.0240273288171265,-0.0530795089803226,0.000604379956560092));
#5109=CARTESIAN_POINT('',(0.0240273288171265,-0.0561231005898619,0.000604379956560092));
#5110=CARTESIAN_POINT('',(0.0120069178490942,-0.0561231005898619,0.00206348359052889));
#5111=CARTESIAN_POINT('',(0.0120069178490942,-0.0607101105898619,0.00206348359052889));
#5112=CARTESIAN_POINT('',(0.00987844495102763,-0.0607101105898619,0.00232184934429824));
#5113=CARTESIAN_POINT('',(-0.00924945157021285,-0.0607101105898619,0.00464369868859649));
#5114=CARTESIAN_POINT('',(-0.00924945157021285,-0.063,0.00464369868859649));
#5115=CARTESIAN_POINT('',(-0.00924945157021285,-0.005,0.00464369868859649));
#5116=CARTESIAN_POINT('',(0.00987844495102763,-0.005,0.00232184934429824));
#5117=CARTESIAN_POINT('',(0.0120069178490942,-0.005,0.00206348359052889));
#5118=CARTESIAN_POINT('',(0.0120069178490942,-0.00958701,0.00206348359052889));
#5119=CARTESIAN_POINT('',(0.0240273288171265,-0.00958701,0.000604379956560092));
#5120=CARTESIAN_POINT('',(0.0240273288171265,-0.063,0.000604379956560092));
#5121=CARTESIAN_POINT('',(0.0240273288171265,-0.0126306016095392,0.000604379956560092));
#5122=CARTESIAN_POINT('',(0.0169859305042359,-0.014587529526987,0.0014591036339688));
#5123=CARTESIAN_POINT('',(0.0169859305042359,-0.0511225810628749,0.0014591036339688));
#5124=CARTESIAN_POINT('',(-0.00924945157021284,-0.063,0.0130040512885898));
#5125=CARTESIAN_POINT('',(-0.00924945157021284,-0.0607101105898619,0.0130040512885898));
#5126=CARTESIAN_POINT('',(-0.00924945157021284,-0.0607101105898619,0.0213638332475489));
#5127=CARTESIAN_POINT('',(-0.00924945157021284,-0.059892169218209,0.0161105656540453));
#5128=CARTESIAN_POINT('',(-0.00924945157021284,-0.0521359257400036,0.0239));
#5129=CARTESIAN_POINT('',(-0.00924945157021284,-0.0521359257400036,0.006));
#5130=CARTESIAN_POINT('',(-0.00924945157021284,-0.0328550552949309,0.006));
#5131=CARTESIAN_POINT('',(-0.00924945157021284,-0.0135741848498583,0.006));
#5132=CARTESIAN_POINT('',(-0.00924945157021284,-0.0135741848498583,0.0239));
#5133=CARTESIAN_POINT('',(-0.00924945157021284,-0.00581794137165288,0.0161105656540453));
#5134=CARTESIAN_POINT('',(-0.00924945157021284,-0.005,0.0213638332475489));
#5135=CARTESIAN_POINT('',(-0.00924945157021284,-0.005,0.0130040512885898));
#5136=CARTESIAN_POINT('',(0.00987844495102763,-0.005,0.012361416593194));
#5137=CARTESIAN_POINT('',(-0.0116964312937429,-0.005,0.017477110664957));
#5138=CARTESIAN_POINT('',(0.000388268571288561,-0.005,0.0085520568514516));
#5139=CARTESIAN_POINT('',(0.0217907909926526,-0.005,-0.00340043705546402));
#5140=CARTESIAN_POINT('',(-0.00924945157021284,-0.0328550552949309,0.0239));
#5141=CARTESIAN_POINT('',(-0.00924945157021284,-0.0521359257400036,0.0239));
#5142=CARTESIAN_POINT('',(-0.00924945157021284,-0.0521359257400036,0.0239));
#5143=CARTESIAN_POINT('',(-0.00924945157021284,-0.0135741848498583,0.0239));
#5144=CARTESIAN_POINT('',(-0.00924945157021284,-0.0135741848498583,0.0239));
#5145=CARTESIAN_POINT('',(-0.00924945157021284,-0.0328550552949309,0.0239));
#5146=CARTESIAN_POINT('',(-0.0111194234341383,-0.0116342203691602,0.0239));
#5147=CARTESIAN_POINT('',(-0.0111194234341383,-0.0116342203691602,0.006));
#5148=CARTESIAN_POINT('',(-0.0129893952980638,-0.00969425588846207,0.006));
#5149=CARTESIAN_POINT('',(-0.0129893952980638,-0.00969425588846207,0.0239));
#5150=CARTESIAN_POINT('',(-0.0129893952980638,-0.00969425588846207,0.0239));
#5151=CARTESIAN_POINT('',(-0.0111194234341383,-0.0116342203691602,0.0239));
#5152=CARTESIAN_POINT('',(-0.0129893952980638,-0.0333301480859518,0.0239));
#5153=CARTESIAN_POINT('',(-0.0129893952980638,-0.0333301480859518,0.006));
#5154=CARTESIAN_POINT('',(-0.0129893952980638,-0.0569660402834415,0.006));
#5155=CARTESIAN_POINT('',(-0.0129893952980638,-0.0569660402834415,0.0239));
#5156=CARTESIAN_POINT('',(-0.0129893952980638,-0.0569660402834415,0.0239));
#5157=CARTESIAN_POINT('',(-0.0129893952980638,-0.0333301480859518,0.0239));
#5158=CARTESIAN_POINT('',(-0.0111194234341383,-0.0545509830117226,0.0239));
#5159=CARTESIAN_POINT('',(-0.0111194234341383,-0.0545509830117226,0.006));
#5160=CARTESIAN_POINT('',(-0.0111194234341383,-0.0545509830117226,0.0239));
#5161=CARTESIAN_POINT('',(-0.0111194234341383,-0.0333301480859518,0.0239));
#5162=CARTESIAN_POINT('',(-0.0111194234341383,-0.0333301480859518,0.006));
#5163=CARTESIAN_POINT('',(-0.00474068970849619,-0.0397567590733369,0.0185028200981462));
#5164=CARTESIAN_POINT('',(-0.00459441548032965,-0.0397567590733369,0.0187647434651341));
#5165=CARTESIAN_POINT('',(-0.00503626295249297,-0.0398030553696332,0.0186678865014591));
#5166=CARTESIAN_POINT('',(-0.00488998872432643,-0.0398030553696332,0.0189298098684471));
#5167=CARTESIAN_POINT('',(-0.00525778499380038,-0.0399164451265777,0.0187915981274463));
#5168=CARTESIAN_POINT('',(-0.00511151076563384,-0.0399164451265777,0.0190535214944343));
#5169=CARTESIAN_POINT('',(-0.00540525583241843,-0.0400969283441703,0.0188739549761078));
#5170=CARTESIAN_POINT('',(-0.00525898160425189,-0.0400969283441703,0.0191358783430957));
#5171=CARTESIAN_POINT('',(-0.00459441548032966,-0.0397567590733369,0.0187647434651342));
#5172=CARTESIAN_POINT('',(-0.00503777534632483,-0.0398262035177814,0.0190123430701035));
#5173=CARTESIAN_POINT('',(-0.0052589816042519,-0.0400969283441703,0.0191358783430957));
#5174=CARTESIAN_POINT('',(-0.00459441548032966,-0.0397567590733369,0.0187647434651342));
#5175=CARTESIAN_POINT('',(-0.0052589816042519,-0.0400969283441703,0.0191358783430957));
#5176=CARTESIAN_POINT('',(-0.00474068970849619,-0.0397567590733369,0.0185028200981462));
#5177=CARTESIAN_POINT('',(-0.00474068970849619,-0.0397567590733369,0.0185028200981462));
#5178=CARTESIAN_POINT('',(-0.00474068970849619,-0.0397567590733369,0.0185028200981462));
#5179=CARTESIAN_POINT('',(-0.00518404957449136,-0.0398262035177814,0.0187504197031156));
#5180=CARTESIAN_POINT('',(-0.00540525583241843,-0.0400969283441703,0.0188739549761078));
#5181=CARTESIAN_POINT('',(-0.00540525583241843,-0.0400969283441703,0.0188739549761078));
#5182=CARTESIAN_POINT('',(-0.00540525583241843,-0.0400969283441703,0.0188739549761078));
#5183=CARTESIAN_POINT('',(-0.00474068970849619,-0.0408472538650036,0.0185028200981462));
#5184=CARTESIAN_POINT('',(-0.00459441548032966,-0.0408472538650036,0.0187647434651342));
#5185=CARTESIAN_POINT('',(-0.00459441548032966,-0.0419377486566702,0.0187647434651342));
#5186=CARTESIAN_POINT('',(-0.00474068970849619,-0.0419377486566702,0.0185028200981462));
#5187=CARTESIAN_POINT('',(-0.00474068970849619,-0.0419377486566702,0.0185028200981462));
#5188=CARTESIAN_POINT('',(-0.00474068970849619,-0.0408472538650036,0.0185028200981462));
#5189=CARTESIAN_POINT('',(-0.00537494062790594,-0.0415726227886147,0.0188570250885885));
#5190=CARTESIAN_POINT('',(-0.00522866639973942,-0.0415726227886147,0.0191189484555764));
#5191=CARTESIAN_POINT('',(-0.00520725965294623,-0.0417646800802814,0.0187633816482475));
#5192=CARTESIAN_POINT('',(-0.00506098542477971,-0.0417646800802814,0.0190253050152354));
#5193=CARTESIAN_POINT('',(-0.00499584267980965,-0.0418863887029665,0.0186453133181001));
#5194=CARTESIAN_POINT('',(-0.00484956845164313,-0.0418863887029665,0.018907236685088));
#5195=CARTESIAN_POINT('',(-0.00474068970849619,-0.0419377486566702,0.0185028200981462));
#5196=CARTESIAN_POINT('',(-0.00459441548032967,-0.0419377486566702,0.0187647434651341));
#5197=CARTESIAN_POINT('',(-0.00522866639973941,-0.0415726227886147,0.0191189484555764));
#5198=CARTESIAN_POINT('',(-0.00497714493729985,-0.0418607087261147,0.0189784832950649));
#5199=CARTESIAN_POINT('',(-0.00459441548032966,-0.0419377486566702,0.0187647434651342));
#5200=CARTESIAN_POINT('',(-0.00522866639973941,-0.0415726227886147,0.0191189484555764));
#5201=CARTESIAN_POINT('',(-0.00537494062790594,-0.0415726227886147,0.0188570250885885));
#5202=CARTESIAN_POINT('',(-0.00537494062790594,-0.0415726227886147,0.0188570250885885));
#5203=CARTESIAN_POINT('',(-0.00537494062790594,-0.0415726227886147,0.0188570250885885));
#5204=CARTESIAN_POINT('',(-0.00512341916546638,-0.0418607087261147,0.018716559928077));
#5205=CARTESIAN_POINT('',(-0.00474068970849619,-0.0419377486566702,0.0185028200981462));
#5206=CARTESIAN_POINT('',(-0.00562646209034551,-0.0408331479622258,0.0189974902491));
#5207=CARTESIAN_POINT('',(-0.00548018786217896,-0.0408331479622258,0.0192594136160879));
#5208=CARTESIAN_POINT('',(-0.00562646209034551,-0.0411340738881517,0.0189974902491));
#5209=CARTESIAN_POINT('',(-0.00548018786217896,-0.0411340738881517,0.0192594136160879));
#5210=CARTESIAN_POINT('',(-0.00554262160286565,-0.041380565496948,0.0189506685289295));
#5211=CARTESIAN_POINT('',(-0.00539634737469911,-0.041380565496948,0.0192125918959175));
#5212=CARTESIAN_POINT('',(-0.00537494062790594,-0.0415726227886147,0.0188570250885885));
#5213=CARTESIAN_POINT('',(-0.00522866639973939,-0.0415726227886147,0.0191189484555765));
#5214=CARTESIAN_POINT('',(-0.00548018786217898,-0.0408331479622258,0.019259413616088));
#5215=CARTESIAN_POINT('',(-0.00548018786217898,-0.0412845368511147,0.019259413616088));
#5216=CARTESIAN_POINT('',(-0.00522866639973941,-0.0415726227886147,0.0191189484555764));
#5217=CARTESIAN_POINT('',(-0.00548018786217898,-0.0408331479622258,0.019259413616088));
#5218=CARTESIAN_POINT('',(-0.00562646209034551,-0.0408331479622258,0.0189974902491));
#5219=CARTESIAN_POINT('',(-0.00562646209034551,-0.0408331479622258,0.0189974902491));
#5220=CARTESIAN_POINT('',(-0.00562646209034551,-0.0408331479622258,0.0189974902491));
#5221=CARTESIAN_POINT('',(-0.00562646209034551,-0.0412845368511147,0.0189974902491));
#5222=CARTESIAN_POINT('',(-0.00537494062790594,-0.0415726227886147,0.0188570250885885));
#5223=CARTESIAN_POINT('',(-0.00469904076883186,-0.0408122522563779,0.0184795607510577));
#5224=CARTESIAN_POINT('',(-0.00600256009632859,-0.0408331479622258,0.019207526666136));
#5225=CARTESIAN_POINT('',(-0.00600256009632859,-0.0408331479622258,0.019207526666136));
#5226=CARTESIAN_POINT('',(-0.00469904076883185,-0.0408122522563779,0.0184795607510577));
#5227=CARTESIAN_POINT('',(-0.00581465143409695,-0.0400414928430847,0.0191025868325892));
#5228=CARTESIAN_POINT('',(-0.00581451109333705,-0.0400415898025036,0.019102508457618));
#5229=CARTESIAN_POINT('',(-0.00580835331742045,-0.0416632260872258,0.0190990695742156));
#5230=CARTESIAN_POINT('',(-0.00566207908925391,-0.0416632260872258,0.0193609929412036));
#5231=CARTESIAN_POINT('',(-0.00593782450335921,-0.0414201705316702,0.0191713743021626));
#5232=CARTESIAN_POINT('',(-0.00579155027519267,-0.0414201705316702,0.0194332976691505));
#5233=CARTESIAN_POINT('',(-0.00600256009632859,-0.0411434778233369,0.019207526666136));
#5234=CARTESIAN_POINT('',(-0.00585628586816205,-0.0411434778233369,0.0194694500331239));
#5235=CARTESIAN_POINT('',(-0.00600256009632859,-0.0408331479622258,0.019207526666136));
#5236=CARTESIAN_POINT('',(-0.00585628586816205,-0.0408331479622258,0.0194694500331239));
#5237=CARTESIAN_POINT('',(-0.00580835331742045,-0.0416632260872258,0.0190990695742156));
#5238=CARTESIAN_POINT('',(-0.00580835331742045,-0.0416632260872258,0.0190990695742156));
#5239=CARTESIAN_POINT('',(-0.00580835331742045,-0.0416632260872258,0.0190990695742156));
#5240=CARTESIAN_POINT('',(-0.00600256009632859,-0.0412986427538925,0.019207526666136));
#5241=CARTESIAN_POINT('',(-0.00600256009632859,-0.0408331479622258,0.019207526666136));
#5242=CARTESIAN_POINT('',(-0.00467043023932351,-0.0408650193265167,0.0184635828596258));
#5243=CARTESIAN_POINT('',(-0.00526836373704172,-0.0422323450108369,0.0187975059527786));
#5244=CARTESIAN_POINT('',(-0.00526836373704172,-0.0422323450108369,0.0187975059527786));
#5245=CARTESIAN_POINT('',(-0.00467043023932356,-0.0408650193265167,0.0184635828596257));
#5246=CARTESIAN_POINT('',(-0.00448679987070408,-0.0424368806011147,0.0183610322901723));
#5247=CARTESIAN_POINT('',(-0.00434052564253756,-0.0424368806011147,0.0186229556571602));
#5248=CARTESIAN_POINT('',(-0.00477732058061545,-0.0424368806011147,0.0185232770455653));
#5249=CARTESIAN_POINT('',(-0.00463104635244893,-0.0424368806011147,0.0187852004125532));
#5250=CARTESIAN_POINT('',(-0.00503784186939466,-0.0423687020710221,0.0186687682664341));
#5251=CARTESIAN_POINT('',(-0.00489156764122814,-0.0423687020710221,0.018930691633422));
#5252=CARTESIAN_POINT('',(-0.00526836373704172,-0.0422323450108369,0.0187975059527786));
#5253=CARTESIAN_POINT('',(-0.0051220895088752,-0.0422323450108369,0.0190594293197665));
#5254=CARTESIAN_POINT('',(-0.00448679987070408,-0.0424368806011147,0.0183610322901723));
#5255=CARTESIAN_POINT('',(-0.00448679987070408,-0.0424368806011147,0.0183610322901723));
#5256=CARTESIAN_POINT('',(-0.00448679987070408,-0.0424368806011147,0.0183610322901723));
#5257=CARTESIAN_POINT('',(-0.00492258093557113,-0.0424368806011147,0.0186043994232618));
#5258=CARTESIAN_POINT('',(-0.00526836373704172,-0.0422323450108369,0.0187975059527786));
#5259=CARTESIAN_POINT('',(-0.00370428865422543,-0.0422285472677814,0.017924029568581));
#5260=CARTESIAN_POINT('',(-0.00355801442605889,-0.0422285472677814,0.0181859529355689));
#5261=CARTESIAN_POINT('',(-0.00393481052187249,-0.0423674361566702,0.0180527672549255));
#5262=CARTESIAN_POINT('',(-0.00378853629370594,-0.0423674361566702,0.0183146906219134));
#5263=CARTESIAN_POINT('',(-0.00419564759403204,-0.0424368806011147,0.0181984348287893));
#5264=CARTESIAN_POINT('',(-0.0040493733658655,-0.0424368806011147,0.0184603581957772));
#5265=CARTESIAN_POINT('',(-0.00448679987070408,-0.0424368806011147,0.0183610322901723));
#5266=CARTESIAN_POINT('',(-0.00434052564253754,-0.0424368806011147,0.0186229556571602));
#5267=CARTESIAN_POINT('',(-0.00370428865422543,-0.0422285472677814,0.017924029568581));
#5268=CARTESIAN_POINT('',(-0.00370428865422543,-0.0422285472677814,0.017924029568581));
#5269=CARTESIAN_POINT('',(-0.00370428865422543,-0.0422285472677814,0.017924029568581));
#5270=CARTESIAN_POINT('',(-0.00405007145569602,-0.0424368806011147,0.0181171360980978));
#5271=CARTESIAN_POINT('',(-0.00448679987070408,-0.0424368806011147,0.0183610322901723));
#5272=CARTESIAN_POINT('',(-0.00431768975670534,-0.0408532602740192,0.01826659073009));
#5273=CARTESIAN_POINT('',(-0.0031647727489172,-0.0416523753927814,0.0176227304766364));
#5274=CARTESIAN_POINT('',(-0.0031647727489172,-0.0416523753927814,0.0176227304766364));
#5275=CARTESIAN_POINT('',(-0.00431768975670528,-0.0408532602740192,0.0182665907300901));
#5276=CARTESIAN_POINT('',(-0.00297103964507958,-0.0408125316427813,0.0175145379142085));
#5277=CARTESIAN_POINT('',(-0.00282476541691303,-0.0408125316427813,0.0177764612811965));
#5278=CARTESIAN_POINT('',(-0.00297103964507958,-0.0411272017816703,0.0175145379142085));
#5279=CARTESIAN_POINT('',(-0.00282476541691303,-0.0411272017816703,0.0177764612811965));
#5280=CARTESIAN_POINT('',(-0.00303561734635878,-0.0414071496983369,0.0175506021016845));
#5281=CARTESIAN_POINT('',(-0.00288934311819224,-0.0414071496983369,0.0178125254686725));
#5282=CARTESIAN_POINT('',(-0.0031647727489172,-0.0416523753927814,0.0176227304766364));
#5283=CARTESIAN_POINT('',(-0.00301849852075066,-0.0416523753927814,0.0178846538436244));
#5284=CARTESIAN_POINT('',(-0.00297103964507958,-0.0408125316427813,0.0175145379142085));
#5285=CARTESIAN_POINT('',(-0.00297103964507958,-0.0408125316427813,0.0175145379142085));
#5286=CARTESIAN_POINT('',(-0.00297103964507958,-0.0408125316427813,0.0175145379142085));
#5287=CARTESIAN_POINT('',(-0.00297103964507958,-0.0412845368511147,0.0175145379142085));
#5288=CARTESIAN_POINT('',(-0.0031647727489172,-0.0416523753927814,0.0176227304766364));
#5289=CARTESIAN_POINT('',(-0.00314961514666096,-0.0399233172330592,0.0176142655328768));
#5290=CARTESIAN_POINT('',(-0.00300334091849441,-0.0399233172330592,0.0178761888998647));
#5291=CARTESIAN_POINT('',(-0.00303056481227337,-0.0401732448950962,0.0175477804537646));
#5292=CARTESIAN_POINT('',(-0.00288429058410682,-0.0401732448950962,0.0178097038207526));
#5293=CARTESIAN_POINT('',(-0.00297103964507958,-0.0404696496983369,0.0175145379142085));
#5294=CARTESIAN_POINT('',(-0.00282476541691303,-0.0404696496983369,0.0177764612811965));
#5295=CARTESIAN_POINT('',(-0.00297103964507958,-0.0408125316427813,0.0175145379142085));
#5296=CARTESIAN_POINT('',(-0.00282476541691303,-0.0408125316427813,0.0177764612811965));
#5297=CARTESIAN_POINT('',(-0.00314961514666096,-0.0399233172330592,0.0176142655328768));
#5298=CARTESIAN_POINT('',(-0.00314961514666096,-0.0399233172330592,0.0176142655328768));
#5299=CARTESIAN_POINT('',(-0.00314961514666096,-0.0399233172330592,0.0176142655328768));
#5300=CARTESIAN_POINT('',(-0.00297103964507958,-0.0402982087261147,0.0175145379142085));
#5301=CARTESIAN_POINT('',(-0.00297103964507958,-0.0408125316427813,0.0175145379142085));
#5302=CARTESIAN_POINT('',(-0.00439691732948119,-0.0406951188927468,0.0183108363130269));
#5303=CARTESIAN_POINT('',(-0.0036437352741575,-0.039319608424165,0.0178902128112822));
#5304=CARTESIAN_POINT('',(-0.00364373527391568,-0.0393196084254561,0.0178902128111472));
#5305=CARTESIAN_POINT('',(-0.00439691732948099,-0.0406951188927468,0.0183108363130273));
#5306=CARTESIAN_POINT('',(-0.00375260351141721,-0.0395066505663924,0.0179510115768149));
#5307=CARTESIAN_POINT('',(-0.00386169269349984,-0.0396940723016187,0.018011933731619));
#5308=CARTESIAN_POINT('',(-0.00386154877763398,-0.0396938250455591,0.0180118533600872));
#5309=CARTESIAN_POINT('',(-0.00375260351141721,-0.0395066505663924,0.0179510115768149));
#5310=CARTESIAN_POINT('',(-0.0043953021728048,-0.0407297690522834,0.0183099343095183));
#5311=CARTESIAN_POINT('',(-0.00348260872122785,-0.040135448309448,0.0178002297660964));
#5312=CARTESIAN_POINT('',(-0.00348260872122785,-0.040135448309448,0.0178002297660964));
#5313=CARTESIAN_POINT('',(-0.0043953021728049,-0.0407297690522834,0.0183099343095182));
#5314=CARTESIAN_POINT('',(-0.00334619030092164,-0.0408266375455591,0.0177240452722596));
#5315=CARTESIAN_POINT('',(-0.00319991607275511,-0.0408266375455591,0.0179859686392475));
#5316=CARTESIAN_POINT('',(-0.00334619030092164,-0.0405488597677813,0.0177240452722596));
#5317=CARTESIAN_POINT('',(-0.00319991607275511,-0.0405488597677813,0.0179859686392475));
#5318=CARTESIAN_POINT('',(-0.00339166310769037,-0.0403184633557443,0.0177494401035385));
#5319=CARTESIAN_POINT('',(-0.00324538887952385,-0.0403184633557443,0.0180113634705264));
#5320=CARTESIAN_POINT('',(-0.00348260872122785,-0.040135448309448,0.0178002297660964));
#5321=CARTESIAN_POINT('',(-0.00333633449306132,-0.040135448309448,0.0180621531330843));
#5322=CARTESIAN_POINT('',(-0.00334619030092164,-0.0408266375455591,0.0177240452722596));
#5323=CARTESIAN_POINT('',(-0.00334619030092164,-0.0408266375455591,0.0177240452722596));
#5324=CARTESIAN_POINT('',(-0.00334619030092164,-0.0408266375455591,0.0177240452722596));
#5325=CARTESIAN_POINT('',(-0.00334619030092164,-0.0404099708788924,0.0177240452722596));
#5326=CARTESIAN_POINT('',(-0.00348260872122785,-0.040135448309448,0.0178002297660964));
#5327=CARTESIAN_POINT('',(-0.00365550012196314,-0.0416388120247258,0.0178967830308547));
#5328=CARTESIAN_POINT('',(-0.00350922589379661,-0.0416388120247258,0.0181587063978426));
#5329=CARTESIAN_POINT('',(-0.00344929357460214,-0.0414395209367628,0.0177816245251246));
#5330=CARTESIAN_POINT('',(-0.00330301934643561,-0.0414395209367628,0.0180435478921125));
#5331=CARTESIAN_POINT('',(-0.00334619030092164,-0.0411687961103739,0.0177240452722596));
#5332=CARTESIAN_POINT('',(-0.00319991607275511,-0.0411687961103739,0.0179859686392475));
#5333=CARTESIAN_POINT('',(-0.00334619030092164,-0.0408266375455591,0.0177240452722596));
#5334=CARTESIAN_POINT('',(-0.00319991607275511,-0.0408266375455591,0.0179859686392475));
#5335=CARTESIAN_POINT('',(-0.00365550012196314,-0.0416388120247258,0.0178967830308547));
#5336=CARTESIAN_POINT('',(-0.00365550012196314,-0.0416388120247258,0.0178967830308547));
#5337=CARTESIAN_POINT('',(-0.00365550012196314,-0.0416388120247258,0.0178967830308547));
#5338=CARTESIAN_POINT('',(-0.00334619030092164,-0.0413398753927814,0.0177240452722596));
#5339=CARTESIAN_POINT('',(-0.00334619030092164,-0.0408266375455591,0.0177240452722596));
#5340=CARTESIAN_POINT('',(-0.0044015383580127,-0.0419648753927814,0.0183134169815244));
#5341=CARTESIAN_POINT('',(-0.00425526412984618,-0.0419648753927814,0.0185753403485123));
#5342=CARTESIAN_POINT('',(-0.00411038608134066,-0.0419467909020406,0.0181508195201413));
#5343=CARTESIAN_POINT('',(-0.00396411185317414,-0.0419467909020406,0.0184127428871292));
#5344=CARTESIAN_POINT('',(-0.00386170666932414,-0.0418381031126888,0.0180119415365848));
#5345=CARTESIAN_POINT('',(-0.00371543244115762,-0.0418381031126888,0.0182738649035727));
#5346=CARTESIAN_POINT('',(-0.00365550012196314,-0.0416388120247258,0.0178967830308547));
#5347=CARTESIAN_POINT('',(-0.00350922589379662,-0.0416388120247258,0.0181587063978426));
#5348=CARTESIAN_POINT('',(-0.0044015383580127,-0.0419648753927814,0.0183134169815244));
#5349=CARTESIAN_POINT('',(-0.0044015383580127,-0.0419648753927814,0.0183134169815244));
#5350=CARTESIAN_POINT('',(-0.0044015383580127,-0.0419648753927814,0.0183134169815244));
#5351=CARTESIAN_POINT('',(-0.00396480994300464,-0.0419377486566702,0.0180695207894498));
#5352=CARTESIAN_POINT('',(-0.00365550012196314,-0.0416388120247258,0.0178967830308547));
#5353=CARTESIAN_POINT('',(-0.0044015383580127,-0.0406280698372258,0.0183134169815244));
#5354=CARTESIAN_POINT('',(-0.0044015383580127,-0.0392910130042102,0.0183134169815244));
#5355=CARTESIAN_POINT('',(-0.00440153835801271,-0.0392910130042102,0.0183134169815243));
#5356=CARTESIAN_POINT('',(-0.0044015383580127,-0.0406280698372258,0.0183134169815244));
#5357=CARTESIAN_POINT('',(-0.00455336573416465,-0.0417173685788456,0.0183982067905281));
#5358=CARTESIAN_POINT('',(-0.00457774548424155,-0.0392847538650036,0.0184118219527301));
#5359=CARTESIAN_POINT('',(-0.00457774869758896,-0.039285200794014,0.0184118237472623));
#5360=CARTESIAN_POINT('',(-0.00455336573416359,-0.0417173685788456,0.01839820679053));
#5361=CARTESIAN_POINT('',(-0.00460093747169706,-0.0409983757515887,0.0184247737947277));
#5362=CARTESIAN_POINT('',(-0.00530199466704776,-0.039486034246948,0.0188162875467453));
#5363=CARTESIAN_POINT('',(-0.00530205535932366,-0.0394859032089772,0.0188163214410706));
#5364=CARTESIAN_POINT('',(-0.00460093747169707,-0.0409983757515887,0.0184247737947277));
#5365=CARTESIAN_POINT('',(-0.00467905408461638,-0.0408288867140772,0.0184683989488834));
#5366=CARTESIAN_POINT('',(-0.0046790540846165,-0.0408288867140772,0.0184683989488832));
#5367=CARTESIAN_POINT('',(-0.00540525583241843,-0.0400969283441703,0.0188739549761078));
#5368=CARTESIAN_POINT('',(-0.0052589816042519,-0.0400969283441703,0.0191358783430957));
#5369=CARTESIAN_POINT('',(-0.00555272667103648,-0.0402774115617629,0.0189563118247693));
#5370=CARTESIAN_POINT('',(-0.00540645244286996,-0.0402774115617629,0.0192182351917572));
#5371=CARTESIAN_POINT('',(-0.00562646209034551,-0.0405228181011147,0.0189974902491));
#5372=CARTESIAN_POINT('',(-0.00548018786217898,-0.0405228181011147,0.0192594136160879));
#5373=CARTESIAN_POINT('',(-0.00562646209034551,-0.0408331479622258,0.0189974902491));
#5374=CARTESIAN_POINT('',(-0.00548018786217898,-0.0408331479622258,0.0192594136160879));
#5375=CARTESIAN_POINT('',(-0.0052589816042519,-0.0400969283441703,0.0191358783430957));
#5376=CARTESIAN_POINT('',(-0.00548018786217898,-0.0403676531705591,0.019259413616088));
#5377=CARTESIAN_POINT('',(-0.00548018786217898,-0.0408331479622258,0.019259413616088));
#5378=CARTESIAN_POINT('',(-0.00540525583241843,-0.0400969283441703,0.0188739549761078));
#5379=CARTESIAN_POINT('',(-0.00562646209034551,-0.0403676531705591,0.0189974902491));
#5380=CARTESIAN_POINT('',(-0.00562646209034551,-0.0408331479622258,0.0189974902491));
#5381=CARTESIAN_POINT('',(0.0100975509206245,-0.034,0.0102162276480956));
#5382=CARTESIAN_POINT('',(-0.00508908177987258,-0.0429887859965159,0.0186973838055624));
#5383=CARTESIAN_POINT('',(-0.00600256009632859,-0.0429935212261147,0.019207526666136));
#5384=CARTESIAN_POINT('',(-0.00600235402203663,-0.0429935231650654,0.0192074115814899));
#5385=CARTESIAN_POINT('',(-0.00508908177987287,-0.0429887859965159,0.0186973838055619));
#5386=CARTESIAN_POINT('',(-0.00595999771315974,-0.0426734257400036,0.0191837571956281));
#5387=CARTESIAN_POINT('',(-0.00595999771315973,-0.0426734257400036,0.0191837571956281));
#5388=CARTESIAN_POINT('',(-0.00503893510953363,-0.0430074735136039,0.0186693787994286));
#5389=CARTESIAN_POINT('',(-0.00582635297009974,-0.0436429352886147,0.0191091216949303));
#5390=CARTESIAN_POINT('',(-0.00582635297009974,-0.0436429352886147,0.0191091216949303));
#5391=CARTESIAN_POINT('',(-0.00503893510953368,-0.0430074735136039,0.0186693787994285));
#5392=CARTESIAN_POINT('',(-0.00533562559705381,-0.0441187382400036,0.018835069140712));
#5393=CARTESIAN_POINT('',(-0.00518935136888727,-0.0441187382400036,0.0190969925076999));
#5394=CARTESIAN_POINT('',(-0.00554530576159853,-0.0439935935640777,0.018952167529387));
#5395=CARTESIAN_POINT('',(-0.00539903153343199,-0.0439935935640777,0.0192140908963749));
#5396=CARTESIAN_POINT('',(-0.00570888155261384,-0.0438349925802814,0.0190435183807931));
#5397=CARTESIAN_POINT('',(-0.0055626073244473,-0.0438349925802814,0.019305441747781));
#5398=CARTESIAN_POINT('',(-0.00582635297009974,-0.0436429352886147,0.0191091216949303));
#5399=CARTESIAN_POINT('',(-0.0056800787419332,-0.0436429352886147,0.0193710450619182));
#5400=CARTESIAN_POINT('',(-0.00533562559705381,-0.0441187382400036,0.018835069140712));
#5401=CARTESIAN_POINT('',(-0.00533562559705381,-0.0441187382400036,0.018835069140712));
#5402=CARTESIAN_POINT('',(-0.00533562559705381,-0.0441187382400036,0.018835069140712));
#5403=CARTESIAN_POINT('',(-0.00565014584387089,-0.0439310212261147,0.0190107167237245));
#5404=CARTESIAN_POINT('',(-0.00582635297009974,-0.0436429352886147,0.0191091216949303));
#5405=CARTESIAN_POINT('',(-0.00562030431442891,-0.0441187382400036,0.0189940513656977));
#5406=CARTESIAN_POINT('',(-0.00590498303180401,-0.0441187382400036,0.0191530335906833));
#5407=CARTESIAN_POINT('',(-0.00590498303180401,-0.0441187382400036,0.0191530335906833));
#5408=CARTESIAN_POINT('',(-0.00562030431442891,-0.0441187382400036,0.0189940513656977));
#5409=CARTESIAN_POINT('',(-0.00590498303180401,-0.0443547408441703,0.0191530335906833));
#5410=CARTESIAN_POINT('',(-0.00590498303180401,-0.0445907434483369,0.0191530335906833));
#5411=CARTESIAN_POINT('',(-0.00590498303180401,-0.0445907434483369,0.0191530335906833));
#5412=CARTESIAN_POINT('',(-0.00590498303180401,-0.0443547408441703,0.0191530335906833));
#5413=CARTESIAN_POINT('',(-0.00448632619563357,-0.0445907434483369,0.0183607677606798));
#5414=CARTESIAN_POINT('',(-0.00306766935946314,-0.0445907434483369,0.0175685019306763));
#5415=CARTESIAN_POINT('',(-0.00306766935946314,-0.0445907434483369,0.0175685019306763));
#5416=CARTESIAN_POINT('',(-0.00448632619563357,-0.0445907434483369,0.0183607677606798));
#5417=CARTESIAN_POINT('',(-0.00306766935946314,-0.0443547408441703,0.0175685019306763));
#5418=CARTESIAN_POINT('',(-0.00306766935946314,-0.0441187382400036,0.0175685019306763));
#5419=CARTESIAN_POINT('',(-0.00306766935946314,-0.0441187382400036,0.0175685019306763));
#5420=CARTESIAN_POINT('',(-0.00306766935946314,-0.0443547408441703,0.0175685019306763));
#5421=CARTESIAN_POINT('',(-0.00374691941057112,-0.0441187382400036,0.017947837222905));
#5422=CARTESIAN_POINT('',(-0.0044261694616791,-0.0441187382400036,0.0183271725151338));
#5423=CARTESIAN_POINT('',(-0.0044261694616791,-0.0441187382400036,0.0183271725151338));
#5424=CARTESIAN_POINT('',(-0.00374691941057112,-0.0441187382400036,0.017947837222905));
#5425=CARTESIAN_POINT('',(-0.00507747268362713,-0.0439624882400036,0.0186909005673057));
#5426=CARTESIAN_POINT('',(-0.0049311984554606,-0.0439624882400036,0.0189528239342936));
#5427=CARTESIAN_POINT('',(-0.00489337097288982,-0.0440666549066703,0.018588086771225));
#5428=CARTESIAN_POINT('',(-0.00474709674472329,-0.0440666549066703,0.018850010138213));
#5429=CARTESIAN_POINT('',(-0.00467626989890715,-0.0441187382400036,0.0184668440871678));
#5430=CARTESIAN_POINT('',(-0.00452999567074062,-0.0441187382400036,0.0187287674541557));
#5431=CARTESIAN_POINT('',(-0.0044261694616791,-0.0441187382400036,0.0183271725151338));
#5432=CARTESIAN_POINT('',(-0.00427989523351257,-0.0441187382400036,0.0185890958821217));
#5433=CARTESIAN_POINT('',(-0.00507747268362713,-0.0439624882400036,0.0186909005673057));
#5434=CARTESIAN_POINT('',(-0.00507747268362713,-0.0439624882400036,0.0186909005673057));
#5435=CARTESIAN_POINT('',(-0.00507747268362713,-0.0439624882400036,0.0186909005673057));
#5436=CARTESIAN_POINT('',(-0.00480132011752117,-0.0441187382400036,0.0185366798731848));
#5437=CARTESIAN_POINT('',(-0.0044261694616791,-0.0441187382400036,0.0183271725151338));
#5438=CARTESIAN_POINT('',(-0.00549904349637895,-0.0435490767816702,0.0189263318156205));
#5439=CARTESIAN_POINT('',(-0.0053527692682124,-0.0435490767816702,0.0191882551826085));
#5440=CARTESIAN_POINT('',(-0.00540209799861505,-0.0437205177538925,0.0188721914461579));
#5441=CARTESIAN_POINT('',(-0.0052558237704485,-0.0437205177538925,0.0191341148131458));
#5442=CARTESIAN_POINT('',(-0.00526157439436444,-0.0438583215733369,0.0187937143633863));
#5443=CARTESIAN_POINT('',(-0.0051153001661979,-0.0438583215733369,0.0190556377303742));
#5444=CARTESIAN_POINT('',(-0.00507747268362713,-0.0439624882400036,0.0186909005673057));
#5445=CARTESIAN_POINT('',(-0.00493119845546058,-0.0439624882400036,0.0189528239342936));
#5446=CARTESIAN_POINT('',(-0.00549904349637895,-0.0435490767816702,0.0189263318156205));
#5447=CARTESIAN_POINT('',(-0.00549904349637895,-0.0435490767816702,0.0189263318156205));
#5448=CARTESIAN_POINT('',(-0.00549904349637895,-0.0435490767816702,0.0189263318156205));
#5449=CARTESIAN_POINT('',(-0.0053536252497331,-0.0438062382400036,0.0188451212614265));
#5450=CARTESIAN_POINT('',(-0.00507747268362713,-0.0439624882400036,0.0186909005673057));
#5451=CARTESIAN_POINT('',(-0.00477014573051308,-0.0429952988153468,0.0185192701649535));
#5452=CARTESIAN_POINT('',(-0.0056444617430248,-0.0429935212261147,0.0190075423698146));
#5453=CARTESIAN_POINT('',(-0.00564437486673298,-0.0429935194968825,0.0190074938527133));
#5454=CARTESIAN_POINT('',(-0.00477014573051299,-0.0429952988153468,0.0185192701649536));
#5455=CARTESIAN_POINT('',(-0.00500042506294952,-0.0429849531988704,0.0186478724046171));
#5456=CARTESIAN_POINT('',(-0.00558401211654897,-0.0426734257400036,0.0189737835549468));
#5457=CARTESIAN_POINT('',(-0.00558401211654898,-0.0426734257400036,0.0189737835549468));
#5458=CARTESIAN_POINT('',(-0.00500042506294951,-0.0429849531988704,0.0186478724046171));
#5459=CARTESIAN_POINT('',(-0.00577188033699136,-0.0426734257400036,0.019078700803294));
#5460=CARTESIAN_POINT('',(-0.00577188033699136,-0.0426734257400036,0.019078700803294));
#5461=CARTESIAN_POINT('',(0.0100975509206245,-0.034,0.0102162276480956));
#5462=CARTESIAN_POINT('',(-0.00297103964507958,-0.0471037642816703,0.0175145379142085));
#5463=CARTESIAN_POINT('',(-0.00282476541691303,-0.0471037642816703,0.0177764612811965));
#5464=CARTESIAN_POINT('',(-0.00297103964507958,-0.0475023464575962,0.0175145379142085));
#5465=CARTESIAN_POINT('',(-0.00282476541691303,-0.0475023464575962,0.0177764612811965));
#5466=CARTESIAN_POINT('',(-0.00305693272453163,-0.047846313471485,0.0175625059288465));
#5467=CARTESIAN_POINT('',(-0.00291065849636508,-0.047846313471485,0.0178244292958344));
#5468=CARTESIAN_POINT('',(-0.00322871888343574,-0.0481356653233369,0.0176584419581224));
#5469=CARTESIAN_POINT('',(-0.00308244465526919,-0.0481356653233369,0.0179203653251103));
#5470=CARTESIAN_POINT('',(-0.00297103964507958,-0.0471037642816703,0.0175145379142085));
#5471=CARTESIAN_POINT('',(-0.00297103964507958,-0.0471037642816703,0.0175145379142085));
#5472=CARTESIAN_POINT('',(-0.00297103964507958,-0.0471037642816703,0.0175145379142085));
#5473=CARTESIAN_POINT('',(-0.00297103964507958,-0.0477016375455591,0.0175145379142085));
#5474=CARTESIAN_POINT('',(-0.00322871888343574,-0.0481356653233369,0.0176584419581224));
#5475=CARTESIAN_POINT('',(-0.00322871888343574,-0.0481356653233369,0.0176584419581224));
#5476=CARTESIAN_POINT('',(-0.00322871888343574,-0.0481356653233369,0.0176584419581224));
#5477=CARTESIAN_POINT('',(-0.00316808847441076,-0.0461841679275036,0.0176245821830838));
#5478=CARTESIAN_POINT('',(-0.00302181424624421,-0.0461841679275036,0.0178865055500718));
#5479=CARTESIAN_POINT('',(-0.00303672258818997,-0.0464550735987999,0.017551219337167));
#5480=CARTESIAN_POINT('',(-0.00289044836002342,-0.0464550735987999,0.0178131427041549));
#5481=CARTESIAN_POINT('',(-0.00297103964507958,-0.0467616057168554,0.0175145379142085));
#5482=CARTESIAN_POINT('',(-0.00282476541691303,-0.0467616057168554,0.0177764612811965));
#5483=CARTESIAN_POINT('',(-0.00297103964507958,-0.0471037642816703,0.0175145379142085));
#5484=CARTESIAN_POINT('',(-0.00282476541691303,-0.0471037642816703,0.0177764612811965));
#5485=CARTESIAN_POINT('',(-0.00316808847441076,-0.0461841679275036,0.0176245821830838));
#5486=CARTESIAN_POINT('',(-0.00316808847441076,-0.0461841679275036,0.0176245821830838));
#5487=CARTESIAN_POINT('',(-0.00316808847441076,-0.0461841679275036,0.0176245821830838));
#5488=CARTESIAN_POINT('',(-0.00297103964507958,-0.046590526434448,0.0175145379142085));
#5489=CARTESIAN_POINT('',(-0.00297103964507958,-0.0471037642816703,0.0175145379142085));
#5490=CARTESIAN_POINT('',(-0.00375591923691076,-0.0455483172330591,0.0179528632832623));
#5491=CARTESIAN_POINT('',(-0.00360964500874425,-0.0455483172330591,0.0182147866502502));
#5492=CARTESIAN_POINT('',(-0.00349539794813155,-0.0457013120247258,0.0178073720623935));
#5493=CARTESIAN_POINT('',(-0.00334912371996503,-0.0457013120247258,0.0180692954293814));
#5494=CARTESIAN_POINT('',(-0.00329945436063155,-0.0459132622562073,0.0176979450290007));
#5495=CARTESIAN_POINT('',(-0.00315318013246503,-0.0459132622562073,0.0179598683959886));
#5496=CARTESIAN_POINT('',(-0.00316808847441076,-0.0461841679275036,0.0176245821830838));
#5497=CARTESIAN_POINT('',(-0.00302181424624424,-0.0461841679275036,0.0178865055500717));
#5498=CARTESIAN_POINT('',(-0.00375591923691076,-0.0455483172330591,0.0179528632832623));
#5499=CARTESIAN_POINT('',(-0.00375591923691076,-0.0455483172330591,0.0179528632832623));
#5500=CARTESIAN_POINT('',(-0.00375591923691076,-0.0455483172330591,0.0179528632832623));
#5501=CARTESIAN_POINT('',(-0.00336513730374195,-0.0457778094205591,0.0177346264519592));
#5502=CARTESIAN_POINT('',(-0.00316808847441076,-0.0461841679275036,0.0176245821830838));
#5503=CARTESIAN_POINT('',(-0.0047103745039837,-0.0453188250455591,0.018485890210627));
#5504=CARTESIAN_POINT('',(-0.00456410027581718,-0.0453188250455591,0.0187478135776149));
#5505=CARTESIAN_POINT('',(-0.00433459228138096,-0.0453188250455591,0.018276030146586));
#5506=CARTESIAN_POINT('',(-0.00418831805321443,-0.0453188250455591,0.0185379535135739));
#5507=CARTESIAN_POINT('',(-0.00401644052568998,-0.0453953224413924,0.0180983545041311));
#5508=CARTESIAN_POINT('',(-0.00387016629752345,-0.0453953224413924,0.018360277871119));
#5509=CARTESIAN_POINT('',(-0.00375591923691076,-0.0455483172330591,0.0179528632832623));
#5510=CARTESIAN_POINT('',(-0.00360964500874424,-0.0455483172330591,0.0182147866502502));
#5511=CARTESIAN_POINT('',(-0.0047103745039837,-0.0453188250455591,0.018485890210627));
#5512=CARTESIAN_POINT('',(-0.0047103745039837,-0.0453188250455591,0.018485890210627));
#5513=CARTESIAN_POINT('',(-0.0047103745039837,-0.0453188250455591,0.018485890210627));
#5514=CARTESIAN_POINT('',(-0.00414670117007958,-0.0453188250455591,0.0181711001145654));
#5515=CARTESIAN_POINT('',(-0.00375591923691076,-0.0455483172330591,0.0179528632832623));
#5516=CARTESIAN_POINT('',(-0.00489842350697524,-0.0453188250455591,0.0185909084191449));
#5517=CARTESIAN_POINT('',(-0.00508647250996678,-0.0453188250455591,0.018695926627663));
#5518=CARTESIAN_POINT('',(-0.00508647250996678,-0.0453188250455591,0.018695926627663));
#5519=CARTESIAN_POINT('',(-0.00489842350697524,-0.0453188250455591,0.0185909084191449));
#5520=CARTESIAN_POINT('',(-0.00508647250996678,-0.0461347972677814,0.018695926627663));
#5521=CARTESIAN_POINT('',(-0.00508647250996678,-0.0469507694900036,0.018695926627663));
#5522=CARTESIAN_POINT('',(-0.00508647250996678,-0.0469507694900036,0.018695926627663));
#5523=CARTESIAN_POINT('',(-0.00508647250996678,-0.0461347972677814,0.018695926627663));
#5524=CARTESIAN_POINT('',(-0.00489842350697524,-0.0469507694900036,0.0185909084191449));
#5525=CARTESIAN_POINT('',(-0.00471037450398369,-0.0469507694900036,0.018485890210627));
#5526=CARTESIAN_POINT('',(-0.00471037450398369,-0.0469507694900036,0.018485890210627));
#5527=CARTESIAN_POINT('',(-0.00489842350697524,-0.0469507694900036,0.0185909084191449));
#5528=CARTESIAN_POINT('',(-0.0047103745039837,-0.0463919587261147,0.018485890210627));
#5529=CARTESIAN_POINT('',(-0.0047103745039837,-0.0458331479622258,0.018485890210627));
#5530=CARTESIAN_POINT('',(-0.0047103745039837,-0.0458331479622258,0.018485890210627));
#5531=CARTESIAN_POINT('',(-0.0047103745039837,-0.0463919587261147,0.018485890210627));
#5532=CARTESIAN_POINT('',(-0.00398328327075444,-0.045999706121948,0.0180798374396569));
#5533=CARTESIAN_POINT('',(-0.00383700904258792,-0.045999706121948,0.0183417608066448));
#5534=CARTESIAN_POINT('',(-0.00418127945022664,-0.0458886673487999,0.0181904107675171));
#5535=CARTESIAN_POINT('',(-0.00403500522206012,-0.0458886673487999,0.018452334134505));
#5536=CARTESIAN_POINT('',(-0.0044236431946364,-0.0458331479622258,0.0183257616911738));
#5537=CARTESIAN_POINT('',(-0.00427736896646987,-0.0458331479622258,0.0185876850581617));
#5538=CARTESIAN_POINT('',(-0.0047103745039837,-0.0458331479622258,0.018485890210627));
#5539=CARTESIAN_POINT('',(-0.00456410027581718,-0.0458331479622258,0.0187478135776149));
#5540=CARTESIAN_POINT('',(-0.00398328327075444,-0.045999706121948,0.0180798374396569));
#5541=CARTESIAN_POINT('',(-0.00398328327075444,-0.045999706121948,0.0180798374396569));
#5542=CARTESIAN_POINT('',(-0.00398328327075444,-0.045999706121948,0.0180798374396569));
#5543=CARTESIAN_POINT('',(-0.00428027753996275,-0.0458331479622258,0.0182456974314472));
#5544=CARTESIAN_POINT('',(-0.0047103745039837,-0.0458331479622258,0.018485890210627));
#5545=CARTESIAN_POINT('',(-0.00353471297898369,-0.0464543502191702,0.0178293280102701));
#5546=CARTESIAN_POINT('',(-0.00338843875081717,-0.0464543502191702,0.018091251377258));
#5547=CARTESIAN_POINT('',(-0.00363576366069199,-0.0462622929275036,0.0178857609686677));
#5548=CARTESIAN_POINT('',(-0.00348948943252547,-0.0462622929275036,0.0181476843356556));
#5549=CARTESIAN_POINT('',(-0.00378528709128224,-0.0461107448950962,0.0179692641117966));
#5550=CARTESIAN_POINT('',(-0.00363901286311572,-0.0461107448950962,0.0182311874787845));
#5551=CARTESIAN_POINT('',(-0.00398328327075444,-0.045999706121948,0.0180798374396569));
#5552=CARTESIAN_POINT('',(-0.00383700904258792,-0.045999706121948,0.0183417608066448));
#5553=CARTESIAN_POINT('',(-0.00353471297898369,-0.0464543502191702,0.0178293280102701));
#5554=CARTESIAN_POINT('',(-0.00353471297898369,-0.0464543502191702,0.0178293280102701));
#5555=CARTESIAN_POINT('',(-0.00353471297898369,-0.0464543502191702,0.0178293280102701));
#5556=CARTESIAN_POINT('',(-0.00368628900154614,-0.0461662642816703,0.0179139774478664));
#5557=CARTESIAN_POINT('',(-0.00398328327075444,-0.045999706121948,0.0180798374396569));
#5558=CARTESIAN_POINT('',(-0.00445991612302973,-0.0470832841502488,0.0183460187406503));
#5559=CARTESIAN_POINT('',(-0.00338313695642123,-0.0471037642816703,0.0177446785726737));
#5560=CARTESIAN_POINT('',(-0.00338313695642123,-0.0471037642816703,0.0177446785726737));
#5561=CARTESIAN_POINT('',(-0.00445991612302982,-0.0470832841502488,0.0183460187406502));
#5562=CARTESIAN_POINT('',(-0.00384686485044824,-0.0481177616775036,0.0180036529458201));
#5563=CARTESIAN_POINT('',(-0.00370059062228169,-0.0481177616775036,0.018265576312808));
#5564=CARTESIAN_POINT('',(-0.0035377129210969,-0.0478721742932443,0.0178310033637225));
#5565=CARTESIAN_POINT('',(-0.00339143869293036,-0.0478721742932443,0.0180929267307104));
#5566=CARTESIAN_POINT('',(-0.00338313695642123,-0.0475341751612999,0.0177446785726737));
#5567=CARTESIAN_POINT('',(-0.00323686272825469,-0.0475341751612999,0.0180066019396616));
#5568=CARTESIAN_POINT('',(-0.00338313695642123,-0.0471037642816703,0.0177446785726737));
#5569=CARTESIAN_POINT('',(-0.00323686272825469,-0.0471037642816703,0.0180066019396616));
#5570=CARTESIAN_POINT('',(-0.00384686485044824,-0.0481177616775036,0.0180036529458201));
#5571=CARTESIAN_POINT('',(-0.00384686485044824,-0.0481177616775036,0.0180036529458201));
#5572=CARTESIAN_POINT('',(-0.00384686485044824,-0.0481177616775036,0.0180036529458201));
#5573=CARTESIAN_POINT('',(-0.00338313695642123,-0.0477493806011147,0.0177446785726737));
#5574=CARTESIAN_POINT('',(-0.00338313695642123,-0.0471037642816703,0.0177446785726737));
#5575=CARTESIAN_POINT('',(-0.00512910326631247,-0.0484861427538925,0.0187197342819869));
#5576=CARTESIAN_POINT('',(-0.00498282903814593,-0.0484861427538925,0.0189816576489748));
#5577=CARTESIAN_POINT('',(-0.00458342958508765,-0.0484861427538925,0.01841499630664));
#5578=CARTESIAN_POINT('',(-0.0044371553569211,-0.0484861427538925,0.0186769196736279));
#5579=CARTESIAN_POINT('',(-0.00415601677979957,-0.0483633490617629,0.0181763025279177));
#5580=CARTESIAN_POINT('',(-0.00400974255163302,-0.0483633490617629,0.0184382258949056));
#5581=CARTESIAN_POINT('',(-0.00384686485044824,-0.0481177616775036,0.0180036529458201));
#5582=CARTESIAN_POINT('',(-0.00370059062228169,-0.0481177616775036,0.018265576312808));
#5583=CARTESIAN_POINT('',(-0.00512910326631247,-0.0484861427538925,0.0187197342819869));
#5584=CARTESIAN_POINT('',(-0.00512910326631247,-0.0484861427538925,0.0187197342819869));
#5585=CARTESIAN_POINT('',(-0.00512910326631247,-0.0484861427538925,0.0187197342819869));
#5586=CARTESIAN_POINT('',(-0.00431059274447524,-0.0484861427538925,0.0182626273189665));
#5587=CARTESIAN_POINT('',(-0.00384686485044824,-0.0481177616775036,0.0180036529458201));
#5588=CARTESIAN_POINT('',(-0.0064174994580933,-0.0481215594205591,0.0194392545015561));
#5589=CARTESIAN_POINT('',(-0.00627122522992678,-0.0481215594205591,0.019701177868544));
#5590=CARTESIAN_POINT('',(-0.00610803174536163,-0.0483646149761147,0.0192664285664635));
#5591=CARTESIAN_POINT('',(-0.00596175751719511,-0.0483646149761147,0.0195283519334514));
#5592=CARTESIAN_POINT('',(-0.00567856634810135,-0.0484861427538925,0.0190265884932738));
#5593=CARTESIAN_POINT('',(-0.00553229211993483,-0.0484861427538925,0.0192885118602617));
#5594=CARTESIAN_POINT('',(-0.00512910326631247,-0.0484861427538925,0.0187197342819869));
#5595=CARTESIAN_POINT('',(-0.00498282903814595,-0.0484861427538925,0.0189816576489748));
#5596=CARTESIAN_POINT('',(-0.0064174994580933,-0.0481215594205591,0.0194392545015561));
#5597=CARTESIAN_POINT('',(-0.0064174994580933,-0.0481215594205591,0.0194392545015561));
#5598=CARTESIAN_POINT('',(-0.0064174994580933,-0.0481215594205591,0.0194392545015561));
#5599=CARTESIAN_POINT('',(-0.00595329788899579,-0.0484861427538925,0.0191800155989172));
#5600=CARTESIAN_POINT('',(-0.00512910326631247,-0.0484861427538925,0.0187197342819869));
#5601=CARTESIAN_POINT('',(-0.0068817010271908,-0.0471037642816702,0.0196984934041949));
#5602=CARTESIAN_POINT('',(-0.00673542679902425,-0.0471037642816702,0.0199604167711829));
#5603=CARTESIAN_POINT('',(-0.0068817010271908,-0.0475392388187073,0.0196984934041949));
#5604=CARTESIAN_POINT('',(-0.00673542679902425,-0.0475392388187073,0.0199604167711829));
#5605=CARTESIAN_POINT('',(-0.00672696717082497,-0.0478785038650036,0.0196120804366487));
#5606=CARTESIAN_POINT('',(-0.00658069294265842,-0.0478785038650036,0.0198740038036366));
#5607=CARTESIAN_POINT('',(-0.0064174994580933,-0.0481215594205591,0.0194392545015561));
#5608=CARTESIAN_POINT('',(-0.00627122522992675,-0.0481215594205591,0.019701177868544));
#5609=CARTESIAN_POINT('',(-0.0068817010271908,-0.0471037642816702,0.0196984934041949));
#5610=CARTESIAN_POINT('',(-0.0068817010271908,-0.0471037642816702,0.0196984934041949));
#5611=CARTESIAN_POINT('',(-0.0068817010271908,-0.0471037642816702,0.0196984934041949));
#5612=CARTESIAN_POINT('',(-0.0068817010271908,-0.0477569760872258,0.0196984934041949));
#5613=CARTESIAN_POINT('',(-0.0064174994580933,-0.0481215594205591,0.0194392545015561));
#5614=CARTESIAN_POINT('',(-0.00619013542424962,-0.0458819760872258,0.0193122803451615));
#5615=CARTESIAN_POINT('',(-0.00604386119608308,-0.0458819760872258,0.0195742037121494));
#5616=CARTESIAN_POINT('',(-0.00665117915954374,-0.0461734980779665,0.0195697557178505));
#5617=CARTESIAN_POINT('',(-0.00650490493137719,-0.0461734980779665,0.0198316790848384));
#5618=CARTESIAN_POINT('',(-0.0068817010271908,-0.046580760809448,0.0196984934041949));
#5619=CARTESIAN_POINT('',(-0.00673542679902425,-0.046580760809448,0.0199604167711829));
#5620=CARTESIAN_POINT('',(-0.0068817010271908,-0.0471037642816702,0.0196984934041949));
#5621=CARTESIAN_POINT('',(-0.00673542679902426,-0.0471037642816702,0.0199604167711829));
#5622=CARTESIAN_POINT('',(-0.00619013542424962,-0.0458819760872258,0.0193122803451615));
#5623=CARTESIAN_POINT('',(-0.00619013542424962,-0.0458819760872258,0.0193122803451615));
#5624=CARTESIAN_POINT('',(-0.00619013542424962,-0.0458819760872258,0.0193122803451615));
#5625=CARTESIAN_POINT('',(-0.0068817010271908,-0.0463192590733369,0.0196984934041949));
#5626=CARTESIAN_POINT('',(-0.0068817010271908,-0.0471037642816702,0.0196984934041949));
#5627=CARTESIAN_POINT('',(-0.00631755401821618,-0.0456768979622258,0.0193834387786409));
#5628=CARTESIAN_POINT('',(-0.00644497261218274,-0.0454718198372258,0.0194545972121204));
#5629=CARTESIAN_POINT('',(-0.00644497261218274,-0.0454718198372258,0.0194545972121204));
#5630=CARTESIAN_POINT('',(-0.00631755401821618,-0.0456768979622258,0.0193834387786409));
#5631=CARTESIAN_POINT('',(-0.00707827618145148,-0.0461564986566702,0.0198082731435777));
#5632=CARTESIAN_POINT('',(-0.00693200195328495,-0.0461564986566702,0.0200701965105657));
#5633=CARTESIAN_POINT('',(-0.00693459474339749,-0.0458902949529665,0.0197280325308562));
#5634=CARTESIAN_POINT('',(-0.00678832051523097,-0.0458902949529665,0.0199899558978441));
#5635=CARTESIAN_POINT('',(-0.00672349355364125,-0.0456620686798184,0.0196101405537037));
#5636=CARTESIAN_POINT('',(-0.00657721932547472,-0.0456620686798184,0.0198720639206916));
#5637=CARTESIAN_POINT('',(-0.00644497261218274,-0.0454718198372258,0.0194545972121204));
#5638=CARTESIAN_POINT('',(-0.00629869838401621,-0.0454718198372258,0.0197165205791083));
#5639=CARTESIAN_POINT('',(-0.00707827618145148,-0.0461564986566702,0.0198082731435777));
#5640=CARTESIAN_POINT('',(-0.00707827618145148,-0.0461564986566702,0.0198082731435777));
#5641=CARTESIAN_POINT('',(-0.00707827618145148,-0.0461564986566702,0.0198082731435777));
#5642=CARTESIAN_POINT('',(-0.0068627540243705,-0.0457571931011147,0.0196879122244954));
#5643=CARTESIAN_POINT('',(-0.00644497261218274,-0.0454718198372258,0.0194545972121204));
#5644=CARTESIAN_POINT('',(-0.00729379833853247,-0.0471037642816702,0.0199286340626601));
#5645=CARTESIAN_POINT('',(-0.00714752411036595,-0.0471037642816702,0.020190557429648));
#5646=CARTESIAN_POINT('',(-0.00729379833853247,-0.0467384575687073,0.0199286340626601));
#5647=CARTESIAN_POINT('',(-0.00714752411036595,-0.0467384575687073,0.020190557429648));
#5648=CARTESIAN_POINT('',(-0.00722195761950547,-0.0464227023603739,0.0198885137562993));
#5649=CARTESIAN_POINT('',(-0.00707568339133895,-0.0464227023603739,0.0201504371232872));
#5650=CARTESIAN_POINT('',(-0.00707827618145148,-0.0461564986566702,0.0198082731435777));
#5651=CARTESIAN_POINT('',(-0.00693200195328496,-0.0461564986566702,0.0200701965105657));
#5652=CARTESIAN_POINT('',(-0.00729379833853247,-0.0471037642816702,0.0199286340626601));
#5653=CARTESIAN_POINT('',(-0.00729379833853247,-0.0471037642816702,0.0199286340626601));
#5654=CARTESIAN_POINT('',(-0.00729379833853247,-0.0471037642816702,0.0199286340626601));
#5655=CARTESIAN_POINT('',(-0.00729379833853247,-0.0465558042122258,0.0199286340626601));
#5656=CARTESIAN_POINT('',(-0.00707827618145148,-0.0461564986566702,0.0198082731435777));
#5657=CARTESIAN_POINT('',(-0.0070361191001763,-0.0481356653233369,0.0197847300187463));
#5658=CARTESIAN_POINT('',(-0.00688984487200976,-0.0481356653233369,0.0200466533857342));
#5659=CARTESIAN_POINT('',(-0.00720790525908041,-0.047846313471485,0.0198806660480222));
#5660=CARTESIAN_POINT('',(-0.00706163103091387,-0.047846313471485,0.0201425894150101));
#5661=CARTESIAN_POINT('',(-0.00729379833853247,-0.0475023464575961,0.0199286340626601));
#5662=CARTESIAN_POINT('',(-0.00714752411036593,-0.0475023464575961,0.020190557429648));
#5663=CARTESIAN_POINT('',(-0.00729379833853247,-0.0471037642816702,0.0199286340626601));
#5664=CARTESIAN_POINT('',(-0.00714752411036593,-0.0471037642816702,0.020190557429648));
#5665=CARTESIAN_POINT('',(-0.0070361191001763,-0.0481356653233369,0.0197847300187463));
#5666=CARTESIAN_POINT('',(-0.0070361191001763,-0.0481356653233369,0.0197847300187463));
#5667=CARTESIAN_POINT('',(-0.0070361191001763,-0.0481356653233369,0.0197847300187463));
#5668=CARTESIAN_POINT('',(-0.00729379833853247,-0.0477016375455591,0.0199286340626601));
#5669=CARTESIAN_POINT('',(-0.00729379833853247,-0.0471037642816702,0.0199286340626601));
#5670=CARTESIAN_POINT('',(-0.00629008086412674,-0.0488018979622258,0.0193680960680766));
#5671=CARTESIAN_POINT('',(-0.00614380663596022,-0.0488018979622258,0.0196300194350645));
#5672=CARTESIAN_POINT('',(-0.00661565352925567,-0.0486470947214851,0.0195499160059138));
#5673=CARTESIAN_POINT('',(-0.00646937930108915,-0.0486470947214851,0.0198118393729017));
#5674=CARTESIAN_POINT('',(-0.00686433294127219,-0.0484250171751888,0.0196887939894704));
#5675=CARTESIAN_POINT('',(-0.00671805871310567,-0.0484250171751888,0.0199507173564583));
#5676=CARTESIAN_POINT('',(-0.0070361191001763,-0.0481356653233369,0.0197847300187463));
#5677=CARTESIAN_POINT('',(-0.00688984487200978,-0.0481356653233369,0.0200466533857341));
#5678=CARTESIAN_POINT('',(-0.00629008086412674,-0.0488018979622258,0.0193680960680766));
#5679=CARTESIAN_POINT('',(-0.00629008086412674,-0.0488018979622258,0.0193680960680766));
#5680=CARTESIAN_POINT('',(-0.00629008086412674,-0.0488018979622258,0.0193680960680766));
#5681=CARTESIAN_POINT('',(-0.00677843986182013,-0.0485696931011147,0.0196408259748325));
#5682=CARTESIAN_POINT('',(-0.0070361191001763,-0.0481356653233369,0.0197847300187463));
#5683=CARTESIAN_POINT('',(-0.00512341916546638,-0.0490341028233369,0.018716559928077));
#5684=CARTESIAN_POINT('',(-0.00497714493729985,-0.0490341028233369,0.018978483295065));
#5685=CARTESIAN_POINT('',(-0.00557562096611102,-0.0490341028233369,0.0189690974169062));
#5686=CARTESIAN_POINT('',(-0.00542934673794449,-0.0490341028233369,0.0192310207838941));
#5687=CARTESIAN_POINT('',(-0.00596450819899781,-0.0489567012029665,0.0191862761302394));
#5688=CARTESIAN_POINT('',(-0.00581823397083128,-0.0489567012029665,0.0194481994972273));
#5689=CARTESIAN_POINT('',(-0.00629008086412674,-0.0488018979622258,0.0193680960680766));
#5690=CARTESIAN_POINT('',(-0.00614380663596021,-0.0488018979622258,0.0196300194350646));
#5691=CARTESIAN_POINT('',(-0.00512341916546638,-0.0490341028233369,0.018716559928077));
#5692=CARTESIAN_POINT('',(-0.00512341916546638,-0.0490341028233369,0.018716559928077));
#5693=CARTESIAN_POINT('',(-0.00512341916546638,-0.0490341028233369,0.018716559928077));
#5694=CARTESIAN_POINT('',(-0.00580172186643334,-0.0490341028233369,0.0190953661613208));
#5695=CARTESIAN_POINT('',(-0.00629008086412674,-0.0488018979622258,0.0193680960680766));
#5696=CARTESIAN_POINT('',(-0.0039681256684982,-0.0488018979622258,0.0180713724958972));
#5697=CARTESIAN_POINT('',(-0.00382185144033165,-0.0488018979622258,0.0183332958628851));
#5698=CARTESIAN_POINT('',(-0.00428927736630239,-0.0489567012029665,0.0182507234918045));
#5699=CARTESIAN_POINT('',(-0.00414300313813585,-0.0489567012029665,0.0185126468587925));
#5700=CARTESIAN_POINT('',(-0.00467437519862512,-0.0490341028233369,0.0184657859691978));
#5701=CARTESIAN_POINT('',(-0.00452810097045858,-0.0490341028233369,0.0187277093361857));
#5702=CARTESIAN_POINT('',(-0.00512341916546638,-0.0490341028233369,0.018716559928077));
#5703=CARTESIAN_POINT('',(-0.00497714493729984,-0.0490341028233369,0.018978483295065));
#5704=CARTESIAN_POINT('',(-0.0039681256684982,-0.0488018979622258,0.0180713724958972));
#5705=CARTESIAN_POINT('',(-0.0039681256684982,-0.0488018979622258,0.0180713724958972));
#5706=CARTESIAN_POINT('',(-0.0039681256684982,-0.0488018979622258,0.0180713724958972));
#5707=CARTESIAN_POINT('',(-0.00444985321520449,-0.0490341028233369,0.0183403989897582));
#5708=CARTESIAN_POINT('',(-0.00512341916546638,-0.0490341028233369,0.018716559928077));
#5709=CARTESIAN_POINT('',(-0.00322871888343574,-0.0481356653233369,0.0176584419581224));
#5710=CARTESIAN_POINT('',(-0.00308244465526922,-0.0481356653233369,0.0179203653251103));
#5711=CARTESIAN_POINT('',(-0.00340050504233985,-0.0484250171751888,0.0177543779873983));
#5712=CARTESIAN_POINT('',(-0.00325423081417333,-0.0484250171751888,0.0180163013543862));
#5713=CARTESIAN_POINT('',(-0.003646973970694,-0.0486470947214851,0.0178920214999899));
#5714=CARTESIAN_POINT('',(-0.00350069974252748,-0.0486470947214851,0.0181539448669778));
#5715=CARTESIAN_POINT('',(-0.0039681256684982,-0.0488018979622258,0.0180713724958972));
#5716=CARTESIAN_POINT('',(-0.00382185144033167,-0.0488018979622258,0.0183332958628851));
#5717=CARTESIAN_POINT('',(-0.00322871888343574,-0.0481356653233369,0.0176584419581224));
#5718=CARTESIAN_POINT('',(-0.00348639812179191,-0.0485696931011147,0.0178023460020362));
#5719=CARTESIAN_POINT('',(-0.0039681256684982,-0.0488018979622258,0.0180713724958972));
#5720=CARTESIAN_POINT('',(0.0100975509206245,-0.034,0.0102162276480956));
#5721=CARTESIAN_POINT('',(-0.00474068970849619,-0.0361109257400036,0.0185028200981462));
#5722=CARTESIAN_POINT('',(-0.00459441548032965,-0.0361109257400036,0.0187647434651341));
#5723=CARTESIAN_POINT('',(-0.00503626295249296,-0.0361572220362999,0.0186678865014591));
#5724=CARTESIAN_POINT('',(-0.00488998872432642,-0.0361572220362999,0.0189298098684471));
#5725=CARTESIAN_POINT('',(-0.00525778499380038,-0.0362706117932443,0.0187915981274463));
#5726=CARTESIAN_POINT('',(-0.00511151076563383,-0.0362706117932443,0.0190535214944343));
#5727=CARTESIAN_POINT('',(-0.00540525583241843,-0.0364510950108369,0.0188739549761078));
#5728=CARTESIAN_POINT('',(-0.00525898160425189,-0.0364510950108369,0.0191358783430957));
#5729=CARTESIAN_POINT('',(-0.00459441548032966,-0.0361109257400036,0.0187647434651342));
#5730=CARTESIAN_POINT('',(-0.00503777534632482,-0.0361803701844481,0.0190123430701035));
#5731=CARTESIAN_POINT('',(-0.0052589816042519,-0.0364510950108369,0.0191358783430957));
#5732=CARTESIAN_POINT('',(-0.00459441548032966,-0.0361109257400036,0.0187647434651342));
#5733=CARTESIAN_POINT('',(-0.0052589816042519,-0.0364510950108369,0.0191358783430957));
#5734=CARTESIAN_POINT('',(-0.00474068970849619,-0.0361109257400036,0.0185028200981462));
#5735=CARTESIAN_POINT('',(-0.00474068970849619,-0.0361109257400036,0.0185028200981462));
#5736=CARTESIAN_POINT('',(-0.00474068970849619,-0.0361109257400036,0.0185028200981462));
#5737=CARTESIAN_POINT('',(-0.00518404957449135,-0.0361803701844481,0.0187504197031156));
#5738=CARTESIAN_POINT('',(-0.00540525583241843,-0.0364510950108369,0.0188739549761078));
#5739=CARTESIAN_POINT('',(-0.00540525583241843,-0.0364510950108369,0.0188739549761078));
#5740=CARTESIAN_POINT('',(-0.00540525583241843,-0.0364510950108369,0.0188739549761078));
#5741=CARTESIAN_POINT('',(-0.00474068970849619,-0.0372014205316702,0.0185028200981462));
#5742=CARTESIAN_POINT('',(-0.00459441548032966,-0.0372014205316702,0.0187647434651342));
#5743=CARTESIAN_POINT('',(-0.00459441548032966,-0.0382919153233369,0.0187647434651342));
#5744=CARTESIAN_POINT('',(-0.00474068970849619,-0.0382919153233369,0.0185028200981462));
#5745=CARTESIAN_POINT('',(-0.00474068970849619,-0.0382919153233369,0.0185028200981462));
#5746=CARTESIAN_POINT('',(-0.00474068970849619,-0.0372014205316702,0.0185028200981462));
#5747=CARTESIAN_POINT('',(-0.00537494062790594,-0.0379267894552813,0.0188570250885885));
#5748=CARTESIAN_POINT('',(-0.00522866639973942,-0.0379267894552813,0.0191189484555764));
#5749=CARTESIAN_POINT('',(-0.00520725965294623,-0.038118846746948,0.0187633816482475));
#5750=CARTESIAN_POINT('',(-0.00506098542477971,-0.038118846746948,0.0190253050152354));
#5751=CARTESIAN_POINT('',(-0.00499584267980965,-0.0382405553696332,0.0186453133181001));
#5752=CARTESIAN_POINT('',(-0.00484956845164313,-0.0382405553696332,0.018907236685088));
#5753=CARTESIAN_POINT('',(-0.00474068970849619,-0.0382919153233369,0.0185028200981462));
#5754=CARTESIAN_POINT('',(-0.00459441548032967,-0.0382919153233369,0.0187647434651341));
#5755=CARTESIAN_POINT('',(-0.00522866639973941,-0.0379267894552813,0.0191189484555764));
#5756=CARTESIAN_POINT('',(-0.00497714493729985,-0.0382148753927814,0.0189784832950649));
#5757=CARTESIAN_POINT('',(-0.00459441548032966,-0.0382919153233369,0.0187647434651342));
#5758=CARTESIAN_POINT('',(-0.00522866639973941,-0.0379267894552813,0.0191189484555764));
#5759=CARTESIAN_POINT('',(-0.00537494062790594,-0.0379267894552813,0.0188570250885885));
#5760=CARTESIAN_POINT('',(-0.00537494062790594,-0.0379267894552813,0.0188570250885885));
#5761=CARTESIAN_POINT('',(-0.00537494062790594,-0.0379267894552813,0.0188570250885885));
#5762=CARTESIAN_POINT('',(-0.00512341916546638,-0.0382148753927814,0.018716559928077));
#5763=CARTESIAN_POINT('',(-0.00474068970849619,-0.0382919153233369,0.0185028200981462));
#5764=CARTESIAN_POINT('',(-0.00562646209034551,-0.0371873146288925,0.0189974902491));
#5765=CARTESIAN_POINT('',(-0.00548018786217896,-0.0371873146288925,0.0192594136160879));
#5766=CARTESIAN_POINT('',(-0.00562646209034551,-0.0374882405548184,0.0189974902491));
#5767=CARTESIAN_POINT('',(-0.00548018786217896,-0.0374882405548184,0.0192594136160879));
#5768=CARTESIAN_POINT('',(-0.00554262160286565,-0.0377347321636147,0.0189506685289295));
#5769=CARTESIAN_POINT('',(-0.00539634737469911,-0.0377347321636147,0.0192125918959175));
#5770=CARTESIAN_POINT('',(-0.00537494062790594,-0.0379267894552813,0.0188570250885885));
#5771=CARTESIAN_POINT('',(-0.00522866639973939,-0.0379267894552813,0.0191189484555765));
#5772=CARTESIAN_POINT('',(-0.00548018786217898,-0.0371873146288925,0.019259413616088));
#5773=CARTESIAN_POINT('',(-0.00548018786217898,-0.0376387035177814,0.019259413616088));
#5774=CARTESIAN_POINT('',(-0.00522866639973941,-0.0379267894552813,0.0191189484555764));
#5775=CARTESIAN_POINT('',(-0.00548018786217898,-0.0371873146288925,0.019259413616088));
#5776=CARTESIAN_POINT('',(-0.00562646209034551,-0.0371873146288925,0.0189974902491));
#5777=CARTESIAN_POINT('',(-0.00562646209034551,-0.0371873146288925,0.0189974902491));
#5778=CARTESIAN_POINT('',(-0.00562646209034551,-0.0371873146288925,0.0189974902491));
#5779=CARTESIAN_POINT('',(-0.00562646209034551,-0.0376387035177814,0.0189974902491));
#5780=CARTESIAN_POINT('',(-0.00537494062790594,-0.0379267894552813,0.0188570250885885));
#5781=CARTESIAN_POINT('',(-0.00469904076883195,-0.0371664189230445,0.0184795607510577));
#5782=CARTESIAN_POINT('',(-0.00600256009632859,-0.0371873146288925,0.019207526666136));
#5783=CARTESIAN_POINT('',(-0.00600256009632859,-0.0371873146288925,0.019207526666136));
#5784=CARTESIAN_POINT('',(-0.00469904076883193,-0.0371664189230445,0.0184795607510578));
#5785=CARTESIAN_POINT('',(-0.00581465143409698,-0.0363956595097514,0.0191025868325892));
#5786=CARTESIAN_POINT('',(-0.00581451109333705,-0.0363957564691703,0.019102508457618));
#5787=CARTESIAN_POINT('',(-0.00580835331742045,-0.0380173927538925,0.0190990695742156));
#5788=CARTESIAN_POINT('',(-0.00566207908925391,-0.0380173927538925,0.0193609929412036));
#5789=CARTESIAN_POINT('',(-0.00593782450335921,-0.0377743371983369,0.0191713743021626));
#5790=CARTESIAN_POINT('',(-0.00579155027519267,-0.0377743371983369,0.0194332976691505));
#5791=CARTESIAN_POINT('',(-0.00600256009632859,-0.0374976444900036,0.019207526666136));
#5792=CARTESIAN_POINT('',(-0.00585628586816205,-0.0374976444900036,0.0194694500331239));
#5793=CARTESIAN_POINT('',(-0.00600256009632859,-0.0371873146288925,0.019207526666136));
#5794=CARTESIAN_POINT('',(-0.00585628586816205,-0.0371873146288925,0.0194694500331239));
#5795=CARTESIAN_POINT('',(-0.00580835331742045,-0.0380173927538925,0.0190990695742156));
#5796=CARTESIAN_POINT('',(-0.00580835331742045,-0.0380173927538925,0.0190990695742156));
#5797=CARTESIAN_POINT('',(-0.00580835331742045,-0.0380173927538925,0.0190990695742156));
#5798=CARTESIAN_POINT('',(-0.00600256009632859,-0.0376528094205592,0.019207526666136));
#5799=CARTESIAN_POINT('',(-0.00600256009632859,-0.0371873146288925,0.019207526666136));
#5800=CARTESIAN_POINT('',(-0.00467043023972835,-0.0372191859937929,0.0184635828598518));
#5801=CARTESIAN_POINT('',(-0.00526836373704172,-0.0385865116775036,0.0187975059527786));
#5802=CARTESIAN_POINT('',(-0.00526836373704172,-0.0385865116775036,0.0187975059527786));
#5803=CARTESIAN_POINT('',(-0.00467043023972841,-0.0372191859937929,0.0184635828598518));
#5804=CARTESIAN_POINT('',(-0.00448679987070408,-0.0387910472677813,0.0183610322901723));
#5805=CARTESIAN_POINT('',(-0.00434052564253756,-0.0387910472677813,0.0186229556571602));
#5806=CARTESIAN_POINT('',(-0.00477732058061545,-0.0387910472677813,0.0185232770455653));
#5807=CARTESIAN_POINT('',(-0.00463104635244892,-0.0387910472677813,0.0187852004125532));
#5808=CARTESIAN_POINT('',(-0.00503784186939466,-0.0387228687376888,0.0186687682664341));
#5809=CARTESIAN_POINT('',(-0.00489156764122814,-0.0387228687376888,0.018930691633422));
#5810=CARTESIAN_POINT('',(-0.00526836373704172,-0.0385865116775036,0.0187975059527786));
#5811=CARTESIAN_POINT('',(-0.0051220895088752,-0.0385865116775036,0.0190594293197665));
#5812=CARTESIAN_POINT('',(-0.00448679987070408,-0.0387910472677813,0.0183610322901723));
#5813=CARTESIAN_POINT('',(-0.00448679987070408,-0.0387910472677813,0.0183610322901723));
#5814=CARTESIAN_POINT('',(-0.00448679987070408,-0.0387910472677813,0.0183610322901723));
#5815=CARTESIAN_POINT('',(-0.00492258093557113,-0.0387910472677813,0.0186043994232618));
#5816=CARTESIAN_POINT('',(-0.00526836373704172,-0.0385865116775036,0.0187975059527786));
#5817=CARTESIAN_POINT('',(-0.00370428865422543,-0.0385827139344481,0.017924029568581));
#5818=CARTESIAN_POINT('',(-0.00355801442605889,-0.0385827139344481,0.0181859529355689));
#5819=CARTESIAN_POINT('',(-0.00393481052187249,-0.0387216028233369,0.0180527672549255));
#5820=CARTESIAN_POINT('',(-0.00378853629370594,-0.0387216028233369,0.0183146906219134));
#5821=CARTESIAN_POINT('',(-0.00419564759403204,-0.0387910472677813,0.0181984348287893));
#5822=CARTESIAN_POINT('',(-0.0040493733658655,-0.0387910472677813,0.0184603581957772));
#5823=CARTESIAN_POINT('',(-0.00448679987070408,-0.0387910472677813,0.0183610322901723));
#5824=CARTESIAN_POINT('',(-0.00434052564253753,-0.0387910472677813,0.0186229556571602));
#5825=CARTESIAN_POINT('',(-0.00370428865422543,-0.0385827139344481,0.017924029568581));
#5826=CARTESIAN_POINT('',(-0.00370428865422543,-0.0385827139344481,0.017924029568581));
#5827=CARTESIAN_POINT('',(-0.00370428865422543,-0.0385827139344481,0.017924029568581));
#5828=CARTESIAN_POINT('',(-0.00405007145569602,-0.0387910472677813,0.0181171360980978));
#5829=CARTESIAN_POINT('',(-0.00448679987070408,-0.0387910472677813,0.0183610322901723));
#5830=CARTESIAN_POINT('',(-0.0043176897567057,-0.037207426940686,0.0182665907300902));
#5831=CARTESIAN_POINT('',(-0.0031647727489172,-0.038006542059448,0.0176227304766364));
#5832=CARTESIAN_POINT('',(-0.0031647727489172,-0.038006542059448,0.0176227304766364));
#5833=CARTESIAN_POINT('',(-0.00431768975670565,-0.037207426940686,0.0182665907300903));
#5834=CARTESIAN_POINT('',(-0.00297103964507958,-0.037166698309448,0.0175145379142085));
#5835=CARTESIAN_POINT('',(-0.00282476541691303,-0.037166698309448,0.0177764612811965));
#5836=CARTESIAN_POINT('',(-0.00297103964507958,-0.0374813684483369,0.0175145379142085));
#5837=CARTESIAN_POINT('',(-0.00282476541691303,-0.0374813684483369,0.0177764612811965));
#5838=CARTESIAN_POINT('',(-0.00303561734635878,-0.0377613163650036,0.0175506021016845));
#5839=CARTESIAN_POINT('',(-0.00288934311819224,-0.0377613163650036,0.0178125254686725));
#5840=CARTESIAN_POINT('',(-0.0031647727489172,-0.038006542059448,0.0176227304766364));
#5841=CARTESIAN_POINT('',(-0.00301849852075066,-0.038006542059448,0.0178846538436244));
#5842=CARTESIAN_POINT('',(-0.00297103964507958,-0.037166698309448,0.0175145379142085));
#5843=CARTESIAN_POINT('',(-0.00297103964507958,-0.037166698309448,0.0175145379142085));
#5844=CARTESIAN_POINT('',(-0.00297103964507958,-0.037166698309448,0.0175145379142085));
#5845=CARTESIAN_POINT('',(-0.00297103964507958,-0.0376387035177814,0.0175145379142085));
#5846=CARTESIAN_POINT('',(-0.0031647727489172,-0.038006542059448,0.0176227304766364));
#5847=CARTESIAN_POINT('',(-0.00314961514666096,-0.0362774838997258,0.0176142655328768));
#5848=CARTESIAN_POINT('',(-0.00300334091849441,-0.0362774838997258,0.0178761888998647));
#5849=CARTESIAN_POINT('',(-0.00303056481227337,-0.0365274115617628,0.0175477804537646));
#5850=CARTESIAN_POINT('',(-0.00288429058410682,-0.0365274115617628,0.0178097038207526));
#5851=CARTESIAN_POINT('',(-0.00297103964507958,-0.0368238163650036,0.0175145379142085));
#5852=CARTESIAN_POINT('',(-0.00282476541691303,-0.0368238163650036,0.0177764612811965));
#5853=CARTESIAN_POINT('',(-0.00297103964507958,-0.037166698309448,0.0175145379142085));
#5854=CARTESIAN_POINT('',(-0.00282476541691303,-0.037166698309448,0.0177764612811965));
#5855=CARTESIAN_POINT('',(-0.00314961514666096,-0.0362774838997258,0.0176142655328768));
#5856=CARTESIAN_POINT('',(-0.00314961514666096,-0.0362774838997258,0.0176142655328768));
#5857=CARTESIAN_POINT('',(-0.00314961514666096,-0.0362774838997258,0.0176142655328768));
#5858=CARTESIAN_POINT('',(-0.00297103964507958,-0.0366523753927814,0.0175145379142085));
#5859=CARTESIAN_POINT('',(-0.00297103964507958,-0.037166698309448,0.0175145379142085));
#5860=CARTESIAN_POINT('',(-0.00439691732948084,-0.0370492855594134,0.0183108363130267));
#5861=CARTESIAN_POINT('',(-0.00364373527415738,-0.0356737750908315,0.0178902128112821));
#5862=CARTESIAN_POINT('',(-0.00364373527391556,-0.0356737750921226,0.0178902128111471));
#5863=CARTESIAN_POINT('',(-0.00439691732948063,-0.0370492855594134,0.0183108363130271));
#5864=CARTESIAN_POINT('',(-0.00375260351141721,-0.0358608172330592,0.0179510115768149));
#5865=CARTESIAN_POINT('',(-0.00386169269352149,-0.0360482389683226,0.0180119337316311));
#5866=CARTESIAN_POINT('',(-0.00386154877763397,-0.0360479917122258,0.0180118533600872));
#5867=CARTESIAN_POINT('',(-0.00375260351141721,-0.0358608172330592,0.0179510115768149));
#5868=CARTESIAN_POINT('',(-0.00439530217270839,-0.0370839357187698,0.0183099343094645));
#5869=CARTESIAN_POINT('',(-0.00348260872122785,-0.0364896149761147,0.0178002297660964));
#5870=CARTESIAN_POINT('',(-0.00348260872122785,-0.0364896149761147,0.0178002297660964));
#5871=CARTESIAN_POINT('',(-0.00439530217270849,-0.0370839357187698,0.0183099343094643));
#5872=CARTESIAN_POINT('',(-0.00334619030092164,-0.0371808042122258,0.0177240452722596));
#5873=CARTESIAN_POINT('',(-0.00319991607275511,-0.0371808042122258,0.0179859686392475));
#5874=CARTESIAN_POINT('',(-0.00334619030092164,-0.036903026434448,0.0177240452722596));
#5875=CARTESIAN_POINT('',(-0.00319991607275511,-0.036903026434448,0.0179859686392475));
#5876=CARTESIAN_POINT('',(-0.00339166310769037,-0.036672630022411,0.0177494401035385));
#5877=CARTESIAN_POINT('',(-0.00324538887952385,-0.036672630022411,0.0180113634705264));
#5878=CARTESIAN_POINT('',(-0.00348260872122785,-0.0364896149761147,0.0178002297660964));
#5879=CARTESIAN_POINT('',(-0.00333633449306132,-0.0364896149761147,0.0180621531330843));
#5880=CARTESIAN_POINT('',(-0.00334619030092164,-0.0371808042122258,0.0177240452722596));
#5881=CARTESIAN_POINT('',(-0.00334619030092164,-0.0371808042122258,0.0177240452722596));
#5882=CARTESIAN_POINT('',(-0.00334619030092164,-0.0371808042122258,0.0177240452722596));
#5883=CARTESIAN_POINT('',(-0.00334619030092164,-0.0367641375455591,0.0177240452722596));
#5884=CARTESIAN_POINT('',(-0.00348260872122785,-0.0364896149761147,0.0178002297660964));
#5885=CARTESIAN_POINT('',(-0.00365550012196314,-0.0379929786913924,0.0178967830308547));
#5886=CARTESIAN_POINT('',(-0.00350922589379661,-0.0379929786913924,0.0181587063978426));
#5887=CARTESIAN_POINT('',(-0.00344929357460214,-0.0377936876034295,0.0177816245251246));
#5888=CARTESIAN_POINT('',(-0.00330301934643561,-0.0377936876034295,0.0180435478921125));
#5889=CARTESIAN_POINT('',(-0.00334619030092164,-0.0375229627770406,0.0177240452722596));
#5890=CARTESIAN_POINT('',(-0.00319991607275511,-0.0375229627770406,0.0179859686392475));
#5891=CARTESIAN_POINT('',(-0.00334619030092164,-0.0371808042122258,0.0177240452722596));
#5892=CARTESIAN_POINT('',(-0.00319991607275511,-0.0371808042122258,0.0179859686392475));
#5893=CARTESIAN_POINT('',(-0.00365550012196314,-0.0379929786913924,0.0178967830308547));
#5894=CARTESIAN_POINT('',(-0.00365550012196314,-0.0379929786913924,0.0178967830308547));
#5895=CARTESIAN_POINT('',(-0.00365550012196314,-0.0379929786913924,0.0178967830308547));
#5896=CARTESIAN_POINT('',(-0.00334619030092164,-0.037694042059448,0.0177240452722596));
#5897=CARTESIAN_POINT('',(-0.00334619030092164,-0.0371808042122258,0.0177240452722596));
#5898=CARTESIAN_POINT('',(-0.0044015383580127,-0.038319042059448,0.0183134169815244));
#5899=CARTESIAN_POINT('',(-0.00425526412984618,-0.038319042059448,0.0185753403485123));
#5900=CARTESIAN_POINT('',(-0.00411038608134066,-0.0383009575687073,0.0181508195201413));
#5901=CARTESIAN_POINT('',(-0.00396411185317414,-0.0383009575687073,0.0184127428871292));
#5902=CARTESIAN_POINT('',(-0.00386170666932414,-0.0381922697793554,0.0180119415365848));
#5903=CARTESIAN_POINT('',(-0.00371543244115762,-0.0381922697793554,0.0182738649035727));
#5904=CARTESIAN_POINT('',(-0.00365550012196314,-0.0379929786913924,0.0178967830308547));
#5905=CARTESIAN_POINT('',(-0.00350922589379662,-0.0379929786913924,0.0181587063978426));
#5906=CARTESIAN_POINT('',(-0.0044015383580127,-0.038319042059448,0.0183134169815244));
#5907=CARTESIAN_POINT('',(-0.0044015383580127,-0.038319042059448,0.0183134169815244));
#5908=CARTESIAN_POINT('',(-0.0044015383580127,-0.038319042059448,0.0183134169815244));
#5909=CARTESIAN_POINT('',(-0.00396480994300464,-0.0382919153233369,0.0180695207894498));
#5910=CARTESIAN_POINT('',(-0.00365550012196314,-0.0379929786913924,0.0178967830308547));
#5911=CARTESIAN_POINT('',(-0.0044015383580127,-0.0369822365038925,0.0183134169815244));
#5912=CARTESIAN_POINT('',(-0.0044015383580127,-0.0356451796708768,0.0183134169815244));
#5913=CARTESIAN_POINT('',(-0.00440153835801271,-0.0356451796708768,0.0183134169815243));
#5914=CARTESIAN_POINT('',(-0.0044015383580127,-0.0369822365038925,0.0183134169815244));
#5915=CARTESIAN_POINT('',(-0.00455336573416461,-0.0380715352455166,0.0183982067905281));
#5916=CARTESIAN_POINT('',(-0.00457774548424155,-0.0356389205316702,0.0184118219527301));
#5917=CARTESIAN_POINT('',(-0.00457774869758896,-0.0356393674606806,0.0184118237472623));
#5918=CARTESIAN_POINT('',(-0.00455336573416359,-0.0380715352455166,0.01839820679053));
#5919=CARTESIAN_POINT('',(-0.00460093747169701,-0.037352542418255,0.0184247737947277));
#5920=CARTESIAN_POINT('',(-0.00530199466704776,-0.0358402009136147,0.0188162875467453));
#5921=CARTESIAN_POINT('',(-0.00530205535932609,-0.0358400698756387,0.018816321441072));
#5922=CARTESIAN_POINT('',(-0.00460093747169702,-0.037352542418255,0.0184247737947277));
#5923=CARTESIAN_POINT('',(-0.00467905408463853,-0.0371830533807439,0.0184683989488958));
#5924=CARTESIAN_POINT('',(-0.00467905408463865,-0.0371830533807439,0.0184683989488956));
#5925=CARTESIAN_POINT('',(-0.00540525583241843,-0.0364510950108369,0.0188739549761078));
#5926=CARTESIAN_POINT('',(-0.0052589816042519,-0.0364510950108369,0.0191358783430957));
#5927=CARTESIAN_POINT('',(-0.00555272667103648,-0.0366315782284295,0.0189563118247693));
#5928=CARTESIAN_POINT('',(-0.00540645244286996,-0.0366315782284295,0.0192182351917572));
#5929=CARTESIAN_POINT('',(-0.00562646209034551,-0.0368769847677813,0.0189974902491));
#5930=CARTESIAN_POINT('',(-0.00548018786217898,-0.0368769847677813,0.0192594136160879));
#5931=CARTESIAN_POINT('',(-0.00562646209034551,-0.0371873146288925,0.0189974902491));
#5932=CARTESIAN_POINT('',(-0.00548018786217898,-0.0371873146288925,0.0192594136160879));
#5933=CARTESIAN_POINT('',(-0.0052589816042519,-0.0364510950108369,0.0191358783430957));
#5934=CARTESIAN_POINT('',(-0.00548018786217898,-0.0367218198372258,0.019259413616088));
#5935=CARTESIAN_POINT('',(-0.00548018786217898,-0.0371873146288925,0.019259413616088));
#5936=CARTESIAN_POINT('',(-0.00540525583241843,-0.0364510950108369,0.0188739549761078));
#5937=CARTESIAN_POINT('',(-0.00562646209034551,-0.0367218198372258,0.0189974902491));
#5938=CARTESIAN_POINT('',(-0.00562646209034551,-0.0371873146288925,0.0189974902491));
#5939=CARTESIAN_POINT('',(0.0100975509206245,-0.034,0.0102162276480956));
#5940=CARTESIAN_POINT('',(-0.00475524452745677,-0.0333800419427622,0.0185109484103851));
#5941=CARTESIAN_POINT('',(-0.00600256009632859,-0.0333960819900036,0.019207526666136));
#5942=CARTESIAN_POINT('',(-0.00600256009632859,-0.0333960819900036,0.019207526666136));
#5943=CARTESIAN_POINT('',(-0.00475524452745674,-0.0333800419427622,0.0185109484103852));
#5944=CARTESIAN_POINT('',(-0.00588137980466823,-0.0327672403641421,0.0191398523733249));
#5945=CARTESIAN_POINT('',(-0.00588129927827863,-0.0327672842469481,0.0191398071160589));
#5946=CARTESIAN_POINT('',(-0.00585382612418918,-0.0340308476150036,0.0191244644054945));
#5947=CARTESIAN_POINT('',(-0.00570755189602263,-0.0340308476150036,0.0193863877724825));
#5948=CARTESIAN_POINT('',(-0.00595298210561545,-0.0338478325687073,0.0191798392459222));
#5949=CARTESIAN_POINT('',(-0.00580670787744891,-0.0338478325687073,0.0194417626129101));
#5950=CARTESIAN_POINT('',(-0.00600256009632859,-0.0336362440270406,0.019207526666136));
#5951=CARTESIAN_POINT('',(-0.00585628586816204,-0.0336362440270406,0.0194694500331239));
#5952=CARTESIAN_POINT('',(-0.00600256009632859,-0.0333960819900036,0.019207526666136));
#5953=CARTESIAN_POINT('',(-0.00585628586816204,-0.0333960819900036,0.0194694500331239));
#5954=CARTESIAN_POINT('',(-0.00585382612418918,-0.0340308476150036,0.0191244644054945));
#5955=CARTESIAN_POINT('',(-0.00585382612418918,-0.0340308476150036,0.0191244644054945));
#5956=CARTESIAN_POINT('',(-0.00585382612418918,-0.0340308476150036,0.0191244644054945));
#5957=CARTESIAN_POINT('',(-0.00600256009632859,-0.0337563250455591,0.019207526666136));
#5958=CARTESIAN_POINT('',(-0.00600256009632859,-0.0333960819900036,0.019207526666136));
#5959=CARTESIAN_POINT('',(-0.0049381399206657,-0.033364833585186,0.0186130885240543));
#5960=CARTESIAN_POINT('',(-0.00543225531143737,-0.0344724708788924,0.0188890331571797));
#5961=CARTESIAN_POINT('',(-0.00543208945173172,-0.0344720993515463,0.0188889408171922));
#5962=CARTESIAN_POINT('',(-0.00493813992066552,-0.033364833585186,0.0186130885240546));
#5963=CARTESIAN_POINT('',(-0.00566861917162069,-0.0344724708788924,0.0190210333739315));
#5964=CARTESIAN_POINT('',(-0.00590498303180401,-0.0344724708788924,0.0191530335906833));
#5965=CARTESIAN_POINT('',(-0.00590498303180401,-0.0344724708788924,0.0191530335906833));
#5966=CARTESIAN_POINT('',(-0.00566861917162069,-0.0344724708788924,0.0190210333739315));
#5967=CARTESIAN_POINT('',(-0.00590498303180401,-0.0347084734830592,0.0191530335906833));
#5968=CARTESIAN_POINT('',(-0.00590498303180401,-0.0349444760872258,0.0191530335906833));
#5969=CARTESIAN_POINT('',(-0.00590498303180401,-0.0349444760872258,0.0191530335906833));
#5970=CARTESIAN_POINT('',(-0.00590498303180401,-0.0347084734830592,0.0191530335906833));
#5971=CARTESIAN_POINT('',(-0.00448632619563357,-0.0349444760872258,0.0183607677606798));
#5972=CARTESIAN_POINT('',(-0.00306766935946314,-0.0349444760872258,0.0175685019306763));
#5973=CARTESIAN_POINT('',(-0.00306766935946314,-0.0349444760872258,0.0175685019306763));
#5974=CARTESIAN_POINT('',(-0.00448632619563357,-0.0349444760872258,0.0183607677606798));
#5975=CARTESIAN_POINT('',(-0.00306766935946314,-0.0347084734830592,0.0175685019306763));
#5976=CARTESIAN_POINT('',(-0.00306766935946314,-0.0344724708788924,0.0175685019306763));
#5977=CARTESIAN_POINT('',(-0.00306766935946314,-0.0344724708788924,0.0175685019306763));
#5978=CARTESIAN_POINT('',(-0.00306766935946314,-0.0347084734830592,0.0175685019306763));
#5979=CARTESIAN_POINT('',(-0.00377723461508361,-0.0344724708788924,0.0179647671104243));
#5980=CARTESIAN_POINT('',(-0.00448679987070408,-0.0344724708788924,0.0183610322901723));
#5981=CARTESIAN_POINT('',(-0.00448679987070408,-0.0344724708788924,0.0183610322901723));
#5982=CARTESIAN_POINT('',(-0.00377723461508361,-0.0344724708788924,0.0179647671104243));
#5983=CARTESIAN_POINT('',(-0.00531715226930401,-0.034222362371948,0.0188247524905049));
#5984=CARTESIAN_POINT('',(-0.00517087804113747,-0.034222362371948,0.0190866758574928));
#5985=CARTESIAN_POINT('',(-0.00511094572194301,-0.0343891013765776,0.0187095939847748));
#5986=CARTESIAN_POINT('',(-0.00496467149377647,-0.0343891013765776,0.0189715173517628));
#5987=CARTESIAN_POINT('',(-0.00483416158907637,-0.0344724708788924,0.018555020584664));
#5988=CARTESIAN_POINT('',(-0.00468788736090982,-0.0344724708788924,0.0188169439516519));
#5989=CARTESIAN_POINT('',(-0.00448679987070408,-0.0344724708788924,0.0183610322901723));
#5990=CARTESIAN_POINT('',(-0.00434052564253753,-0.0344724708788924,0.0186229556571602));
#5991=CARTESIAN_POINT('',(-0.00531715226930401,-0.034222362371948,0.0188247524905049));
#5992=CARTESIAN_POINT('',(-0.00531715226930401,-0.034222362371948,0.0188247524905049));
#5993=CARTESIAN_POINT('',(-0.00531715226930401,-0.034222362371948,0.0188247524905049));
#5994=CARTESIAN_POINT('',(-0.00500784244826251,-0.0344724708788924,0.0186520147319098));
#5995=CARTESIAN_POINT('',(-0.00448679987070408,-0.0344724708788924,0.0183610322901723));
#5996=CARTESIAN_POINT('',(-0.00562646209034551,-0.0334720368511147,0.0189974902491));
#5997=CARTESIAN_POINT('',(-0.00548018786217896,-0.0334720368511147,0.0192594136160879));
#5998=CARTESIAN_POINT('',(-0.00562646209034551,-0.033805514860374,0.0189974902491));
#5999=CARTESIAN_POINT('',(-0.00548018786217896,-0.033805514860374,0.0192594136160879));
#6000=CARTESIAN_POINT('',(-0.00552335881666501,-0.0340556233673184,0.018939910996235));
#6001=CARTESIAN_POINT('',(-0.00537708458849846,-0.0340556233673184,0.0192018343632229));
#6002=CARTESIAN_POINT('',(-0.00531715226930401,-0.034222362371948,0.0188247524905049));
#6003=CARTESIAN_POINT('',(-0.00517087804113746,-0.034222362371948,0.0190866758574928));
#6004=CARTESIAN_POINT('',(-0.00562646209034551,-0.0334720368511147,0.0189974902491));
#6005=CARTESIAN_POINT('',(-0.00562646209034551,-0.0334720368511147,0.0189974902491));
#6006=CARTESIAN_POINT('',(-0.00562646209034551,-0.0334720368511147,0.0189974902491));
#6007=CARTESIAN_POINT('',(-0.00562646209034551,-0.0339722538650036,0.0189974902491));
#6008=CARTESIAN_POINT('',(-0.00531715226930401,-0.034222362371948,0.0188247524905049));
#6009=CARTESIAN_POINT('',(-0.00478332046484188,-0.0326104917122258,0.0185266277524702));
#6010=CARTESIAN_POINT('',(-0.00463704623667536,-0.0326104917122258,0.0187885511194581));
#6011=CARTESIAN_POINT('',(-0.0053454148818443,-0.0326104917122258,0.0188405360835567));
#6012=CARTESIAN_POINT('',(-0.00519914065367778,-0.0326104917122258,0.0191024594505446));
#6013=CARTESIAN_POINT('',(-0.00562646209034551,-0.0328976734251888,0.0189974902491));
#6014=CARTESIAN_POINT('',(-0.00548018786217899,-0.0328976734251888,0.0192594136160879));
#6015=CARTESIAN_POINT('',(-0.00562646209034551,-0.0334720368511147,0.0189974902491));
#6016=CARTESIAN_POINT('',(-0.00548018786217899,-0.0334720368511147,0.0192594136160879));
#6017=CARTESIAN_POINT('',(-0.00478332046484188,-0.0326104917122258,0.0185266277524702));
#6018=CARTESIAN_POINT('',(-0.00478332046484188,-0.0326104917122258,0.0185266277524702));
#6019=CARTESIAN_POINT('',(-0.00478332046484188,-0.0326104917122258,0.0185266277524702));
#6020=CARTESIAN_POINT('',(-0.00562646209034551,-0.0326104917122258,0.0189974902491));
#6021=CARTESIAN_POINT('',(-0.00562646209034551,-0.0334720368511147,0.0189974902491));
#6022=CARTESIAN_POINT('',(-0.0039254949121525,-0.0326104917122258,0.0180475648415732));
#6023=CARTESIAN_POINT('',(-0.00306766935946314,-0.0326104917122258,0.0175685019306763));
#6024=CARTESIAN_POINT('',(-0.00306766935946314,-0.0326104917122258,0.0175685019306763));
#6025=CARTESIAN_POINT('',(-0.0039254949121525,-0.0326104917122258,0.0180475648415732));
#6026=CARTESIAN_POINT('',(-0.00306766935946314,-0.0323744891080592,0.0175685019306763));
#6027=CARTESIAN_POINT('',(-0.00306766935946314,-0.0321384865038924,0.0175685019306763));
#6028=CARTESIAN_POINT('',(-0.00306766935946314,-0.0321384865038924,0.0175685019306763));
#6029=CARTESIAN_POINT('',(-0.00306766935946314,-0.0323744891080592,0.0175685019306763));
#6030=CARTESIAN_POINT('',(-0.00401644052568998,-0.0321384865038924,0.018098354504131));
#6031=CARTESIAN_POINT('',(-0.00496521169191682,-0.0321384865038924,0.0186282070775858));
#6032=CARTESIAN_POINT('',(-0.00496521169191682,-0.0321384865038924,0.0186282070775858));
#6033=CARTESIAN_POINT('',(-0.00401644052568998,-0.0321384865038924,0.018098354504131));
#6034=CARTESIAN_POINT('',(-0.00552320092497484,-0.0323088424066703,0.0189398228197375));
#6035=CARTESIAN_POINT('',(-0.00537692669680831,-0.0323088424066703,0.0192017461867254));
#6036=CARTESIAN_POINT('',(-0.00536530923480562,-0.0321952718048184,0.0188516463222413));
#6037=CARTESIAN_POINT('',(-0.0052190350066391,-0.0321952718048184,0.0191135696892292));
#6038=CARTESIAN_POINT('',(-0.00517931282378628,-0.0321384865038924,0.0187477744081907));
#6039=CARTESIAN_POINT('',(-0.00503303859561976,-0.0321384865038924,0.0190096977751786));
#6040=CARTESIAN_POINT('',(-0.00496521169191682,-0.0321384865038924,0.0186282070775858));
#6041=CARTESIAN_POINT('',(-0.00481893746375029,-0.0321384865038924,0.0188901304445738));
#6042=CARTESIAN_POINT('',(-0.00552320092497484,-0.0323088424066703,0.0189398228197375));
#6043=CARTESIAN_POINT('',(-0.00552320092497484,-0.0323088424066703,0.0189398228197375));
#6044=CARTESIAN_POINT('',(-0.00552320092497484,-0.0323088424066703,0.0189398228197375));
#6045=CARTESIAN_POINT('',(-0.00528636338972101,-0.0321384865038924,0.0188075580734932));
#6046=CARTESIAN_POINT('',(-0.00496521169191682,-0.0321384865038924,0.0186282070775858));
#6047=CARTESIAN_POINT('',(-0.00502262981863416,-0.0332345546834594,0.0186602729152581));
#6048=CARTESIAN_POINT('',(-0.00502262981863427,-0.0332345546834594,0.0186602729152579));
#6049=CARTESIAN_POINT('',(0.0100975509206245,-0.034,0.0102162276480956));
#6050=CARTESIAN_POINT('',(-0.00475524452748392,-0.0296506582621569,0.0185109484104003));
#6051=CARTESIAN_POINT('',(-0.00600256009632859,-0.029666698309448,0.019207526666136));
#6052=CARTESIAN_POINT('',(-0.00600256009632859,-0.029666698309448,0.019207526666136));
#6053=CARTESIAN_POINT('',(-0.0047552445274839,-0.0296506582621569,0.0185109484104003));
#6054=CARTESIAN_POINT('',(-0.0058813798046893,-0.029037856683575,0.0191398523733366));
#6055=CARTESIAN_POINT('',(-0.00588129927827863,-0.0290379005663925,0.0191398071160589));
#6056=CARTESIAN_POINT('',(-0.00585382612418918,-0.030301463934448,0.0191244644054945));
#6057=CARTESIAN_POINT('',(-0.00570755189602263,-0.030301463934448,0.0193863877724825));
#6058=CARTESIAN_POINT('',(-0.00595298210561545,-0.0301184488881517,0.0191798392459222));
#6059=CARTESIAN_POINT('',(-0.00580670787744891,-0.0301184488881517,0.0194417626129101));
#6060=CARTESIAN_POINT('',(-0.00600256009632859,-0.0299068603464851,0.019207526666136));
#6061=CARTESIAN_POINT('',(-0.00585628586816204,-0.0299068603464851,0.0194694500331239));
#6062=CARTESIAN_POINT('',(-0.00600256009632859,-0.029666698309448,0.019207526666136));
#6063=CARTESIAN_POINT('',(-0.00585628586816204,-0.029666698309448,0.0194694500331239));
#6064=CARTESIAN_POINT('',(-0.00585382612418918,-0.030301463934448,0.0191244644054945));
#6065=CARTESIAN_POINT('',(-0.00585382612418918,-0.030301463934448,0.0191244644054945));
#6066=CARTESIAN_POINT('',(-0.00585382612418918,-0.030301463934448,0.0191244644054945));
#6067=CARTESIAN_POINT('',(-0.00600256009632859,-0.0300269413650036,0.019207526666136));
#6068=CARTESIAN_POINT('',(-0.00600256009632859,-0.029666698309448,0.019207526666136));
#6069=CARTESIAN_POINT('',(-0.00493813992083805,-0.0296354499048143,0.0186130885241505));
#6070=CARTESIAN_POINT('',(-0.00543225531143737,-0.0307430871983369,0.0188890331571797));
#6071=CARTESIAN_POINT('',(-0.00543208945172935,-0.0307427156709853,0.0188889408171909));
#6072=CARTESIAN_POINT('',(-0.00493813992083786,-0.0296354499048143,0.0186130885241509));
#6073=CARTESIAN_POINT('',(-0.00645065671302883,-0.0307430871983369,0.0194577715660303));
#6074=CARTESIAN_POINT('',(-0.0074690581146203,-0.0307430871983369,0.0200265099748809));
#6075=CARTESIAN_POINT('',(-0.0074690581146203,-0.0307430871983369,0.0200265099748809));
#6076=CARTESIAN_POINT('',(-0.00645065671302883,-0.0307430871983369,0.0194577715660303));
#6077=CARTESIAN_POINT('',(-0.0074690581146203,-0.0309790898025036,0.0200265099748809));
#6078=CARTESIAN_POINT('',(-0.0074690581146203,-0.0312150924066703,0.0200265099748809));
#6079=CARTESIAN_POINT('',(-0.0074690581146203,-0.0312150924066703,0.0200265099748809));
#6080=CARTESIAN_POINT('',(-0.0074690581146203,-0.0309790898025036,0.0200265099748809));
#6081=CARTESIAN_POINT('',(-0.00526836373704172,-0.0312150924066703,0.0187975059527786));
#6082=CARTESIAN_POINT('',(-0.00306766935946314,-0.0312150924066703,0.0175685019306763));
#6083=CARTESIAN_POINT('',(-0.00306766935946314,-0.0312150924066703,0.0175685019306763));
#6084=CARTESIAN_POINT('',(-0.00526836373704172,-0.0312150924066703,0.0187975059527786));
#6085=CARTESIAN_POINT('',(-0.00306766935946314,-0.0309790898025036,0.0175685019306763));
#6086=CARTESIAN_POINT('',(-0.00306766935946314,-0.0307430871983369,0.0175685019306763));
#6087=CARTESIAN_POINT('',(-0.00306766935946314,-0.0307430871983369,0.0175685019306763));
#6088=CARTESIAN_POINT('',(-0.00306766935946314,-0.0309790898025036,0.0175685019306763));
#6089=CARTESIAN_POINT('',(-0.00377723461508361,-0.0307430871983369,0.0179647671104243));
#6090=CARTESIAN_POINT('',(-0.00448679987070408,-0.0307430871983369,0.0183610322901723));
#6091=CARTESIAN_POINT('',(-0.00448679987070408,-0.0307430871983369,0.0183610322901723));
#6092=CARTESIAN_POINT('',(-0.00377723461508361,-0.0307430871983369,0.0179647671104243));
#6093=CARTESIAN_POINT('',(-0.00531715226930401,-0.0304929786913925,0.0188247524905049));
#6094=CARTESIAN_POINT('',(-0.00517087804113747,-0.0304929786913925,0.0190866758574928));
#6095=CARTESIAN_POINT('',(-0.00511094572194301,-0.0306597176960221,0.0187095939847748));
#6096=CARTESIAN_POINT('',(-0.00496467149377647,-0.0306597176960221,0.0189715173517628));
#6097=CARTESIAN_POINT('',(-0.00483416158907637,-0.0307430871983369,0.018555020584664));
#6098=CARTESIAN_POINT('',(-0.00468788736090982,-0.0307430871983369,0.0188169439516519));
#6099=CARTESIAN_POINT('',(-0.00448679987070408,-0.0307430871983369,0.0183610322901723));
#6100=CARTESIAN_POINT('',(-0.00434052564253753,-0.0307430871983369,0.0186229556571602));
#6101=CARTESIAN_POINT('',(-0.00531715226930401,-0.0304929786913925,0.0188247524905049));
#6102=CARTESIAN_POINT('',(-0.00531715226930401,-0.0304929786913925,0.0188247524905049));
#6103=CARTESIAN_POINT('',(-0.00531715226930401,-0.0304929786913925,0.0188247524905049));
#6104=CARTESIAN_POINT('',(-0.00500784244826251,-0.0307430871983369,0.0186520147319098));
#6105=CARTESIAN_POINT('',(-0.00448679987070408,-0.0307430871983369,0.0183610322901723));
#6106=CARTESIAN_POINT('',(-0.00562646209034551,-0.0297426531705591,0.0189974902491));
#6107=CARTESIAN_POINT('',(-0.00548018786217897,-0.0297426531705591,0.0192594136160879));
#6108=CARTESIAN_POINT('',(-0.00562646209034551,-0.0300761311798184,0.0189974902491));
#6109=CARTESIAN_POINT('',(-0.00548018786217897,-0.0300761311798184,0.0192594136160879));
#6110=CARTESIAN_POINT('',(-0.00552335881666501,-0.0303262396867628,0.018939910996235));
#6111=CARTESIAN_POINT('',(-0.00537708458849847,-0.0303262396867628,0.0192018343632229));
#6112=CARTESIAN_POINT('',(-0.00531715226930401,-0.0304929786913925,0.0188247524905049));
#6113=CARTESIAN_POINT('',(-0.00517087804113747,-0.0304929786913925,0.0190866758574928));
#6114=CARTESIAN_POINT('',(-0.00562646209034551,-0.0297426531705591,0.0189974902491));
#6115=CARTESIAN_POINT('',(-0.00562646209034551,-0.0297426531705591,0.0189974902491));
#6116=CARTESIAN_POINT('',(-0.00562646209034551,-0.0297426531705591,0.0189974902491));
#6117=CARTESIAN_POINT('',(-0.00562646209034551,-0.030242870184448,0.0189974902491));
#6118=CARTESIAN_POINT('',(-0.00531715226930401,-0.0304929786913925,0.0188247524905049));
#6119=CARTESIAN_POINT('',(-0.00478332046484188,-0.0288811080316702,0.0185266277524702));
#6120=CARTESIAN_POINT('',(-0.00463704623667536,-0.0288811080316702,0.0187885511194581));
#6121=CARTESIAN_POINT('',(-0.0053454148818443,-0.0288811080316702,0.0188405360835567));
#6122=CARTESIAN_POINT('',(-0.00519914065367778,-0.0288811080316702,0.0191024594505446));
#6123=CARTESIAN_POINT('',(-0.00562646209034551,-0.0291682897446332,0.0189974902491));
#6124=CARTESIAN_POINT('',(-0.00548018786217899,-0.0291682897446332,0.0192594136160879));
#6125=CARTESIAN_POINT('',(-0.00562646209034551,-0.0297426531705591,0.0189974902491));
#6126=CARTESIAN_POINT('',(-0.00548018786217899,-0.0297426531705591,0.0192594136160879));
#6127=CARTESIAN_POINT('',(-0.00478332046484188,-0.0288811080316702,0.0185266277524702));
#6128=CARTESIAN_POINT('',(-0.00478332046484188,-0.0288811080316702,0.0185266277524702));
#6129=CARTESIAN_POINT('',(-0.00478332046484188,-0.0288811080316702,0.0185266277524702));
#6130=CARTESIAN_POINT('',(-0.00562646209034551,-0.0288811080316702,0.0189974902491));
#6131=CARTESIAN_POINT('',(-0.00562646209034551,-0.0297426531705591,0.0189974902491));
#6132=CARTESIAN_POINT('',(-0.0039254949121525,-0.0288811080316702,0.0180475648415732));
#6133=CARTESIAN_POINT('',(-0.00306766935946314,-0.0288811080316702,0.0175685019306763));
#6134=CARTESIAN_POINT('',(-0.00306766935946314,-0.0288811080316702,0.0175685019306763));
#6135=CARTESIAN_POINT('',(-0.0039254949121525,-0.0288811080316702,0.0180475648415732));
#6136=CARTESIAN_POINT('',(-0.00306766935946314,-0.0286451054275036,0.0175685019306763));
#6137=CARTESIAN_POINT('',(-0.00306766935946314,-0.0284091028233369,0.0175685019306763));
#6138=CARTESIAN_POINT('',(-0.00306766935946314,-0.0284091028233369,0.0175685019306763));
#6139=CARTESIAN_POINT('',(-0.00306766935946314,-0.0286451054275036,0.0175685019306763));
#6140=CARTESIAN_POINT('',(-0.00401644052568998,-0.0284091028233369,0.018098354504131));
#6141=CARTESIAN_POINT('',(-0.00496521169191682,-0.0284091028233369,0.0186282070775858));
#6142=CARTESIAN_POINT('',(-0.00496521169191682,-0.0284091028233369,0.0186282070775858));
#6143=CARTESIAN_POINT('',(-0.00401644052568998,-0.0284091028233369,0.018098354504131));
#6144=CARTESIAN_POINT('',(-0.00552320092497484,-0.0285794587261147,0.0189398228197375));
#6145=CARTESIAN_POINT('',(-0.00537692669680831,-0.0285794587261147,0.0192017461867254));
#6146=CARTESIAN_POINT('',(-0.00536530923480562,-0.0284658881242628,0.0188516463222413));
#6147=CARTESIAN_POINT('',(-0.0052190350066391,-0.0284658881242628,0.0191135696892292));
#6148=CARTESIAN_POINT('',(-0.00517931282378628,-0.0284091028233369,0.0187477744081907));
#6149=CARTESIAN_POINT('',(-0.00503303859561976,-0.0284091028233369,0.0190096977751786));
#6150=CARTESIAN_POINT('',(-0.00496521169191682,-0.0284091028233369,0.0186282070775858));
#6151=CARTESIAN_POINT('',(-0.00481893746375029,-0.0284091028233369,0.0188901304445738));
#6152=CARTESIAN_POINT('',(-0.00552320092497484,-0.0285794587261147,0.0189398228197375));
#6153=CARTESIAN_POINT('',(-0.00552320092497484,-0.0285794587261147,0.0189398228197375));
#6154=CARTESIAN_POINT('',(-0.00552320092497484,-0.0285794587261147,0.0189398228197375));
#6155=CARTESIAN_POINT('',(-0.00528636338972101,-0.0284091028233369,0.0188075580734932));
#6156=CARTESIAN_POINT('',(-0.00496521169191682,-0.0284091028233369,0.0186282070775858));
#6157=CARTESIAN_POINT('',(-0.00502262981887437,-0.0295051710026858,0.0186602729153923));
#6158=CARTESIAN_POINT('',(-0.00502262981887447,-0.0295051710026858,0.0186602729153921));
#6159=CARTESIAN_POINT('',(0.0100975509206245,-0.034,0.0102162276480956));
#6160=CARTESIAN_POINT('',(-0.0042846603768705,-0.0260834881902695,0.018248145078991));
#6161=CARTESIAN_POINT('',(-0.00413838614870396,-0.0260834881902695,0.0185100684459789));
#6162=CARTESIAN_POINT('',(-0.00320024153059121,-0.0261033242843059,0.0179861503950577));
#6163=CARTESIAN_POINT('',(-0.00334563972368166,-0.0255096746590881,0.0180673497501045));
#6164=CARTESIAN_POINT('',(-0.00334619030092164,-0.0261033302538924,0.0177240452722596));
#6165=CARTESIAN_POINT('',(-0.00334651575875773,-0.0261033242843059,0.0177242270280698));
#6166=CARTESIAN_POINT('',(-0.00428466037687049,-0.0260834881902695,0.018248145078991));
#6167=CARTESIAN_POINT('',(-0.00349191386009146,-0.0255096754021153,0.017805426331874));
#6168=CARTESIAN_POINT('',(-0.00349208222263799,-0.0255097972677813,0.0178055203559461));
#6169=CARTESIAN_POINT('',(-0.00425830334149367,-0.0261214341200581,0.0182334256782333));
#6170=CARTESIAN_POINT('',(-0.00411202911332713,-0.0261214341200581,0.0184953490452212));
#6171=CARTESIAN_POINT('',(-0.00334562513587698,-0.0266866913888831,0.018067341603371));
#6172=CARTESIAN_POINT('',(-0.003492082222638,-0.0266865550802814,0.0178055203559461));
#6173=CARTESIAN_POINT('',(-0.00349189936404351,-0.0266866913888831,0.0178054182363831));
#6174=CARTESIAN_POINT('',(-0.00425830334149365,-0.0261214341200581,0.0182334256782333));
#6175=CARTESIAN_POINT('',(-0.0043188551232456,-0.0260584743003112,0.0182672415429333));
#6176=CARTESIAN_POINT('',(-0.00417258089507903,-0.0260584743003112,0.0185291649099213));
#6177=CARTESIAN_POINT('',(-0.00375222120496704,-0.0270891158441703,0.0182944100274893));
#6178=CARTESIAN_POINT('',(-0.00389849543313357,-0.0270891158441703,0.0180324866605013));
#6179=CARTESIAN_POINT('',(-0.00389849543313357,-0.0270891158441703,0.0180324866605013));
#6180=CARTESIAN_POINT('',(-0.00431885512324556,-0.0260584743003112,0.0182672415429334));
#6181=CARTESIAN_POINT('',(-0.00449248397155017,-0.027235057684448,0.0183642066440821));
#6182=CARTESIAN_POINT('',(-0.00434620974338362,-0.027235057684448,0.0186261300110701));
#6183=CARTESIAN_POINT('',(-0.00427017247179191,-0.027235057684448,0.0182400541356075));
#6184=CARTESIAN_POINT('',(-0.00412389824362536,-0.027235057684448,0.0185019775025954));
#6185=CARTESIAN_POINT('',(-0.00407217629231971,-0.0271864104043554,0.0181294808077472));
#6186=CARTESIAN_POINT('',(-0.00392590206415316,-0.0271864104043554,0.0183914041747352));
#6187=CARTESIAN_POINT('',(-0.00389849543313357,-0.0270891158441703,0.0180324866605013));
#6188=CARTESIAN_POINT('',(-0.00375222120496702,-0.0270891158441703,0.0182944100274893));
#6189=CARTESIAN_POINT('',(-0.00434620974338364,-0.027235057684448,0.01862613001107));
#6190=CARTESIAN_POINT('',(-0.00401274249374625,-0.027235057684448,0.0184399012483581));
#6191=CARTESIAN_POINT('',(-0.00375222120496704,-0.0270891158441703,0.0182944100274893));
#6192=CARTESIAN_POINT('',(-0.00434620974338364,-0.027235057684448,0.01862613001107));
#6193=CARTESIAN_POINT('',(-0.00449248397155017,-0.027235057684448,0.0183642066440821));
#6194=CARTESIAN_POINT('',(-0.00449248397155017,-0.027235057684448,0.0183642066440821));
#6195=CARTESIAN_POINT('',(-0.00449248397155017,-0.027235057684448,0.0183642066440821));
#6196=CARTESIAN_POINT('',(-0.00415901672191278,-0.027235057684448,0.0181779778813702));
#6197=CARTESIAN_POINT('',(-0.00389849543313357,-0.0270891158441703,0.0180324866605013));
#6198=CARTESIAN_POINT('',(-0.0045185333786996,-0.0257396917804451,0.0183787542461875));
#6199=CARTESIAN_POINT('',(-0.00437225915053315,-0.0257396917804451,0.0186406776131752));
#6200=CARTESIAN_POINT('',(-0.00493170823102435,-0.0270892024434286,0.0189531086245371));
#6201=CARTESIAN_POINT('',(-0.00507794635869764,-0.0270891158441703,0.0186911650967981));
#6202=CARTESIAN_POINT('',(-0.00507798245919088,-0.0270892024434286,0.0186911852575492));
#6203=CARTESIAN_POINT('',(-0.00451853337869967,-0.0257396917804451,0.0183787542461873));
#6204=CARTESIAN_POINT('',(-0.004652381978934,-0.0260609219430247,0.018453503593356));
#6205=CARTESIAN_POINT('',(-0.00450610775076765,-0.0260609219430247,0.0187154269603436));
#6206=CARTESIAN_POINT('',(-0.0053349284208537,-0.0266866743300807,0.0191782917486192));
#6207=CARTESIAN_POINT('',(-0.00548104384369966,-0.0266865550802814,0.018916279694906));
#6208=CARTESIAN_POINT('',(-0.00548120264902022,-0.0266866743300807,0.0189163683816313));
#6209=CARTESIAN_POINT('',(-0.00465238197893417,-0.0260609219430247,0.0184535035933556));
#6210=CARTESIAN_POINT('',(-0.00471214728394335,-0.0261215568828511,0.0184868802407388));
#6211=CARTESIAN_POINT('',(-0.00456587305577686,-0.0261215568828511,0.0187488036077267));
#6212=CARTESIAN_POINT('',(-0.00547986037264069,-0.026103335304288,0.0192592307256494));
#6213=CARTESIAN_POINT('',(-0.00562646209034551,-0.0261033302538924,0.0189974902491));
#6214=CARTESIAN_POINT('',(-0.00562613460080724,-0.026103335304288,0.0189973073586615));
#6215=CARTESIAN_POINT('',(-0.0047121472839434,-0.0261215568828511,0.0184868802407388));
#6216=CARTESIAN_POINT('',(-0.00468570235476481,-0.0260833682126331,0.0184721117546393));
#6217=CARTESIAN_POINT('',(-0.00453942812659831,-0.0260833682126331,0.0187340351216272));
#6218=CARTESIAN_POINT('',(-0.00533494066130081,-0.025509673528478,0.0191782985844429));
#6219=CARTESIAN_POINT('',(-0.00548104384369966,-0.0255097972677813,0.018916279694906));
#6220=CARTESIAN_POINT('',(-0.00548121488946734,-0.025509673528478,0.018916375217455));
#6221=CARTESIAN_POINT('',(-0.00468570235476485,-0.0260833682126331,0.0184721117546392));
#6222=CARTESIAN_POINT('',(-0.00465968634679309,-0.0261208183936451,0.0184575828047034));
#6223=CARTESIAN_POINT('',(-0.00451341211862664,-0.0261208183936451,0.0187195061716912));
#6224=CARTESIAN_POINT('',(-0.00492836895349397,-0.0251034109956719,0.0189512437651738));
#6225=CARTESIAN_POINT('',(-0.00507463063320408,-0.0251034387608369,0.0186893133903507));
#6226=CARTESIAN_POINT('',(-0.00507464318166051,-0.0251034109956719,0.0186893203981858));
#6227=CARTESIAN_POINT('',(-0.00465968634679318,-0.0261208183936451,0.0184575828047032));
#6228=CARTESIAN_POINT('',(-0.00451077957740936,-0.0264739481950027,0.01837442404338));
#6229=CARTESIAN_POINT('',(-0.00436450534924294,-0.0264739481950027,0.0186363474103678));
#6230=CARTESIAN_POINT('',(-0.00434053220810213,-0.0249579571994707,0.018622959323778));
#6231=CARTESIAN_POINT('',(-0.00448679987070408,-0.0249574969205592,0.0183610322901723));
#6232=CARTESIAN_POINT('',(-0.00448680501460688,-0.024957957509358,0.0183610351628462));
#6233=CARTESIAN_POINT('',(-0.00451077957740947,-0.0264739481950027,0.0183744240433798));
#6234=CARTESIAN_POINT('',(-0.00446209977312669,-0.0264732020533273,0.0183472382260899));
#6235=CARTESIAN_POINT('',(-0.00431582554495995,-0.0264732020533273,0.0186091615930782));
#6236=CARTESIAN_POINT('',(-0.00375219862189677,-0.0251033856081681,0.0182943974157044));
#6237=CARTESIAN_POINT('',(-0.00389849543313357,-0.0251034387608369,0.0180324866605013));
#6238=CARTESIAN_POINT('',(-0.00389847285006331,-0.0251033856081681,0.0180324740487164));
#6239=CARTESIAN_POINT('',(-0.00446209977312649,-0.0264732020533273,0.0183472382260903));
#6240=CARTESIAN_POINT('',(-0.00297103964507957,-0.0260892243511147,0.0175145379142085));
#6241=CARTESIAN_POINT('',(-0.00282476541691302,-0.0260892243511147,0.0177764612811965));
#6242=CARTESIAN_POINT('',(-0.00297103964507957,-0.0263995542122258,0.0175145379142085));
#6243=CARTESIAN_POINT('',(-0.00282476541691302,-0.0263995542122258,0.0177764612811965));
#6244=CARTESIAN_POINT('',(-0.00303561734635878,-0.0266773319900036,0.0175506021016845));
#6245=CARTESIAN_POINT('',(-0.00288934311819224,-0.0266773319900036,0.0178125254686725));
#6246=CARTESIAN_POINT('',(-0.0031647727489172,-0.026922557684448,0.0176227304766364));
#6247=CARTESIAN_POINT('',(-0.00301849852075066,-0.026922557684448,0.0178846538436244));
#6248=CARTESIAN_POINT('',(-0.00297103964507957,-0.0260892243511147,0.0175145379142085));
#6249=CARTESIAN_POINT('',(-0.00297103964507957,-0.0260892243511147,0.0175145379142085));
#6250=CARTESIAN_POINT('',(-0.00297103964507957,-0.0260892243511147,0.0175145379142085));
#6251=CARTESIAN_POINT('',(-0.00297103964507957,-0.0265547191427814,0.0175145379142085));
#6252=CARTESIAN_POINT('',(-0.0031647727489172,-0.026922557684448,0.0176227304766364));
#6253=CARTESIAN_POINT('',(-0.0031647727489172,-0.026922557684448,0.0176227304766364));
#6254=CARTESIAN_POINT('',(-0.0031647727489172,-0.026922557684448,0.0176227304766364));
#6255=CARTESIAN_POINT('',(-0.0031647727489172,-0.0252591462261147,0.0176227304766364));
#6256=CARTESIAN_POINT('',(-0.00301849852075066,-0.0252591462261147,0.0178846538436244));
#6257=CARTESIAN_POINT('',(-0.00303561734635878,-0.0255022017816702,0.0175506021016845));
#6258=CARTESIAN_POINT('',(-0.00288934311819224,-0.0255022017816702,0.0178125254686725));
#6259=CARTESIAN_POINT('',(-0.00297103964507957,-0.0257788944900036,0.0175145379142085));
#6260=CARTESIAN_POINT('',(-0.00282476541691302,-0.0257788944900036,0.0177764612811965));
#6261=CARTESIAN_POINT('',(-0.00297103964507957,-0.0260892243511147,0.0175145379142085));
#6262=CARTESIAN_POINT('',(-0.00282476541691302,-0.0260892243511147,0.0177764612811965));
#6263=CARTESIAN_POINT('',(-0.0031647727489172,-0.0252591462261147,0.0176227304766364));
#6264=CARTESIAN_POINT('',(-0.0031647727489172,-0.0252591462261147,0.0176227304766364));
#6265=CARTESIAN_POINT('',(-0.0031647727489172,-0.0252591462261147,0.0176227304766364));
#6266=CARTESIAN_POINT('',(-0.00297103964507957,-0.025623729559448,0.0175145379142085));
#6267=CARTESIAN_POINT('',(-0.00297103964507957,-0.0260892243511147,0.0175145379142085));
#6268=CARTESIAN_POINT('',(-0.00430057142304095,-0.0260540937843353,0.0182570307924905));
#6269=CARTESIAN_POINT('',(-0.00370428865422543,-0.0246900273025036,0.017924029568581));
#6270=CARTESIAN_POINT('',(-0.00370428865422543,-0.0246900273025036,0.017924029568581));
#6271=CARTESIAN_POINT('',(-0.00430057142304092,-0.0260540937843353,0.0182570307924906));
#6272=CARTESIAN_POINT('',(-0.00448679987070408,-0.0244854917122258,0.0183610322901723));
#6273=CARTESIAN_POINT('',(-0.00434052564253756,-0.0244854917122258,0.0186229556571602));
#6274=CARTESIAN_POINT('',(-0.00419564759403204,-0.0244854917122258,0.0181984348287893));
#6275=CARTESIAN_POINT('',(-0.00404937336586552,-0.0244854917122258,0.0184603581957772));
#6276=CARTESIAN_POINT('',(-0.00393481052187249,-0.0245536702423184,0.0180527672549255));
#6277=CARTESIAN_POINT('',(-0.00378853629370597,-0.0245536702423184,0.0183146906219134));
#6278=CARTESIAN_POINT('',(-0.00370428865422543,-0.0246900273025036,0.017924029568581));
#6279=CARTESIAN_POINT('',(-0.00355801442605891,-0.0246900273025036,0.0181859529355689));
#6280=CARTESIAN_POINT('',(-0.00448679987070408,-0.0244854917122258,0.0183610322901723));
#6281=CARTESIAN_POINT('',(-0.00448679987070408,-0.0244854917122258,0.0183610322901723));
#6282=CARTESIAN_POINT('',(-0.00448679987070408,-0.0244854917122258,0.0183610322901723));
#6283=CARTESIAN_POINT('',(-0.00405007145569602,-0.0244854917122258,0.0181171360980978));
#6284=CARTESIAN_POINT('',(-0.00370428865422543,-0.0246900273025036,0.017924029568581));
#6285=CARTESIAN_POINT('',(-0.00526836373704172,-0.0246938250455591,0.0187975059527786));
#6286=CARTESIAN_POINT('',(-0.0051220895088752,-0.0246938250455591,0.0190594293197665));
#6287=CARTESIAN_POINT('',(-0.00503784186939466,-0.0245549361566702,0.0186687682664341));
#6288=CARTESIAN_POINT('',(-0.00489156764122814,-0.0245549361566702,0.018930691633422));
#6289=CARTESIAN_POINT('',(-0.00477732058061545,-0.0244854917122258,0.0185232770455653));
#6290=CARTESIAN_POINT('',(-0.00463104635244892,-0.0244854917122258,0.0187852004125532));
#6291=CARTESIAN_POINT('',(-0.00448679987070408,-0.0244854917122258,0.0183610322901723));
#6292=CARTESIAN_POINT('',(-0.00434052564253756,-0.0244854917122258,0.0186229556571602));
#6293=CARTESIAN_POINT('',(-0.00526836373704172,-0.0246938250455591,0.0187975059527786));
#6294=CARTESIAN_POINT('',(-0.00526836373704172,-0.0246938250455591,0.0187975059527786));
#6295=CARTESIAN_POINT('',(-0.00526836373704172,-0.0246938250455591,0.0187975059527786));
#6296=CARTESIAN_POINT('',(-0.00492258093557113,-0.0244854917122258,0.0186043994232618));
#6297=CARTESIAN_POINT('',(-0.00448679987070408,-0.0244854917122258,0.0183610322901723));
#6298=CARTESIAN_POINT('',(-0.00465327159839797,-0.0260723993667285,0.0184540004119555));
#6299=CARTESIAN_POINT('',(-0.00580835331742045,-0.0252699969205592,0.0190990695742156));
#6300=CARTESIAN_POINT('',(-0.00580835331742045,-0.0252699969205592,0.0190990695742156));
#6301=CARTESIAN_POINT('',(-0.00465327159839804,-0.0260723993667285,0.0184540004119554));
#6302=CARTESIAN_POINT('',(-0.00600256009632859,-0.0261033302538924,0.019207526666136));
#6303=CARTESIAN_POINT('',(-0.00585628586816207,-0.0261033302538924,0.0194694500331239));
#6304=CARTESIAN_POINT('',(-0.00600256009632859,-0.0257930003927814,0.019207526666136));
#6305=CARTESIAN_POINT('',(-0.00585628586816207,-0.0257930003927814,0.0194694500331239));
#6306=CARTESIAN_POINT('',(-0.00593782450335921,-0.0255152226150036,0.0191713743021626));
#6307=CARTESIAN_POINT('',(-0.00579155027519269,-0.0255152226150036,0.0194332976691504));
#6308=CARTESIAN_POINT('',(-0.00580835331742045,-0.0252699969205592,0.0190990695742156));
#6309=CARTESIAN_POINT('',(-0.00566207908925393,-0.0252699969205592,0.0193609929412035));
#6310=CARTESIAN_POINT('',(-0.00600256009632859,-0.0261033302538924,0.019207526666136));
#6311=CARTESIAN_POINT('',(-0.00600256009632859,-0.0261033302538924,0.019207526666136));
#6312=CARTESIAN_POINT('',(-0.00600256009632859,-0.0261033302538924,0.019207526666136));
#6313=CARTESIAN_POINT('',(-0.00600256009632859,-0.0256378354622258,0.019207526666136));
#6314=CARTESIAN_POINT('',(-0.00580835331742045,-0.0252699969205592,0.0190990695742156));
#6315=CARTESIAN_POINT('',(-0.00580835331742045,-0.0269334083788925,0.0190990695742156));
#6316=CARTESIAN_POINT('',(-0.00566207908925391,-0.0269334083788925,0.0193609929412036));
#6317=CARTESIAN_POINT('',(-0.00593782450335921,-0.0266903528233369,0.0191713743021626));
#6318=CARTESIAN_POINT('',(-0.00579155027519267,-0.0266903528233369,0.0194332976691505));
#6319=CARTESIAN_POINT('',(-0.00600256009632859,-0.0264136601150036,0.019207526666136));
#6320=CARTESIAN_POINT('',(-0.00585628586816205,-0.0264136601150036,0.0194694500331239));
#6321=CARTESIAN_POINT('',(-0.00600256009632859,-0.0261033302538924,0.019207526666136));
#6322=CARTESIAN_POINT('',(-0.00585628586816205,-0.0261033302538924,0.0194694500331239));
#6323=CARTESIAN_POINT('',(-0.00580835331742045,-0.0269334083788925,0.0190990695742156));
#6324=CARTESIAN_POINT('',(-0.00580835331742045,-0.0269334083788925,0.0190990695742156));
#6325=CARTESIAN_POINT('',(-0.00580835331742045,-0.0269334083788925,0.0190990695742156));
#6326=CARTESIAN_POINT('',(-0.00600256009632859,-0.0265688250455592,0.019207526666136));
#6327=CARTESIAN_POINT('',(-0.00600256009632859,-0.0261033302538924,0.019207526666136));
#6328=CARTESIAN_POINT('',(-0.00466515089528282,-0.0261336993633511,0.0184606345469811));
#6329=CARTESIAN_POINT('',(-0.00527167946253527,-0.0275025273025036,0.018799357659226));
#6330=CARTESIAN_POINT('',(-0.00527167946253527,-0.0275025273025036,0.018799357659226));
#6331=CARTESIAN_POINT('',(-0.00466515089528282,-0.0261336993633511,0.0184606345469811));
#6332=CARTESIAN_POINT('',(-0.00449248397155017,-0.0277070628927813,0.0183642066440821));
#6333=CARTESIAN_POINT('',(-0.00434620974338365,-0.0277070628927813,0.0186261300110701));
#6334=CARTESIAN_POINT('',(-0.00478363624822221,-0.0277070628927813,0.0185268041054652));
#6335=CARTESIAN_POINT('',(-0.00463736202005569,-0.0277070628927813,0.0187887274724531));
#6336=CARTESIAN_POINT('',(-0.00504336807855058,-0.0276388843626888,0.0186718544438465));
#6337=CARTESIAN_POINT('',(-0.00489709385038405,-0.0276388843626888,0.0189337778108344));
#6338=CARTESIAN_POINT('',(-0.00527167946253527,-0.0275025273025036,0.018799357659226));
#6339=CARTESIAN_POINT('',(-0.00512540523436875,-0.0275025273025036,0.0190612810262139));
#6340=CARTESIAN_POINT('',(-0.00449248397155017,-0.0277070628927813,0.0183642066440821));
#6341=CARTESIAN_POINT('',(-0.00449248397155017,-0.0277070628927813,0.0183642066440821));
#6342=CARTESIAN_POINT('',(-0.00449248397155017,-0.0277070628927813,0.0183642066440821));
#6343=CARTESIAN_POINT('',(-0.00492921238655823,-0.0277070628927813,0.0186081028361567));
#6344=CARTESIAN_POINT('',(-0.00527167946253527,-0.0275025273025036,0.018799357659226));
#6345=CARTESIAN_POINT('',(-0.00370713070464848,-0.027498729559448,0.017925616745536));
#6346=CARTESIAN_POINT('',(-0.00356085647648195,-0.027498729559448,0.0181875401125239));
#6347=CARTESIAN_POINT('',(-0.00393954727257757,-0.0276376184483369,0.0180554125498504));
#6348=CARTESIAN_POINT('',(-0.00379327304441104,-0.0276376184483369,0.0183173359168383));
#6349=CARTESIAN_POINT('',(-0.00420133169487813,-0.0277070628927813,0.0182016091826991));
#6350=CARTESIAN_POINT('',(-0.0040550574667116,-0.0277070628927813,0.018463532549687));
#6351=CARTESIAN_POINT('',(-0.00449248397155017,-0.0277070628927813,0.0183642066440821));
#6352=CARTESIAN_POINT('',(-0.00434620974338364,-0.0277070628927813,0.0186261300110701));
#6353=CARTESIAN_POINT('',(-0.00370713070464848,-0.027498729559448,0.017925616745536));
#6354=CARTESIAN_POINT('',(-0.00370713070464848,-0.027498729559448,0.017925616745536));
#6355=CARTESIAN_POINT('',(-0.00370713070464848,-0.027498729559448,0.017925616745536));
#6356=CARTESIAN_POINT('',(-0.00405575555654211,-0.0277070628927813,0.0181203104520076));
#6357=CARTESIAN_POINT('',(-0.00449248397155017,-0.0277070628927813,0.0183642066440821));
#6358=CARTESIAN_POINT('',(-0.00431315438185022,-0.026124702076553,0.0182640578959104));
#6359=CARTESIAN_POINT('',(-0.00431315438185023,-0.026124702076553,0.0182640578959104));
#6360=CARTESIAN_POINT('',(-0.00431614426152306,-0.0261242614684187,0.0182657276298729));
#6361=CARTESIAN_POINT('',(-0.00416987003335651,-0.0261242614684187,0.0185276509968609));
#6362=CARTESIAN_POINT('',(-0.00431614426152304,-0.0261242614684187,0.0182657276298729));
#6363=CARTESIAN_POINT('',(0.0100975509206245,-0.034,0.0102162276480956));
#6364=CARTESIAN_POINT('',(-0.00508908178113713,-0.0222173016215948,0.0186973838062686));
#6365=CARTESIAN_POINT('',(-0.00600256009632859,-0.0222220368511147,0.019207526666136));
#6366=CARTESIAN_POINT('',(-0.00600235402203666,-0.0222220387900671,0.0192074115814899));
#6367=CARTESIAN_POINT('',(-0.00508908178113742,-0.0222173016215948,0.0186973838062681));
#6368=CARTESIAN_POINT('',(-0.0059599977132493,-0.0219019413650036,0.0191837571956781));
#6369=CARTESIAN_POINT('',(-0.00595999771324929,-0.0219019413650036,0.0191837571956781));
#6370=CARTESIAN_POINT('',(-0.00503893510953362,-0.0222359891386039,0.0186693787994286));
#6371=CARTESIAN_POINT('',(-0.00582635297009974,-0.0228714509136147,0.0191091216949303));
#6372=CARTESIAN_POINT('',(-0.00582635297009974,-0.0228714509136147,0.0191091216949303));
#6373=CARTESIAN_POINT('',(-0.00503893510953368,-0.0222359891386039,0.0186693787994285));
#6374=CARTESIAN_POINT('',(-0.00533562559705381,-0.0233472538650036,0.018835069140712));
#6375=CARTESIAN_POINT('',(-0.00518935136888727,-0.0233472538650036,0.0190969925076999));
#6376=CARTESIAN_POINT('',(-0.00554530576159853,-0.0232221091890777,0.018952167529387));
#6377=CARTESIAN_POINT('',(-0.00539903153343199,-0.0232221091890777,0.0192140908963749));
#6378=CARTESIAN_POINT('',(-0.00570888155261384,-0.0230635082052814,0.0190435183807931));
#6379=CARTESIAN_POINT('',(-0.0055626073244473,-0.0230635082052814,0.019305441747781));
#6380=CARTESIAN_POINT('',(-0.00582635297009974,-0.0228714509136147,0.0191091216949303));
#6381=CARTESIAN_POINT('',(-0.0056800787419332,-0.0228714509136147,0.0193710450619182));
#6382=CARTESIAN_POINT('',(-0.00533562559705381,-0.0233472538650036,0.018835069140712));
#6383=CARTESIAN_POINT('',(-0.00533562559705381,-0.0233472538650036,0.018835069140712));
#6384=CARTESIAN_POINT('',(-0.00533562559705381,-0.0233472538650036,0.018835069140712));
#6385=CARTESIAN_POINT('',(-0.00565014584387089,-0.0231595368511147,0.0190107167237245));
#6386=CARTESIAN_POINT('',(-0.00582635297009974,-0.0228714509136147,0.0191091216949303));
#6387=CARTESIAN_POINT('',(-0.00562030431442891,-0.0233472538650036,0.0189940513656977));
#6388=CARTESIAN_POINT('',(-0.00590498303180401,-0.0233472538650036,0.0191530335906833));
#6389=CARTESIAN_POINT('',(-0.00590498303180401,-0.0233472538650036,0.0191530335906833));
#6390=CARTESIAN_POINT('',(-0.00562030431442891,-0.0233472538650036,0.0189940513656977));
#6391=CARTESIAN_POINT('',(-0.00590498303180401,-0.0235832564691702,0.0191530335906833));
#6392=CARTESIAN_POINT('',(-0.00590498303180401,-0.0238192590733369,0.0191530335906833));
#6393=CARTESIAN_POINT('',(-0.00590498303180401,-0.0238192590733369,0.0191530335906833));
#6394=CARTESIAN_POINT('',(-0.00590498303180401,-0.0235832564691702,0.0191530335906833));
#6395=CARTESIAN_POINT('',(-0.00448632619563357,-0.0238192590733369,0.0183607677606798));
#6396=CARTESIAN_POINT('',(-0.00306766935946314,-0.0238192590733369,0.0175685019306763));
#6397=CARTESIAN_POINT('',(-0.00306766935946314,-0.0238192590733369,0.0175685019306763));
#6398=CARTESIAN_POINT('',(-0.00448632619563357,-0.0238192590733369,0.0183607677606798));
#6399=CARTESIAN_POINT('',(-0.00306766935946314,-0.0235832564691702,0.0175685019306763));
#6400=CARTESIAN_POINT('',(-0.00306766935946314,-0.0233472538650036,0.0175685019306763));
#6401=CARTESIAN_POINT('',(-0.00306766935946314,-0.0233472538650036,0.0175685019306763));
#6402=CARTESIAN_POINT('',(-0.00306766935946314,-0.0235832564691702,0.0175685019306763));
#6403=CARTESIAN_POINT('',(-0.00374691941057112,-0.0233472538650036,0.017947837222905));
#6404=CARTESIAN_POINT('',(-0.0044261694616791,-0.0233472538650036,0.0183271725151338));
#6405=CARTESIAN_POINT('',(-0.0044261694616791,-0.0233472538650036,0.0183271725151338));
#6406=CARTESIAN_POINT('',(-0.00374691941057112,-0.0233472538650036,0.017947837222905));
#6407=CARTESIAN_POINT('',(-0.00507747268362713,-0.0231910038650036,0.0186909005673057));
#6408=CARTESIAN_POINT('',(-0.0049311984554606,-0.0231910038650036,0.0189528239342936));
#6409=CARTESIAN_POINT('',(-0.00489337097288982,-0.0232951705316703,0.018588086771225));
#6410=CARTESIAN_POINT('',(-0.00474709674472329,-0.0232951705316703,0.018850010138213));
#6411=CARTESIAN_POINT('',(-0.00467626989890715,-0.0233472538650036,0.0184668440871678));
#6412=CARTESIAN_POINT('',(-0.00452999567074062,-0.0233472538650036,0.0187287674541557));
#6413=CARTESIAN_POINT('',(-0.0044261694616791,-0.0233472538650036,0.0183271725151338));
#6414=CARTESIAN_POINT('',(-0.00427989523351257,-0.0233472538650036,0.0185890958821217));
#6415=CARTESIAN_POINT('',(-0.00507747268362713,-0.0231910038650036,0.0186909005673057));
#6416=CARTESIAN_POINT('',(-0.00507747268362713,-0.0231910038650036,0.0186909005673057));
#6417=CARTESIAN_POINT('',(-0.00507747268362713,-0.0231910038650036,0.0186909005673057));
#6418=CARTESIAN_POINT('',(-0.00480132011752117,-0.0233472538650036,0.0185366798731848));
#6419=CARTESIAN_POINT('',(-0.0044261694616791,-0.0233472538650036,0.0183271725151338));
#6420=CARTESIAN_POINT('',(-0.00549904349637895,-0.0227775924066703,0.0189263318156205));
#6421=CARTESIAN_POINT('',(-0.0053527692682124,-0.0227775924066703,0.0191882551826085));
#6422=CARTESIAN_POINT('',(-0.00540209799861505,-0.0229490333788925,0.0188721914461579));
#6423=CARTESIAN_POINT('',(-0.0052558237704485,-0.0229490333788925,0.0191341148131458));
#6424=CARTESIAN_POINT('',(-0.00526157439436444,-0.0230868371983369,0.0187937143633863));
#6425=CARTESIAN_POINT('',(-0.0051153001661979,-0.0230868371983369,0.0190556377303742));
#6426=CARTESIAN_POINT('',(-0.00507747268362713,-0.0231910038650036,0.0186909005673057));
#6427=CARTESIAN_POINT('',(-0.00493119845546058,-0.0231910038650036,0.0189528239342936));
#6428=CARTESIAN_POINT('',(-0.00549904349637895,-0.0227775924066703,0.0189263318156205));
#6429=CARTESIAN_POINT('',(-0.00549904349637895,-0.0227775924066703,0.0189263318156205));
#6430=CARTESIAN_POINT('',(-0.00549904349637895,-0.0227775924066703,0.0189263318156205));
#6431=CARTESIAN_POINT('',(-0.0053536252497331,-0.0230347538650036,0.0188451212614265));
#6432=CARTESIAN_POINT('',(-0.00507747268362713,-0.0231910038650036,0.0186909005673057));
#6433=CARTESIAN_POINT('',(-0.00477014573065006,-0.0222238144404023,0.0185192701650299));
#6434=CARTESIAN_POINT('',(-0.0056444617430248,-0.0222220368511147,0.0190075423698146));
#6435=CARTESIAN_POINT('',(-0.00564437486676864,-0.0222220351218822,0.0190074938527332));
#6436=CARTESIAN_POINT('',(-0.00477014573064997,-0.0222238144404023,0.0185192701650301));
#6437=CARTESIAN_POINT('',(-0.00500042506294961,-0.0222134688238704,0.0186478724046172));
#6438=CARTESIAN_POINT('',(-0.00558401211654904,-0.0219019413650036,0.0189737835549468));
#6439=CARTESIAN_POINT('',(-0.00558401211654904,-0.0219019413650036,0.0189737835549468));
#6440=CARTESIAN_POINT('',(-0.0050004250629496,-0.0222134688238704,0.0186478724046172));
#6441=CARTESIAN_POINT('',(-0.00577188033699136,-0.0219019413650036,0.019078700803294));
#6442=CARTESIAN_POINT('',(-0.00577188033699136,-0.0219019413650036,0.019078700803294));
#6443=CARTESIAN_POINT('',(0.0100975509206245,-0.034,0.0102162276480956));
#6444=CARTESIAN_POINT('',(-0.00475524452747811,-0.0199002242343798,0.018510948410397));
#6445=CARTESIAN_POINT('',(-0.00600256009632859,-0.0199162642816702,0.019207526666136));
#6446=CARTESIAN_POINT('',(-0.00600256009632859,-0.0199162642816702,0.019207526666136));
#6447=CARTESIAN_POINT('',(-0.00475524452747808,-0.0199002242343798,0.0185109484103971));
#6448=CARTESIAN_POINT('',(-0.0058813798047318,-0.0192874226557742,0.0191398523733604));
#6449=CARTESIAN_POINT('',(-0.00588129927827863,-0.0192874665386147,0.0191398071160589));
#6450=CARTESIAN_POINT('',(-0.00585382612418918,-0.0205510299066703,0.0191244644054945));
#6451=CARTESIAN_POINT('',(-0.00570755189602263,-0.0205510299066703,0.0193863877724825));
#6452=CARTESIAN_POINT('',(-0.00595298210561545,-0.0203680148603739,0.0191798392459222));
#6453=CARTESIAN_POINT('',(-0.00580670787744891,-0.0203680148603739,0.0194417626129101));
#6454=CARTESIAN_POINT('',(-0.00600256009632859,-0.0201564263187073,0.019207526666136));
#6455=CARTESIAN_POINT('',(-0.00585628586816204,-0.0201564263187073,0.0194694500331239));
#6456=CARTESIAN_POINT('',(-0.00600256009632859,-0.0199162642816702,0.019207526666136));
#6457=CARTESIAN_POINT('',(-0.00585628586816204,-0.0199162642816702,0.0194694500331239));
#6458=CARTESIAN_POINT('',(-0.00585382612418918,-0.0205510299066703,0.0191244644054945));
#6459=CARTESIAN_POINT('',(-0.00585382612418918,-0.0205510299066703,0.0191244644054945));
#6460=CARTESIAN_POINT('',(-0.00585382612418918,-0.0205510299066703,0.0191244644054945));
#6461=CARTESIAN_POINT('',(-0.00600256009632859,-0.0202765073372258,0.019207526666136));
#6462=CARTESIAN_POINT('',(-0.00600256009632859,-0.0199162642816702,0.019207526666136));
#6463=CARTESIAN_POINT('',(-0.00493813992083178,-0.0198850158770575,0.018613088524147));
#6464=CARTESIAN_POINT('',(-0.00543225531143737,-0.0209926531705592,0.0188890331571797));
#6465=CARTESIAN_POINT('',(-0.00543208945172768,-0.0209922816432039,0.0188889408171899));
#6466=CARTESIAN_POINT('',(-0.00493813992083159,-0.0198850158770575,0.0186130885241474));
#6467=CARTESIAN_POINT('',(-0.00566861917162069,-0.0209926531705592,0.0190210333739315));
#6468=CARTESIAN_POINT('',(-0.00590498303180401,-0.0209926531705592,0.0191530335906833));
#6469=CARTESIAN_POINT('',(-0.00590498303180401,-0.0209926531705592,0.0191530335906833));
#6470=CARTESIAN_POINT('',(-0.00566861917162069,-0.0209926531705592,0.0190210333739315));
#6471=CARTESIAN_POINT('',(-0.00590498303180401,-0.0212286557747258,0.0191530335906833));
#6472=CARTESIAN_POINT('',(-0.00590498303180401,-0.0214646583788924,0.0191530335906833));
#6473=CARTESIAN_POINT('',(-0.00590498303180401,-0.0214646583788924,0.0191530335906833));
#6474=CARTESIAN_POINT('',(-0.00590498303180401,-0.0212286557747258,0.0191530335906833));
#6475=CARTESIAN_POINT('',(-0.00448632619563357,-0.0214646583788924,0.0183607677606798));
#6476=CARTESIAN_POINT('',(-0.00306766935946314,-0.0214646583788924,0.0175685019306763));
#6477=CARTESIAN_POINT('',(-0.00306766935946314,-0.0214646583788924,0.0175685019306763));
#6478=CARTESIAN_POINT('',(-0.00448632619563357,-0.0214646583788924,0.0183607677606798));
#6479=CARTESIAN_POINT('',(-0.00306766935946314,-0.0212286557747258,0.0175685019306763));
#6480=CARTESIAN_POINT('',(-0.00306766935946314,-0.0209926531705592,0.0175685019306763));
#6481=CARTESIAN_POINT('',(-0.00306766935946314,-0.0209926531705592,0.0175685019306763));
#6482=CARTESIAN_POINT('',(-0.00306766935946314,-0.0212286557747258,0.0175685019306763));
#6483=CARTESIAN_POINT('',(-0.00377723461508361,-0.0209926531705592,0.0179647671104243));
#6484=CARTESIAN_POINT('',(-0.00448679987070408,-0.0209926531705592,0.0183610322901723));
#6485=CARTESIAN_POINT('',(-0.00448679987070408,-0.0209926531705592,0.0183610322901723));
#6486=CARTESIAN_POINT('',(-0.00377723461508361,-0.0209926531705592,0.0179647671104243));
#6487=CARTESIAN_POINT('',(-0.00531715226930401,-0.0207425446636147,0.0188247524905049));
#6488=CARTESIAN_POINT('',(-0.00517087804113747,-0.0207425446636147,0.0190866758574928));
#6489=CARTESIAN_POINT('',(-0.00511094572194301,-0.0209092836682443,0.0187095939847748));
#6490=CARTESIAN_POINT('',(-0.00496467149377647,-0.0209092836682443,0.0189715173517628));
#6491=CARTESIAN_POINT('',(-0.00483416158907637,-0.0209926531705592,0.018555020584664));
#6492=CARTESIAN_POINT('',(-0.00468788736090982,-0.0209926531705592,0.0188169439516519));
#6493=CARTESIAN_POINT('',(-0.00448679987070408,-0.0209926531705592,0.0183610322901723));
#6494=CARTESIAN_POINT('',(-0.00434052564253753,-0.0209926531705592,0.0186229556571602));
#6495=CARTESIAN_POINT('',(-0.00531715226930401,-0.0207425446636147,0.0188247524905049));
#6496=CARTESIAN_POINT('',(-0.00531715226930401,-0.0207425446636147,0.0188247524905049));
#6497=CARTESIAN_POINT('',(-0.00531715226930401,-0.0207425446636147,0.0188247524905049));
#6498=CARTESIAN_POINT('',(-0.00500784244826251,-0.0209926531705592,0.0186520147319098));
#6499=CARTESIAN_POINT('',(-0.00448679987070408,-0.0209926531705592,0.0183610322901723));
#6500=CARTESIAN_POINT('',(-0.00562646209034551,-0.0199922191427814,0.0189974902491));
#6501=CARTESIAN_POINT('',(-0.00548018786217896,-0.0199922191427814,0.0192594136160879));
#6502=CARTESIAN_POINT('',(-0.00562646209034551,-0.0203256971520406,0.0189974902491));
#6503=CARTESIAN_POINT('',(-0.00548018786217896,-0.0203256971520406,0.0192594136160879));
#6504=CARTESIAN_POINT('',(-0.00552335881666501,-0.0205758056589851,0.018939910996235));
#6505=CARTESIAN_POINT('',(-0.00537708458849846,-0.0205758056589851,0.0192018343632229));
#6506=CARTESIAN_POINT('',(-0.00531715226930401,-0.0207425446636147,0.0188247524905049));
#6507=CARTESIAN_POINT('',(-0.00517087804113746,-0.0207425446636147,0.0190866758574928));
#6508=CARTESIAN_POINT('',(-0.00562646209034551,-0.0199922191427814,0.0189974902491));
#6509=CARTESIAN_POINT('',(-0.00562646209034551,-0.0199922191427814,0.0189974902491));
#6510=CARTESIAN_POINT('',(-0.00562646209034551,-0.0199922191427814,0.0189974902491));
#6511=CARTESIAN_POINT('',(-0.00562646209034551,-0.0204924361566703,0.0189974902491));
#6512=CARTESIAN_POINT('',(-0.00531715226930401,-0.0207425446636147,0.0188247524905049));
#6513=CARTESIAN_POINT('',(-0.00478332046484188,-0.0191306740038924,0.0185266277524702));
#6514=CARTESIAN_POINT('',(-0.00463704623667536,-0.0191306740038924,0.0187885511194581));
#6515=CARTESIAN_POINT('',(-0.0053454148818443,-0.0191306740038924,0.0188405360835567));
#6516=CARTESIAN_POINT('',(-0.00519914065367778,-0.0191306740038924,0.0191024594505446));
#6517=CARTESIAN_POINT('',(-0.00562646209034551,-0.0194178557168554,0.0189974902491));
#6518=CARTESIAN_POINT('',(-0.00548018786217899,-0.0194178557168554,0.0192594136160879));
#6519=CARTESIAN_POINT('',(-0.00562646209034551,-0.0199922191427814,0.0189974902491));
#6520=CARTESIAN_POINT('',(-0.00548018786217899,-0.0199922191427814,0.0192594136160879));
#6521=CARTESIAN_POINT('',(-0.00478332046484188,-0.0191306740038924,0.0185266277524702));
#6522=CARTESIAN_POINT('',(-0.00478332046484188,-0.0191306740038924,0.0185266277524702));
#6523=CARTESIAN_POINT('',(-0.00478332046484188,-0.0191306740038924,0.0185266277524702));
#6524=CARTESIAN_POINT('',(-0.00562646209034551,-0.0191306740038924,0.0189974902491));
#6525=CARTESIAN_POINT('',(-0.00562646209034551,-0.0199922191427814,0.0189974902491));
#6526=CARTESIAN_POINT('',(-0.0039254949121525,-0.0191306740038924,0.0180475648415732));
#6527=CARTESIAN_POINT('',(-0.00306766935946314,-0.0191306740038924,0.0175685019306763));
#6528=CARTESIAN_POINT('',(-0.00306766935946314,-0.0191306740038924,0.0175685019306763));
#6529=CARTESIAN_POINT('',(-0.0039254949121525,-0.0191306740038924,0.0180475648415732));
#6530=CARTESIAN_POINT('',(-0.00306766935946314,-0.0188946713997258,0.0175685019306763));
#6531=CARTESIAN_POINT('',(-0.00306766935946314,-0.0186586687955591,0.0175685019306763));
#6532=CARTESIAN_POINT('',(-0.00306766935946314,-0.0186586687955591,0.0175685019306763));
#6533=CARTESIAN_POINT('',(-0.00306766935946314,-0.0188946713997258,0.0175685019306763));
#6534=CARTESIAN_POINT('',(-0.00401644052568998,-0.0186586687955591,0.018098354504131));
#6535=CARTESIAN_POINT('',(-0.00496521169191682,-0.0186586687955591,0.0186282070775858));
#6536=CARTESIAN_POINT('',(-0.00496521169191682,-0.0186586687955591,0.0186282070775858));
#6537=CARTESIAN_POINT('',(-0.00401644052568998,-0.0186586687955591,0.018098354504131));
#6538=CARTESIAN_POINT('',(-0.00552320092497484,-0.0188290246983369,0.0189398228197375));
#6539=CARTESIAN_POINT('',(-0.00537692669680831,-0.0188290246983369,0.0192017461867254));
#6540=CARTESIAN_POINT('',(-0.00536530923480562,-0.0187154540964851,0.0188516463222413));
#6541=CARTESIAN_POINT('',(-0.0052190350066391,-0.0187154540964851,0.0191135696892292));
#6542=CARTESIAN_POINT('',(-0.00517931282378628,-0.0186586687955591,0.0187477744081907));
#6543=CARTESIAN_POINT('',(-0.00503303859561976,-0.0186586687955591,0.0190096977751786));
#6544=CARTESIAN_POINT('',(-0.00496521169191682,-0.0186586687955591,0.0186282070775858));
#6545=CARTESIAN_POINT('',(-0.00481893746375029,-0.0186586687955591,0.0188901304445738));
#6546=CARTESIAN_POINT('',(-0.00552320092497484,-0.0188290246983369,0.0189398228197375));
#6547=CARTESIAN_POINT('',(-0.00552320092497484,-0.0188290246983369,0.0189398228197375));
#6548=CARTESIAN_POINT('',(-0.00552320092497484,-0.0188290246983369,0.0189398228197375));
#6549=CARTESIAN_POINT('',(-0.00528636338972101,-0.0186586687955591,0.0188075580734932));
#6550=CARTESIAN_POINT('',(-0.00496521169191682,-0.0186586687955591,0.0186282070775858));
#6551=CARTESIAN_POINT('',(-0.00502262981904218,-0.0197547369748465,0.018660272915486));
#6552=CARTESIAN_POINT('',(-0.00502262981904229,-0.0197547369748465,0.0186602729154858));
#6553=CARTESIAN_POINT('',(0.0100975509206245,-0.034,0.0102162276480956));
#6554=CARTESIAN_POINT('',(0.00987844495102763,-0.063,0.0106822019442916));
#6555=CARTESIAN_POINT('',(0.00987844495102763,-0.063,0.0106822019442916));
#6556=CARTESIAN_POINT('',(0.00987844495102763,-0.063,0.0106822019442916));
#6557=CARTESIAN_POINT('',(0.00916823479584114,-0.0607101105898619,-0.0071326063004778));
#6558=CARTESIAN_POINT('',(-0.00103716228613444,-0.0607101105898619,0.00934810571441511));
#6559=CARTESIAN_POINT('',(0.000388268571288557,-0.0607101105898619,0.00855205685145161));
#6560=CARTESIAN_POINT('',(-0.0116964312937429,-0.0607101105898619,0.017477110664957));
#6561=CARTESIAN_POINT('',(0.00931742170373638,-0.034,0.00881930302416009));
#6562=CARTESIAN_POINT('',(0.00119937553833943,-0.00958701,0.0133529227264392));
#6563=CARTESIAN_POINT('',(0.0149220222348229,-0.00958701,0.00568934701338448));
#6564=CARTESIAN_POINT('',(0.013861735325439,-0.00923259246205817,0.00628147688361621));
#6565=CARTESIAN_POINT('',(0.00931742170373638,-0.034,0.00881930302416009));
#6566=CARTESIAN_POINT('',(0.013861735325439,-0.0564775181278037,0.00628147688361621));
#6567=CARTESIAN_POINT('',(0.0149220222348229,-0.0561231005898619,0.00568934701338447));
#6568=CARTESIAN_POINT('',(0.0240273288171265,-0.0561231005898619,0.000604379956560092));
#6569=CARTESIAN_POINT('',(0.00558645233367495,-0.0549330355269211,0.00782527817607041));
#6570=CARTESIAN_POINT('',(0.000388268571288555,-0.0607101105898619,0.00855205685145161));
#6571=CARTESIAN_POINT('',(0.00172578560080853,-0.0607101105898619,0.00860892892570786));
#6572=CARTESIAN_POINT('',(0.00367893553603558,-0.0604358681110398,0.00886063991863179));
#6573=CARTESIAN_POINT('',(0.00621602442580098,-0.0595556311360776,0.0088536581831584));
#6574=CARTESIAN_POINT('',(0.00863141313233152,-0.0585479912903193,0.00850972132392446));
#6575=CARTESIAN_POINT('',(0.0115648199474256,-0.0572959574078466,0.00747016930946506));
#6576=CARTESIAN_POINT('',(0.0138066726075364,-0.0564959237053306,0.00631222731514346));
#6577=CARTESIAN_POINT('',(0.0149220222348229,-0.0561231005898619,0.00568934701338448));
#6578=CARTESIAN_POINT('',(0.0135622682396861,-0.0134431166894739,0.00337108865847785));
#6579=CARTESIAN_POINT('',(0.0149220222348229,-0.00958701,0.00568934701338448));
#6580=CARTESIAN_POINT('',(0.0138087649330258,-0.00921488627715977,0.00631105883101947));
#6581=CARTESIAN_POINT('',(0.0115673940592884,-0.00841414509368543,0.00746358638806684));
#6582=CARTESIAN_POINT('',(0.0087095262229573,-0.00719556300812696,0.00849108423639314));
#6583=CARTESIAN_POINT('',(0.00624250551155673,-0.00616500768416672,0.00885276538623397));
#6584=CARTESIAN_POINT('',(0.00372716420979762,-0.00528643765898972,0.00886384669648919));
#6585=CARTESIAN_POINT('',(0.00173543753393978,-0.005,0.00860933933203961));
#6586=CARTESIAN_POINT('',(0.000388268571288562,-0.005,0.0085520568514516));
#6587=CARTESIAN_POINT('',(0.0137578276191387,-0.0561231005898619,0.0010856671469341));
#6588=CARTESIAN_POINT('',(0.00600066875320001,-0.00958701,0.00541774503264901));
#6589=MECHANICAL_DESIGN_GEOMETRIC_PRESENTATION_REPRESENTATION('',(#3672),
#6590);
#6590=(
GEOMETRIC_REPRESENTATION_CONTEXT(3)
GLOBAL_UNCERTAINTY_ASSIGNED_CONTEXT((#6591))
GLOBAL_UNIT_ASSIGNED_CONTEXT((#6594,#6593,#6592))
REPRESENTATION_CONTEXT('Part 1','TOP_LEVEL_ASSEMBLY_PART')
);
#6591=UNCERTAINTY_MEASURE_WITH_UNIT(LENGTH_MEASURE(2.E-5),#6594,
'DISTANCE_ACCURACY_VALUE','Maximum Tolerance applied to model');
#6592=(
NAMED_UNIT(*)
SI_UNIT($,.STERADIAN.)
SOLID_ANGLE_UNIT()
);
#6593=(
NAMED_UNIT(*)
PLANE_ANGLE_UNIT()
SI_UNIT($,.RADIAN.)
);
#6594=(
LENGTH_UNIT()
NAMED_UNIT(*)
SI_UNIT($,.METRE.)
);
#6595=PRODUCT_DEFINITION_SHAPE('','',#6596);
#6596=PRODUCT_DEFINITION('','',#6598,#6597);
#6597=PRODUCT_DEFINITION_CONTEXT('',#6604,'design');
#6598=PRODUCT_DEFINITION_FORMATION_WITH_SPECIFIED_SOURCE('','',#6600,
 .NOT_KNOWN.);
#6599=PRODUCT_RELATED_PRODUCT_CATEGORY('','',(#6600));
#6600=PRODUCT('Part 1','Part 1','Part 1',(#6602));
#6601=PRODUCT_CATEGORY('','');
#6602=PRODUCT_CONTEXT('',#6604,'mechanical');
#6603=APPLICATION_PROTOCOL_DEFINITION('international standard',
'ap242_managed_model_based_3d_engineering',2020,#6604);
#6604=APPLICATION_CONTEXT('managed model based 3d engineering');
ENDSEC;
END-ISO-10303-21;
